Result Time,Granularity Period,Object Name,Reliability,BSS Trunk Overflow Times,Call Attempts,Common Resource Application Failures,SCR_2G_3G_DENOM,SCR_2G_3G_KPI,SCR_2G_3G_NOM,Temporary Error,Termination Application Failures
2024-06-04 00:00+03:00,60,"AHMSC3/Local Zone of caller:LABEL=0, STATICAREAX=0",Reliable,0,151847,0,235362,99.348,233827,414,858
2024-06-04 00:00+03:00,60,"BUMSC1/Local Zone of caller:LABEL=0, STATICAREAX=0",Reliable,0,153647,0,237598,99.729,236954,381,14
2024-06-04 00:00+03:00,60,"BUMSC2/Local Zone of caller:LABEL=0, STATICAREAX=0",Reliable,0,152213,0,225174,99.756,224625,336,13
2024-06-04 00:00+03:00,60,"AHMSC4/Local Zone of caller:LABEL=0, STATICAREAX=0",Reliable,0,153846,0,237918,99.765,237359,319,13
2024-06-04 01:00+03:00,60,"AHMSC3/Local Zone of caller:LABEL=0, STATICAREAX=0",Reliable,0,65967,0,102653,98.925,101549,146,855
2024-06-04 01:00+03:00,60,"BUMSC1/Local Zone of caller:LABEL=0, STATICAREAX=0",Reliable,0,66251,0,102775,99.765,102533,150,5
2024-06-04 01:00+03:00,60,"BUMSC2/Local Zone of caller:LABEL=0, STATICAREAX=0",Reliable,0,62878,0,88079,99.74,87850,146,20
2024-06-04 01:00+03:00,60,"AHMSC4/Local Zone of caller:LABEL=0, STATICAREAX=0",Reliable,0,65530,0,101619,99.765,101380,136,8
2024-06-04 02:00+03:00,60,"AHMSC3/Local Zone of caller:LABEL=0, STATICAREAX=0",Reliable,0,39943,0,59784,98.32600000000001,58783,86,876
2024-06-04 02:00+03:00,60,"BUMSC1/Local Zone of caller:LABEL=0, STATICAREAX=0",Reliable,0,39512,0,59224,99.79700000000001,59104,74,0
2024-06-04 02:00+03:00,60,"BUMSC2/Local Zone of caller:LABEL=0, STATICAREAX=0",Reliable,0,38319,0,52465,99.806,52363,62,2
2024-06-04 02:00+03:00,60,"AHMSC4/Local Zone of caller:LABEL=0, STATICAREAX=0",Reliable,0,38916,0,59224,99.667,59027,137,1
2024-06-04 03:00+03:00,60,"AHMSC3/Local Zone of caller:LABEL=0, STATICAREAX=0",Reliable,0,35601,0,51307,97.948,50254,72,953
2024-06-04 03:00+03:00,60,"BUMSC1/Local Zone of caller:LABEL=0, STATICAREAX=0",Reliable,0,34482,0,50018,99.79799999999999,49917,62,3
2024-06-04 03:00+03:00,60,"BUMSC2/Local Zone of caller:LABEL=0, STATICAREAX=0",Reliable,0,33960,0,45505,99.831,45428,46,5
2024-06-04 03:00+03:00,60,"AHMSC4/Local Zone of caller:LABEL=0, STATICAREAX=0",Reliable,0,34357,0,50554,99.771,50438,71,4
2024-06-04 04:00+03:00,60,"AHMSC3/Local Zone of caller:LABEL=0, STATICAREAX=0",Reliable,0,37727,0,55269,98.30799999999999,54334,55,848
2024-06-04 04:00+03:00,60,"BUMSC1/Local Zone of caller:LABEL=0, STATICAREAX=0",Reliable,0,38535,0,56395,99.821,56294,70,3
2024-06-04 04:00+03:00,60,"BUMSC2/Local Zone of caller:LABEL=0, STATICAREAX=0",Reliable,0,36998,0,49849,99.86,49779,47,3
2024-06-04 04:00+03:00,60,"AHMSC4/Local Zone of caller:LABEL=0, STATICAREAX=0",Reliable,0,37479,0,55241,99.833,55149,56,1
2024-06-04 05:00+03:00,60,"AHMSC3/Local Zone of caller:LABEL=0, STATICAREAX=0",Reliable,0,93420,0,135407,97.2,131616,1959,849
2024-06-04 05:00+03:00,60,"BUMSC1/Local Zone of caller:LABEL=0, STATICAREAX=0",Reliable,0,92940,0,135897,97.646,132698,1848,4
2024-06-04 05:00+03:00,60,"BUMSC2/Local Zone of caller:LABEL=0, STATICAREAX=0",Reliable,0,93326,0,131392,98.04700000000001,128826,1518,3
2024-06-04 05:00+03:00,60,"AHMSC4/Local Zone of caller:LABEL=0, STATICAREAX=0",Reliable,0,92061,0,135122,97.726,132050,1916,10
2024-06-04 06:00+03:00,60,"AHMSC3/Local Zone of caller:LABEL=0, STATICAREAX=0",Reliable,0,398134,0,560637,98.509,552277,4757,917
2024-06-04 06:00+03:00,60,"BUMSC1/Local Zone of caller:LABEL=0, STATICAREAX=0",Reliable,0,399613,0,564317,98.68299999999999,556885,4387,32
2024-06-04 06:00+03:00,60,"BUMSC2/Local Zone of caller:LABEL=0, STATICAREAX=0",Reliable,0,403212,0,559728,98.698,552440,4308,21
2024-06-04 06:00+03:00,60,"AHMSC4/Local Zone of caller:LABEL=0, STATICAREAX=0",Reliable,0,393268,0,557394,98.829,550869,3980,42
2024-06-04 07:00+03:00,60,"AHMSC3/Local Zone of caller:LABEL=0, STATICAREAX=0",Reliable,0,794774,0,1176123,99.14200000000001,1166029,5357,888
2024-06-04 07:00+03:00,60,"BUMSC1/Local Zone of caller:LABEL=0, STATICAREAX=0",Reliable,0,801472,0,1184102,99.21700000000001,1174826,5660,65
2024-06-04 07:00+03:00,60,"BUMSC2/Local Zone of caller:LABEL=0, STATICAREAX=0",Reliable,0,812032,0,1185388,99.167,1175508,5779,93
2024-06-04 07:00+03:00,60,"AHMSC4/Local Zone of caller:LABEL=0, STATICAREAX=0",Reliable,0,789871,0,1170774,99.185,1161232,5427,89
2024-06-04 08:00+03:00,60,"AHMSC3/Local Zone of caller:LABEL=0, STATICAREAX=0",Reliable,0,946761,0,1474038,99.351,1464478,4795,914
2024-06-04 08:00+03:00,60,"BUMSC1/Local Zone of caller:LABEL=0, STATICAREAX=0",Reliable,0,951543,0,1482562,99.397,1473626,4985,118
2024-06-04 08:00+03:00,60,"BUMSC2/Local Zone of caller:LABEL=0, STATICAREAX=0",Reliable,0,957779,0,1480453,99.412,1471741,5037,80
2024-06-04 08:00+03:00,60,"AHMSC4/Local Zone of caller:LABEL=0, STATICAREAX=0",Reliable,0,942290,0,1470116,99.398,1461261,5035,94
2024-06-04 09:00+03:00,60,"AHMSC3/Local Zone of caller:LABEL=0, STATICAREAX=0",Reliable,0,1014404,0,1632575,99.471,1623941,4392,785
2024-06-04 09:00+03:00,60,"BUMSC1/Local Zone of caller:LABEL=0, STATICAREAX=0",Reliable,0,1013295,0,1630930,99.53,1623269,4165,116
2024-06-04 09:00+03:00,60,"BUMSC2/Local Zone of caller:LABEL=0, STATICAREAX=0",Reliable,0,1022609,0,1631490,99.49799999999999,1623302,4613,109
2024-06-04 09:00+03:00,60,"AHMSC4/Local Zone of caller:LABEL=0, STATICAREAX=0",Reliable,0,1009953,0,1627824,99.51,1619849,4502,116
2024-06-04 10:00+03:00,60,"AHMSC3/Local Zone of caller:LABEL=0, STATICAREAX=0",Reliable,0,1065417,0,1725209,99.508,1716717,4334,644
2024-06-04 10:00+03:00,60,"BUMSC1/Local Zone of caller:LABEL=0, STATICAREAX=0",Reliable,0,1060240,0,1718604,99.53399999999999,1710602,4370,131
2024-06-04 10:00+03:00,60,"BUMSC2/Local Zone of caller:LABEL=0, STATICAREAX=0",Reliable,0,1071935,0,1726859,99.546,1719026,4284,141
2024-06-04 10:00+03:00,60,"AHMSC4/Local Zone of caller:LABEL=0, STATICAREAX=0",Reliable,0,1061647,0,1718635,99.53399999999999,1710624,4351,100
2024-06-04 11:00+03:00,60,"AHMSC3/Local Zone of caller:LABEL=0, STATICAREAX=0",Reliable,0,1065825,0,1708371,99.588,1701325,3759,582
2024-06-04 11:00+03:00,60,"BUMSC1/Local Zone of caller:LABEL=0, STATICAREAX=0",Reliable,0,1064517,0,1709984,99.618,1703446,3551,127
2024-06-04 11:00+03:00,60,"BUMSC2/Local Zone of caller:LABEL=0, STATICAREAX=0",Reliable,0,1073580,0,1714051,99.616,1707467,3739,100
2024-06-04 11:00+03:00,60,"AHMSC4/Local Zone of caller:LABEL=0, STATICAREAX=0",Reliable,0,1066488,0,1711372,99.59200000000001,1704392,3949,138
2024-06-04 12:00+03:00,60,"AHMSC3/Local Zone of caller:LABEL=0, STATICAREAX=0",Reliable,0,1064171,0,1696549,99.619,1690078,3591,433
2024-06-04 12:00+03:00,60,"BUMSC1/Local Zone of caller:LABEL=0, STATICAREAX=0",Reliable,0,1056826,0,1692181,99.64,1686086,3429,128
2024-06-04 12:00+03:00,60,"BUMSC2/Local Zone of caller:LABEL=0, STATICAREAX=0",Reliable,0,1075439,0,1709931,99.635,1703696,3509,130
2024-06-04 12:00+03:00,60,"AHMSC4/Local Zone of caller:LABEL=0, STATICAREAX=0",Reliable,0,1060334,0,1694973,99.661,1689224,3166,104
2024-06-04 13:00+03:00,60,"AHMSC3/Local Zone of caller:LABEL=0, STATICAREAX=0",Reliable,0,1080690,0,1712422,99.62700000000001,1706036,3191,948
2024-06-04 13:00+03:00,60,"BUMSC1/Local Zone of caller:LABEL=0, STATICAREAX=0",Reliable,0,1074383,0,1708854,99.656,1702973,3330,129
2024-06-04 13:00+03:00,60,"BUMSC2/Local Zone of caller:LABEL=0, STATICAREAX=0",Reliable,0,1088896,0,1723530,99.654,1717563,3404,129
2024-06-04 13:00+03:00,60,"AHMSC4/Local Zone of caller:LABEL=0, STATICAREAX=0",Reliable,0,1074894,0,1711861,99.661,1706054,3376,114
2024-06-04 14:00+03:00,60,"AHMSC3/Local Zone of caller:LABEL=0, STATICAREAX=0",Reliable,0,1068221,0,1686740,99.652,1680862,3107,685
2024-06-04 14:00+03:00,60,"BUMSC1/Local Zone of caller:LABEL=0, STATICAREAX=0",Reliable,0,1058915,0,1678296,99.66799999999999,1672732,3108,99
2024-06-04 14:00+03:00,60,"BUMSC2/Local Zone of caller:LABEL=0, STATICAREAX=0",Reliable,0,1073431,0,1689500,99.677,1684035,3137,96
2024-06-04 14:00+03:00,60,"AHMSC4/Local Zone of caller:LABEL=0, STATICAREAX=0",Reliable,0,1069939,0,1690094,99.675,1684596,3255,89
2024-06-04 15:00+03:00,60,"AHMSC3/Local Zone of caller:LABEL=0, STATICAREAX=0",Reliable,0,1067239,0,1670640,99.662,1664988,3083,522
2024-06-04 15:00+03:00,60,"BUMSC1/Local Zone of caller:LABEL=0, STATICAREAX=0",Reliable,0,1059588,0,1662208,99.69,1657057,3010,128
2024-06-04 15:00+03:00,60,"BUMSC2/Local Zone of caller:LABEL=0, STATICAREAX=0",Reliable,0,1078459,0,1680046,99.681,1674688,3276,112
2024-06-04 15:00+03:00,60,"AHMSC4/Local Zone of caller:LABEL=0, STATICAREAX=0",Reliable,0,1063888,0,1668363,99.696,1663291,3038,107
2024-06-04 16:00+03:00,60,"AHMSC3/Local Zone of caller:LABEL=0, STATICAREAX=0",Reliable,0,1108889,0,1724411,99.676,1718821,3118,402
2024-06-04 16:00+03:00,60,"BUMSC1/Local Zone of caller:LABEL=0, STATICAREAX=0",Reliable,0,1100006,0,1716252,99.689,1710906,3113,97
2024-06-04 16:00+03:00,60,"BUMSC2/Local Zone of caller:LABEL=0, STATICAREAX=0",Reliable,0,1112785,0,1726823,99.68700000000001,1721412,3263,106
2024-06-04 16:00+03:00,60,"AHMSC4/Local Zone of caller:LABEL=0, STATICAREAX=0",Reliable,0,1109277,0,1725288,99.697,1720066,3074,131
2024-06-04 17:00+03:00,60,"AHMSC3/Local Zone of caller:LABEL=0, STATICAREAX=0",Reliable,0,1199657,0,1849749,99.676,1843759,3455,316
2024-06-04 17:00+03:00,60,"BUMSC1/Local Zone of caller:LABEL=0, STATICAREAX=0",Reliable,0,1195026,0,1842983,99.684,1837159,3460,111
2024-06-04 17:00+03:00,60,"BUMSC2/Local Zone of caller:LABEL=0, STATICAREAX=0",Reliable,0,1207888,0,1858526,99.68,1852580,3534,105
2024-06-04 17:00+03:00,60,"AHMSC4/Local Zone of caller:LABEL=0, STATICAREAX=0",Reliable,0,1198650,0,1845242,99.68,1839336,3621,129
2024-06-04 18:00+03:00,60,"AHMSC3/Local Zone of caller:LABEL=0, STATICAREAX=0",Reliable,0,1351753,0,2041452,99.611,2033503,4433,724
2024-06-04 18:00+03:00,60,"BUMSC1/Local Zone of caller:LABEL=0, STATICAREAX=0",Reliable,0,1338562,0,2027831,99.647,2020670,4258,120
2024-06-04 18:00+03:00,60,"BUMSC2/Local Zone of caller:LABEL=0, STATICAREAX=0",Reliable,0,1354646,0,2049401,99.65899999999999,2042417,4164,142
2024-06-04 18:00+03:00,60,"AHMSC4/Local Zone of caller:LABEL=0, STATICAREAX=0",Reliable,0,1347178,0,2037670,99.654,2030615,4249,141
2024-06-04 19:00+03:00,60,"AHMSC3/Local Zone of caller:LABEL=0, STATICAREAX=0",Reliable,0,1695333,0,2465007,99.583,2454719,6090,834
2024-06-04 19:00+03:00,60,"BUMSC1/Local Zone of caller:LABEL=0, STATICAREAX=0",Reliable,0,1683563,0,2455422,99.632,2446383,5939,199
2024-06-04 19:00+03:00,60,"BUMSC2/Local Zone of caller:LABEL=0, STATICAREAX=0",Reliable,0,1709854,0,2484633,99.63600000000001,2475588,5798,211
2024-06-04 19:00+03:00,60,"AHMSC4/Local Zone of caller:LABEL=0, STATICAREAX=0",Reliable,0,1697788,0,2473652,99.613,2464088,6266,210
2024-06-04 20:00+03:00,60,"AHMSC3/Local Zone of caller:LABEL=0, STATICAREAX=0",Reliable,0,1637320,0,2331914,99.581,2322139,5829,854
2024-06-04 20:00+03:00,60,"BUMSC1/Local Zone of caller:LABEL=0, STATICAREAX=0",Reliable,0,1625723,0,2319634,99.62200000000001,2310868,5901,210
2024-06-04 20:00+03:00,60,"BUMSC2/Local Zone of caller:LABEL=0, STATICAREAX=0",Reliable,0,1639260,0,2335843,99.62899999999999,2327185,5779,207
2024-06-04 20:00+03:00,60,"AHMSC4/Local Zone of caller:LABEL=0, STATICAREAX=0",Reliable,0,1625365,0,2323745,99.625,2315041,5796,207
2024-06-04 21:00+03:00,60,"AHMSC3/Local Zone of caller:LABEL=0, STATICAREAX=0",Reliable,0,1345810,0,1923666,99.575,1915500,4784,811
2024-06-04 21:00+03:00,60,"BUMSC1/Local Zone of caller:LABEL=0, STATICAREAX=0",Reliable,0,1333441,0,1913349,99.60700000000001,1905825,4895,172
2024-06-04 21:00+03:00,60,"BUMSC2/Local Zone of caller:LABEL=0, STATICAREAX=0",Reliable,0,1351633,0,1932544,99.62100000000001,1925220,4714,214
2024-06-04 21:00+03:00,60,"AHMSC4/Local Zone of caller:LABEL=0, STATICAREAX=0",Reliable,0,1344097,0,1925834,99.625,1918621,4607,184
2024-06-04 22:00+03:00,60,"AHMSC3/Local Zone of caller:LABEL=0, STATICAREAX=0",Reliable,0,889426,0,1296266,99.59200000000001,1290977,2907,703
2024-06-04 22:00+03:00,60,"BUMSC1/Local Zone of caller:LABEL=0, STATICAREAX=0",Reliable,0,887234,0,1295630,99.64299999999999,1290999,2857,150
2024-06-04 22:00+03:00,60,"BUMSC2/Local Zone of caller:LABEL=0, STATICAREAX=0",Reliable,0,897793,0,1305572,99.63799999999999,1300843,3005,153
2024-06-04 22:00+03:00,60,"AHMSC4/Local Zone of caller:LABEL=0, STATICAREAX=0",Reliable,0,891153,0,1299467,99.633,1294692,2989,125
2024-06-04 23:00+03:00,60,"AHMSC3/Local Zone of caller:LABEL=0, STATICAREAX=0",Reliable,0,371849,0,560659,99.54,558078,1128,815
2024-06-04 23:00+03:00,60,"BUMSC1/Local Zone of caller:LABEL=0, STATICAREAX=0",Reliable,0,367974,0,557199,99.684,555436,1087,49
2024-06-04 23:00+03:00,60,"BUMSC2/Local Zone of caller:LABEL=0, STATICAREAX=0",Reliable,0,371523,0,560200,99.679,558403,1068,44
2024-06-04 23:00+03:00,60,"AHMSC4/Local Zone of caller:LABEL=0, STATICAREAX=0",Reliable,0,373462,0,561925,99.68799999999999,560174,1075,44
2024-06-04 01:00+03:00,60,"RWMSC6/Local Zone of caller:LABEL=0, STATICAREAX=0",Reliable,0,0,0,0,,0,0,0
2024-06-04 02:00+03:00,60,"RWMSC6/Local Zone of caller:LABEL=0, STATICAREAX=0",Reliable,0,0,0,0,,0,0,0
2024-06-04 03:00+03:00,60,"RWMSC6/Local Zone of caller:LABEL=0, STATICAREAX=0",Reliable,0,0,0,0,,0,0,0
2024-06-04 04:00+03:00,60,"BUMSC5/Local Zone of caller:LABEL=0, STATICAREAX=0",Reliable,0,6,0,97,100.0,97,0,0
2024-06-04 04:00+03:00,60,"RWMSC6/Local Zone of caller:LABEL=0, STATICAREAX=0",Reliable,0,0,0,0,,0,0,0
2024-06-04 05:00+03:00,60,"RWMSC6/Local Zone of caller:LABEL=0, STATICAREAX=0",Reliable,0,0,0,0,,0,0,0
2024-06-04 06:00+03:00,60,"BUMSC5/Local Zone of caller:LABEL=0, STATICAREAX=0",Reliable,0,0,0,0,,0,0,0
2024-06-04 06:00+03:00,60,"RWMSC6/Local Zone of caller:LABEL=0, STATICAREAX=0",Reliable,0,0,0,0,,0,0,0
2024-06-04 07:00+03:00,60,"BUMSC5/Local Zone of caller:LABEL=0, STATICAREAX=0",Reliable,0,0,0,0,,0,0,0
2024-06-04 07:00+03:00,60,"RWMSC6/Local Zone of caller:LABEL=0, STATICAREAX=0",Reliable,0,0,0,0,,0,0,0
2024-06-04 08:00+03:00,60,"BUMSC5/Local Zone of caller:LABEL=0, STATICAREAX=0",Reliable,0,0,0,0,,0,0,0
2024-06-04 08:00+03:00,60,"RWMSC6/Local Zone of caller:LABEL=0, STATICAREAX=0",Reliable,0,0,0,0,,0,0,0
2024-06-04 09:00+03:00,60,"BUMSC5/Local Zone of caller:LABEL=0, STATICAREAX=0",Reliable,0,0,0,0,,0,0,0
2024-06-04 09:00+03:00,60,"RWMSC6/Local Zone of caller:LABEL=0, STATICAREAX=0",Reliable,0,0,0,0,,0,0,0
2024-06-04 10:00+03:00,60,"BUMSC5/Local Zone of caller:LABEL=0, STATICAREAX=0",Reliable,0,0,0,0,,0,0,0
2024-06-04 10:00+03:00,60,"RWMSC6/Local Zone of caller:LABEL=0, STATICAREAX=0",Reliable,0,0,0,0,,0,0,0
2024-06-04 11:00+03:00,60,"BUMSC5/Local Zone of caller:LABEL=0, STATICAREAX=0",Reliable,0,0,0,0,,0,0,0
2024-06-04 11:00+03:00,60,"RWMSC6/Local Zone of caller:LABEL=0, STATICAREAX=0",Reliable,0,0,0,0,,0,0,0
2024-06-04 12:00+03:00,60,"BUMSC5/Local Zone of caller:LABEL=0, STATICAREAX=0",Reliable,0,0,0,0,,0,0,0
2024-06-04 12:00+03:00,60,"RWMSC6/Local Zone of caller:LABEL=0, STATICAREAX=0",Reliable,0,0,0,0,,0,0,0
2024-06-04 13:00+03:00,60,"BUMSC5/Local Zone of caller:LABEL=0, STATICAREAX=0",Reliable,0,0,0,0,,0,0,0
2024-06-04 13:00+03:00,60,"RWMSC6/Local Zone of caller:LABEL=0, STATICAREAX=0",Reliable,0,0,0,0,,0,0,0
2024-06-04 14:00+03:00,60,"BUMSC5/Local Zone of caller:LABEL=0, STATICAREAX=0",Reliable,0,0,0,0,,0,0,0
2024-06-04 14:00+03:00,60,"RWMSC6/Local Zone of caller:LABEL=0, STATICAREAX=0",Reliable,0,0,0,0,,0,0,0
2024-06-04 15:00+03:00,60,"BUMSC5/Local Zone of caller:LABEL=0, STATICAREAX=0",Reliable,0,0,0,0,,0,0,0
2024-06-04 15:00+03:00,60,"RWMSC6/Local Zone of caller:LABEL=0, STATICAREAX=0",Reliable,0,0,0,0,,0,0,0
2024-06-04 16:00+03:00,60,"BUMSC5/Local Zone of caller:LABEL=0, STATICAREAX=0",Reliable,0,0,0,0,,0,0,0
2024-06-04 16:00+03:00,60,"RWMSC6/Local Zone of caller:LABEL=0, STATICAREAX=0",Reliable,0,0,0,0,,0,0,0
2024-06-04 17:00+03:00,60,"BUMSC5/Local Zone of caller:LABEL=0, STATICAREAX=0",Reliable,0,0,0,0,,0,0,0
2024-06-04 17:00+03:00,60,"RWMSC6/Local Zone of caller:LABEL=0, STATICAREAX=0",Reliable,0,0,0,0,,0,0,0
2024-06-04 18:00+03:00,60,"BUMSC5/Local Zone of caller:LABEL=0, STATICAREAX=0",Reliable,0,0,0,0,,0,0,0
2024-06-04 18:00+03:00,60,"RWMSC6/Local Zone of caller:LABEL=0, STATICAREAX=0",Reliable,0,0,0,0,,0,0,0
2024-06-04 19:00+03:00,60,"BUMSC5/Local Zone of caller:LABEL=0, STATICAREAX=0",Reliable,0,0,0,0,,0,0,0
2024-06-04 19:00+03:00,60,"RWMSC6/Local Zone of caller:LABEL=0, STATICAREAX=0",Reliable,0,0,0,0,,0,0,0
2024-06-04 20:00+03:00,60,"BUMSC5/Local Zone of caller:LABEL=0, STATICAREAX=0",Reliable,0,0,0,0,,0,0,0
2024-06-04 20:00+03:00,60,"RWMSC6/Local Zone of caller:LABEL=0, STATICAREAX=0",Reliable,0,0,0,0,,0,0,0
2024-06-04 21:00+03:00,60,"BUMSC5/Local Zone of caller:LABEL=0, STATICAREAX=0",Reliable,0,0,0,0,,0,0,0
2024-06-04 21:00+03:00,60,"RWMSC6/Local Zone of caller:LABEL=0, STATICAREAX=0",Reliable,0,0,0,0,,0,0,0
2024-06-04 22:00+03:00,60,"BUMSC5/Local Zone of caller:LABEL=0, STATICAREAX=0",Reliable,0,0,0,0,,0,0,0
2024-06-04 22:00+03:00,60,"RWMSC6/Local Zone of caller:LABEL=0, STATICAREAX=0",Reliable,0,0,0,0,,0,0,0
2024-06-04 23:00+03:00,60,"BUMSC5/Local Zone of caller:LABEL=0, STATICAREAX=0",Reliable,0,0,0,0,,0,0,0
2024-06-04 23:00+03:00,60,"RWMSC6/Local Zone of caller:LABEL=0, STATICAREAX=0",Reliable,0,0,0,0,,0,0,0
