Result Time,Granularity Period,Object Name,Reliability,Peak Licensed Traffic
2024-06-04 00:00+03:00,60,AHMGW2/MGWFunction:AHMGW2,Reliable,12559
2024-06-04 00:00+03:00,60,AHMGW3/MGWFunction:AHMGW3,Reliable,10072
2024-06-04 00:00+03:00,60,BUMGW9/MGWFunction:BUMGW9,Reliable,10630
2024-06-04 00:00+03:00,60,MBMGW6/MGWFunction:MBMGW6,Reliable,6339
2024-06-04 00:00+03:00,60,RWMGW10/MGWFunction:RWMGW10,Reliable,3281
2024-06-04 00:00+03:00,60,RWMGW4/MGWFunction:RWMGW4,Reliable,2320
2024-06-04 00:00+03:00,60,AHMGW11/MGWFunction:AHMGW11,Reliable,12145
2024-06-04 01:00+03:00,60,AHMGW2/MGWFunction:AHMGW2,Reliable,4349
2024-06-04 01:00+03:00,60,AHMGW3/MGWFunction:AHMGW3,Reliable,3566
2024-06-04 01:00+03:00,60,BUMGW9/MGWFunction:BUMGW9,Reliable,3666
2024-06-04 01:00+03:00,60,MBMGW6/MGWFunction:MBMGW6,Reliable,1837
2024-06-04 01:00+03:00,60,RWMGW10/MGWFunction:RWMGW10,Reliable,1076
2024-06-04 01:00+03:00,60,RWMGW4/MGWFunction:RWMGW4,Reliable,841
2024-06-04 01:00+03:00,60,AHMGW11/MGWFunction:AHMGW11,Reliable,4343
2024-06-04 02:00+03:00,60,AHMGW2/MGWFunction:AHMGW2,Reliable,1688
2024-06-04 02:00+03:00,60,AHMGW3/MGWFunction:AHMGW3,Reliable,1402
2024-06-04 02:00+03:00,60,BUMGW9/MGWFunction:BUMGW9,Reliable,1358
2024-06-04 02:00+03:00,60,MBMGW6/MGWFunction:MBMGW6,Reliable,747
2024-06-04 02:00+03:00,60,RWMGW10/MGWFunction:RWMGW10,Reliable,491
2024-06-04 02:00+03:00,60,RWMGW4/MGWFunction:RWMGW4,Reliable,343
2024-06-04 02:00+03:00,60,AHMGW11/MGWFunction:AHMGW11,Reliable,1672
2024-06-04 03:00+03:00,60,AHMGW2/MGWFunction:AHMGW2,Reliable,932
2024-06-04 03:00+03:00,60,AHMGW3/MGWFunction:AHMGW3,Reliable,755
2024-06-04 03:00+03:00,60,BUMGW9/MGWFunction:BUMGW9,Reliable,770
2024-06-04 03:00+03:00,60,MBMGW6/MGWFunction:MBMGW6,Reliable,477
2024-06-04 03:00+03:00,60,RWMGW10/MGWFunction:RWMGW10,Reliable,304
2024-06-04 03:00+03:00,60,RWMGW4/MGWFunction:RWMGW4,Reliable,229
2024-06-04 03:00+03:00,60,AHMGW11/MGWFunction:AHMGW11,Reliable,837
2024-06-04 04:00+03:00,60,AHMGW2/MGWFunction:AHMGW2,Reliable,939
2024-06-04 04:00+03:00,60,AHMGW3/MGWFunction:AHMGW3,Reliable,717
2024-06-04 04:00+03:00,60,BUMGW9/MGWFunction:BUMGW9,Reliable,752
2024-06-04 04:00+03:00,60,MBMGW6/MGWFunction:MBMGW6,Reliable,718
2024-06-04 04:00+03:00,60,RWMGW10/MGWFunction:RWMGW10,Reliable,258
2024-06-04 04:00+03:00,60,RWMGW4/MGWFunction:RWMGW4,Reliable,218
2024-06-04 04:00+03:00,60,AHMGW11/MGWFunction:AHMGW11,Reliable,880
2024-06-04 05:00+03:00,60,AHMGW2/MGWFunction:AHMGW2,Reliable,2774
2024-06-04 05:00+03:00,60,AHMGW3/MGWFunction:AHMGW3,Reliable,2215
2024-06-04 05:00+03:00,60,BUMGW9/MGWFunction:BUMGW9,Reliable,2418
2024-06-04 05:00+03:00,60,MBMGW6/MGWFunction:MBMGW6,Reliable,2617
2024-06-04 05:00+03:00,60,RWMGW10/MGWFunction:RWMGW10,Reliable,780
2024-06-04 05:00+03:00,60,RWMGW4/MGWFunction:RWMGW4,Reliable,655
2024-06-04 05:00+03:00,60,AHMGW11/MGWFunction:AHMGW11,Reliable,2405
2024-06-04 06:00+03:00,60,AHMGW2/MGWFunction:AHMGW2,Reliable,12121
2024-06-04 06:00+03:00,60,AHMGW3/MGWFunction:AHMGW3,Reliable,9982
2024-06-04 06:00+03:00,60,BUMGW9/MGWFunction:BUMGW9,Reliable,10061
2024-06-04 06:00+03:00,60,MBMGW6/MGWFunction:MBMGW6,Reliable,10411
2024-06-04 06:00+03:00,60,RWMGW10/MGWFunction:RWMGW10,Reliable,4194
2024-06-04 06:00+03:00,60,RWMGW4/MGWFunction:RWMGW4,Reliable,3347
2024-06-04 06:00+03:00,60,AHMGW11/MGWFunction:AHMGW11,Reliable,10641
2024-06-04 07:00+03:00,60,AHMGW2/MGWFunction:AHMGW2,Reliable,21538
2024-06-04 07:00+03:00,60,AHMGW3/MGWFunction:AHMGW3,Reliable,18180
2024-06-04 07:00+03:00,60,BUMGW9/MGWFunction:BUMGW9,Reliable,19704
2024-06-04 07:00+03:00,60,MBMGW6/MGWFunction:MBMGW6,Reliable,14118
2024-06-04 07:00+03:00,60,RWMGW10/MGWFunction:RWMGW10,Reliable,7008
2024-06-04 07:00+03:00,60,RWMGW4/MGWFunction:RWMGW4,Reliable,5405
2024-06-04 07:00+03:00,60,AHMGW11/MGWFunction:AHMGW11,Reliable,19814
2024-06-04 08:00+03:00,60,AHMGW2/MGWFunction:AHMGW2,Reliable,26481
2024-06-04 08:00+03:00,60,AHMGW3/MGWFunction:AHMGW3,Reliable,22562
2024-06-04 08:00+03:00,60,BUMGW9/MGWFunction:BUMGW9,Reliable,25762
2024-06-04 08:00+03:00,60,MBMGW6/MGWFunction:MBMGW6,Reliable,15396
2024-06-04 08:00+03:00,60,RWMGW10/MGWFunction:RWMGW10,Reliable,7753
2024-06-04 08:00+03:00,60,RWMGW4/MGWFunction:RWMGW4,Reliable,5854
2024-06-04 08:00+03:00,60,AHMGW11/MGWFunction:AHMGW11,Reliable,24216
2024-06-04 09:00+03:00,60,AHMGW2/MGWFunction:AHMGW2,Reliable,28327
2024-06-04 09:00+03:00,60,AHMGW3/MGWFunction:AHMGW3,Reliable,24666
2024-06-04 09:00+03:00,60,BUMGW9/MGWFunction:BUMGW9,Reliable,29129
2024-06-04 09:00+03:00,60,MBMGW6/MGWFunction:MBMGW6,Reliable,16051
2024-06-04 09:00+03:00,60,RWMGW10/MGWFunction:RWMGW10,Reliable,8041
2024-06-04 09:00+03:00,60,RWMGW4/MGWFunction:RWMGW4,Reliable,6100
2024-06-04 09:00+03:00,60,AHMGW11/MGWFunction:AHMGW11,Reliable,26654
2024-06-04 10:00+03:00,60,AHMGW2/MGWFunction:AHMGW2,Reliable,29551
2024-06-04 10:00+03:00,60,AHMGW3/MGWFunction:AHMGW3,Reliable,25613
2024-06-04 10:00+03:00,60,BUMGW9/MGWFunction:BUMGW9,Reliable,31434
2024-06-04 10:00+03:00,60,MBMGW6/MGWFunction:MBMGW6,Reliable,16547
2024-06-04 10:00+03:00,60,RWMGW10/MGWFunction:RWMGW10,Reliable,8084
2024-06-04 10:00+03:00,60,RWMGW4/MGWFunction:RWMGW4,Reliable,6132
2024-06-04 10:00+03:00,60,AHMGW11/MGWFunction:AHMGW11,Reliable,27657
2024-06-04 11:00+03:00,60,AHMGW2/MGWFunction:AHMGW2,Reliable,29586
2024-06-04 11:00+03:00,60,AHMGW3/MGWFunction:AHMGW3,Reliable,26026
2024-06-04 11:00+03:00,60,BUMGW9/MGWFunction:BUMGW9,Reliable,31495
2024-06-04 11:00+03:00,60,MBMGW6/MGWFunction:MBMGW6,Reliable,16519
2024-06-04 11:00+03:00,60,RWMGW10/MGWFunction:RWMGW10,Reliable,7946
2024-06-04 11:00+03:00,60,RWMGW4/MGWFunction:RWMGW4,Reliable,6089
2024-06-04 11:00+03:00,60,AHMGW11/MGWFunction:AHMGW11,Reliable,27318
2024-06-04 12:00+03:00,60,AHMGW2/MGWFunction:AHMGW2,Reliable,28696
2024-06-04 12:00+03:00,60,AHMGW3/MGWFunction:AHMGW3,Reliable,24904
2024-06-04 12:00+03:00,60,BUMGW9/MGWFunction:BUMGW9,Reliable,30983
2024-06-04 12:00+03:00,60,MBMGW6/MGWFunction:MBMGW6,Reliable,16249
2024-06-04 12:00+03:00,60,RWMGW10/MGWFunction:RWMGW10,Reliable,7790
2024-06-04 12:00+03:00,60,RWMGW4/MGWFunction:RWMGW4,Reliable,6003
2024-06-04 12:00+03:00,60,AHMGW11/MGWFunction:AHMGW11,Reliable,26682
2024-06-04 13:00+03:00,60,AHMGW2/MGWFunction:AHMGW2,Reliable,28679
2024-06-04 13:00+03:00,60,AHMGW3/MGWFunction:AHMGW3,Reliable,24686
2024-06-04 13:00+03:00,60,BUMGW9/MGWFunction:BUMGW9,Reliable,30807
2024-06-04 13:00+03:00,60,MBMGW6/MGWFunction:MBMGW6,Reliable,16320
2024-06-04 13:00+03:00,60,RWMGW10/MGWFunction:RWMGW10,Reliable,7833
2024-06-04 13:00+03:00,60,RWMGW4/MGWFunction:RWMGW4,Reliable,6079
2024-06-04 13:00+03:00,60,AHMGW11/MGWFunction:AHMGW11,Reliable,26358
2024-06-04 14:00+03:00,60,AHMGW2/MGWFunction:AHMGW2,Reliable,27916
2024-06-04 14:00+03:00,60,AHMGW3/MGWFunction:AHMGW3,Reliable,24103
2024-06-04 14:00+03:00,60,BUMGW9/MGWFunction:BUMGW9,Reliable,30008
2024-06-04 14:00+03:00,60,MBMGW6/MGWFunction:MBMGW6,Reliable,16303
2024-06-04 14:00+03:00,60,RWMGW10/MGWFunction:RWMGW10,Reliable,8002
2024-06-04 14:00+03:00,60,RWMGW4/MGWFunction:RWMGW4,Reliable,6065
2024-06-04 14:00+03:00,60,AHMGW11/MGWFunction:AHMGW11,Reliable,25949
2024-06-04 15:00+03:00,60,AHMGW2/MGWFunction:AHMGW2,Reliable,27967
2024-06-04 15:00+03:00,60,AHMGW3/MGWFunction:AHMGW3,Reliable,23908
2024-06-04 15:00+03:00,60,BUMGW9/MGWFunction:BUMGW9,Reliable,30027
2024-06-04 15:00+03:00,60,MBMGW6/MGWFunction:MBMGW6,Reliable,16879
2024-06-04 15:00+03:00,60,RWMGW10/MGWFunction:RWMGW10,Reliable,7884
2024-06-04 15:00+03:00,60,RWMGW4/MGWFunction:RWMGW4,Reliable,6119
2024-06-04 15:00+03:00,60,AHMGW11/MGWFunction:AHMGW11,Reliable,25663
2024-06-04 16:00+03:00,60,AHMGW2/MGWFunction:AHMGW2,Reliable,28458
2024-06-04 16:00+03:00,60,AHMGW3/MGWFunction:AHMGW3,Reliable,24532
2024-06-04 16:00+03:00,60,BUMGW9/MGWFunction:BUMGW9,Reliable,29972
2024-06-04 16:00+03:00,60,MBMGW6/MGWFunction:MBMGW6,Reliable,18240
2024-06-04 16:00+03:00,60,RWMGW10/MGWFunction:RWMGW10,Reliable,8259
2024-06-04 16:00+03:00,60,RWMGW4/MGWFunction:RWMGW4,Reliable,6406
2024-06-04 16:00+03:00,60,AHMGW11/MGWFunction:AHMGW11,Reliable,26172
2024-06-04 17:00+03:00,60,AHMGW2/MGWFunction:AHMGW2,Reliable,29311
2024-06-04 17:00+03:00,60,AHMGW3/MGWFunction:AHMGW3,Reliable,25743
2024-06-04 17:00+03:00,60,BUMGW9/MGWFunction:BUMGW9,Reliable,30511
2024-06-04 17:00+03:00,60,MBMGW6/MGWFunction:MBMGW6,Reliable,20548
2024-06-04 17:00+03:00,60,RWMGW10/MGWFunction:RWMGW10,Reliable,8852
2024-06-04 17:00+03:00,60,RWMGW4/MGWFunction:RWMGW4,Reliable,6935
2024-06-04 17:00+03:00,60,AHMGW11/MGWFunction:AHMGW11,Reliable,27135
2024-06-04 18:00+03:00,60,AHMGW2/MGWFunction:AHMGW2,Reliable,32366
2024-06-04 18:00+03:00,60,AHMGW3/MGWFunction:AHMGW3,Reliable,28437
2024-06-04 18:00+03:00,60,BUMGW9/MGWFunction:BUMGW9,Reliable,31709
2024-06-04 18:00+03:00,60,MBMGW6/MGWFunction:MBMGW6,Reliable,24423
2024-06-04 18:00+03:00,60,RWMGW10/MGWFunction:RWMGW10,Reliable,9883
2024-06-04 18:00+03:00,60,RWMGW4/MGWFunction:RWMGW4,Reliable,7970
2024-06-04 18:00+03:00,60,AHMGW11/MGWFunction:AHMGW11,Reliable,29998
2024-06-04 19:00+03:00,60,AHMGW2/MGWFunction:AHMGW2,Reliable,37717
2024-06-04 19:00+03:00,60,AHMGW3/MGWFunction:AHMGW3,Reliable,33904
2024-06-04 19:00+03:00,60,BUMGW9/MGWFunction:BUMGW9,Reliable,35751
2024-06-04 19:00+03:00,60,MBMGW6/MGWFunction:MBMGW6,Reliable,29557
2024-06-04 19:00+03:00,60,RWMGW10/MGWFunction:RWMGW10,Reliable,12181
2024-06-04 19:00+03:00,60,RWMGW4/MGWFunction:RWMGW4,Reliable,9907
2024-06-04 19:00+03:00,60,AHMGW11/MGWFunction:AHMGW11,Reliable,35099
2024-06-04 20:00+03:00,60,AHMGW2/MGWFunction:AHMGW2,Reliable,38979
2024-06-04 20:00+03:00,60,AHMGW3/MGWFunction:AHMGW3,Reliable,34696
2024-06-04 20:00+03:00,60,BUMGW9/MGWFunction:BUMGW9,Reliable,36477
2024-06-04 20:00+03:00,60,MBMGW6/MGWFunction:MBMGW6,Reliable,30519
2024-06-04 20:00+03:00,60,RWMGW10/MGWFunction:RWMGW10,Reliable,12576
2024-06-04 20:00+03:00,60,RWMGW4/MGWFunction:RWMGW4,Reliable,10219
2024-06-04 20:00+03:00,60,AHMGW11/MGWFunction:AHMGW11,Reliable,36424
2024-06-04 21:00+03:00,60,AHMGW2/MGWFunction:AHMGW2,Reliable,38559
2024-06-04 21:00+03:00,60,AHMGW3/MGWFunction:AHMGW3,Reliable,34588
2024-06-04 21:00+03:00,60,BUMGW9/MGWFunction:BUMGW9,Reliable,35105
2024-06-04 21:00+03:00,60,MBMGW6/MGWFunction:MBMGW6,Reliable,30068
2024-06-04 21:00+03:00,60,RWMGW10/MGWFunction:RWMGW10,Reliable,12449
2024-06-04 21:00+03:00,60,RWMGW4/MGWFunction:RWMGW4,Reliable,10040
2024-06-04 21:00+03:00,60,AHMGW11/MGWFunction:AHMGW11,Reliable,36530
2024-06-04 22:00+03:00,60,AHMGW2/MGWFunction:AHMGW2,Reliable,36507
2024-06-04 22:00+03:00,60,AHMGW3/MGWFunction:AHMGW3,Reliable,31382
2024-06-04 22:00+03:00,60,BUMGW9/MGWFunction:BUMGW9,Reliable,32364
2024-06-04 22:00+03:00,60,MBMGW6/MGWFunction:MBMGW6,Reliable,26729
2024-06-04 22:00+03:00,60,RWMGW10/MGWFunction:RWMGW10,Reliable,11221
2024-06-04 22:00+03:00,60,RWMGW4/MGWFunction:RWMGW4,Reliable,8785
2024-06-04 22:00+03:00,60,AHMGW11/MGWFunction:AHMGW11,Reliable,34604
2024-06-04 23:00+03:00,60,AHMGW2/MGWFunction:AHMGW2,Reliable,25828
2024-06-04 23:00+03:00,60,AHMGW3/MGWFunction:AHMGW3,Reliable,21898
2024-06-04 23:00+03:00,60,BUMGW9/MGWFunction:BUMGW9,Reliable,22990
2024-06-04 23:00+03:00,60,MBMGW6/MGWFunction:MBMGW6,Reliable,15047
2024-06-04 23:00+03:00,60,RWMGW10/MGWFunction:RWMGW10,Reliable,7439
2024-06-04 23:00+03:00,60,RWMGW4/MGWFunction:RWMGW4,Reliable,5694
2024-06-04 23:00+03:00,60,AHMGW11/MGWFunction:AHMGW11,Reliable,25440
2024-06-04 00:00+03:00,60,LRMGW12/MGWFunction:LRMGW12,Reliable,1843
2024-06-04 00:00+03:00,60,FPMGW13/MGWFunction:FPMGW13,Reliable,5222
2024-06-04 01:00+03:00,60,LRMGW12/MGWFunction:LRMGW12,Reliable,543
2024-06-04 01:00+03:00,60,FPMGW13/MGWFunction:FPMGW13,Reliable,1831
2024-06-04 02:00+03:00,60,LRMGW12/MGWFunction:LRMGW12,Reliable,215
2024-06-04 02:00+03:00,60,FPMGW13/MGWFunction:FPMGW13,Reliable,804
2024-06-04 03:00+03:00,60,LRMGW12/MGWFunction:LRMGW12,Reliable,156
2024-06-04 03:00+03:00,60,FPMGW13/MGWFunction:FPMGW13,Reliable,443
2024-06-04 04:00+03:00,60,LRMGW12/MGWFunction:LRMGW12,Reliable,228
2024-06-04 04:00+03:00,60,FPMGW13/MGWFunction:FPMGW13,Reliable,420
2024-06-04 05:00+03:00,60,LRMGW12/MGWFunction:LRMGW12,Reliable,776
2024-06-04 05:00+03:00,60,FPMGW13/MGWFunction:FPMGW13,Reliable,1322
2024-06-04 06:00+03:00,60,LRMGW12/MGWFunction:LRMGW12,Reliable,3148
2024-06-04 06:00+03:00,60,FPMGW13/MGWFunction:FPMGW13,Reliable,7642
2024-06-04 07:00+03:00,60,LRMGW12/MGWFunction:LRMGW12,Reliable,4395
2024-06-04 07:00+03:00,60,FPMGW13/MGWFunction:FPMGW13,Reliable,11490
2024-06-04 08:00+03:00,60,LRMGW12/MGWFunction:LRMGW12,Reliable,4775
2024-06-04 08:00+03:00,60,FPMGW13/MGWFunction:FPMGW13,Reliable,12279
2024-06-04 09:00+03:00,60,LRMGW12/MGWFunction:LRMGW12,Reliable,4843
2024-06-04 09:00+03:00,60,FPMGW13/MGWFunction:FPMGW13,Reliable,12461
2024-06-04 10:00+03:00,60,LRMGW12/MGWFunction:LRMGW12,Reliable,4970
2024-06-04 10:00+03:00,60,FPMGW13/MGWFunction:FPMGW13,Reliable,12517
2024-06-04 11:00+03:00,60,LRMGW12/MGWFunction:LRMGW12,Reliable,4867
2024-06-04 11:00+03:00,60,FPMGW13/MGWFunction:FPMGW13,Reliable,12413
2024-06-04 12:00+03:00,60,LRMGW12/MGWFunction:LRMGW12,Reliable,4730
2024-06-04 12:00+03:00,60,FPMGW13/MGWFunction:FPMGW13,Reliable,12181
2024-06-04 13:00+03:00,60,LRMGW12/MGWFunction:LRMGW12,Reliable,4890
2024-06-04 13:00+03:00,60,FPMGW13/MGWFunction:FPMGW13,Reliable,12312
2024-06-04 14:00+03:00,60,LRMGW12/MGWFunction:LRMGW12,Reliable,4921
2024-06-04 14:00+03:00,60,FPMGW13/MGWFunction:FPMGW13,Reliable,12239
2024-06-04 15:00+03:00,60,LRMGW12/MGWFunction:LRMGW12,Reliable,5132
2024-06-04 15:00+03:00,60,FPMGW13/MGWFunction:FPMGW13,Reliable,12408
2024-06-04 16:00+03:00,60,LRMGW12/MGWFunction:LRMGW12,Reliable,5133
2024-06-04 16:00+03:00,60,FPMGW13/MGWFunction:FPMGW13,Reliable,13171
2024-06-04 17:00+03:00,60,LRMGW12/MGWFunction:LRMGW12,Reliable,5661
2024-06-04 17:00+03:00,60,FPMGW13/MGWFunction:FPMGW13,Reliable,14496
2024-06-04 18:00+03:00,60,LRMGW12/MGWFunction:LRMGW12,Reliable,6344
2024-06-04 18:00+03:00,60,FPMGW13/MGWFunction:FPMGW13,Reliable,16552
2024-06-04 19:00+03:00,60,LRMGW12/MGWFunction:LRMGW12,Reliable,8340
2024-06-04 19:00+03:00,60,FPMGW13/MGWFunction:FPMGW13,Reliable,21285
2024-06-04 20:00+03:00,60,LRMGW12/MGWFunction:LRMGW12,Reliable,8451
2024-06-04 20:00+03:00,60,FPMGW13/MGWFunction:FPMGW13,Reliable,21965
2024-06-04 21:00+03:00,60,LRMGW12/MGWFunction:LRMGW12,Reliable,8203
2024-06-04 21:00+03:00,60,FPMGW13/MGWFunction:FPMGW13,Reliable,21376
2024-06-04 22:00+03:00,60,LRMGW12/MGWFunction:LRMGW12,Reliable,6962
2024-06-04 22:00+03:00,60,FPMGW13/MGWFunction:FPMGW13,Reliable,18785
2024-06-04 23:00+03:00,60,LRMGW12/MGWFunction:LRMGW12,Reliable,3775
2024-06-04 23:00+03:00,60,FPMGW13/MGWFunction:FPMGW13,Reliable,12181
