Result Time,Granularity Period,Object Name,Reliability,CAUSE129_unallocated DN,CAUSE130_no route to the selected transit network,CAUSE131_no route to the callee,CAUSE133_dial wrong prefix of long distance call,CAUSE134_route unacceptable,CAUSE145_user decide to busy,CAUSE146_no response from callee,CAUSE147_no answer from callee,CAUSE149_call rejected,CAUSE155_termination error,CAUSE156_invalid DN format,CAUSE157_facility rejected,CAUSE162_no route available,CAUSE166_network error,CAUSE169_temporary error,CAUSE170_device congestion,CAUSE172_no route or circuit applied available,CAUSE174_precedence call blocked,CAUSE175_no resource available,CAUSE177_no suitable service quality,CAUSE178_facility applied not preserved before,CAUSE216_incompatible terminal,CAUSE219_invalid transit network selection,CAUSE223_invalid message,CAUSE230_recovery of time out,CAUSE231_parameter not exist,CAUSE239_protocol error,CAUSE254_interwork
2024-06-04 00:00+03:00,1440,AHMSC3/MSCServerFunction:AHMSC3,Reliable,6202,10,386306,0,0,1218744,229895,339929,5177,164151,15467,0,15198,40196,5893,7,63176,0,2375,0,4,585,7,8,321005,0,197,29712
2024-06-04 00:00+03:00,1440,BUMSC1/MSCServerFunction:BUMSC1,Reliable,6177,2,375001,0,0,1213464,113334,993504,3203,157990,44885,0,13394,41980,7822,24,54858,0,1408,0,6,622,1,6,289647,0,136,23966
2024-06-04 00:00+03:00,1440,BUMSC2/MSCServerFunction:BUMSC2,Reliable,5239,0,405250,0,0,1216626,94902,196408,3935,161485,45177,1,12265,41358,5106,2,60315,0,1075,0,0,562,4,5,303872,0,273,49949
2024-06-04 00:00+03:00,1440,AHMSC4/MSCServerFunction:AHMSC4,Reliable,4103,4,242867,0,0,1213071,173187,200133,2612,163637,12083,0,3963,37203,2631,0,58649,0,1048,0,0,399,6,5,123008,0,102,17074
2024-06-04 00:00+03:00,1440,RWMSC6/MSCServerFunction:RWMSC6,Reliable,0,0,0,0,0,0,0,0,0,0,0,0,0,280,0,0,0,0,0,0,0,0,0,0,0,0,0,0
