Result Time,Granularity Period,Object Name,Reliability,Attached Subs,HSS Subs (with LTE Profile),Total HSS Subs (2G+3G+LTE)
2024-06-04 00:00+03:00,60,HSS9860-2/Measurement object ID:Measurement OBJECT ID=OBJECT0,Reliable,3916221,6933812,31744259
2024-06-04 00:00+03:00,60,HSS9860-1/Measurement object ID:Measurement OBJECT ID=OBJECT0,Reliable,3916221,6933812,31744259
2024-06-04 01:00+03:00,60,HSS9860-2/Measurement object ID:Measurement OBJECT ID=OBJECT0,Reliable,3916221,6933812,31744259
2024-06-04 01:00+03:00,60,HSS9860-1/Measurement object ID:Measurement OBJECT ID=OBJECT0,Reliable,3916221,6933812,31744259
2024-06-04 02:00+03:00,60,HSS9860-2/Measurement object ID:Measurement OBJECT ID=OBJECT0,Reliable,3916221,6933812,31744191
2024-06-04 02:00+03:00,60,HSS9860-1/Measurement object ID:Measurement OBJECT ID=OBJECT0,Reliable,3916221,6933812,31744191
2024-06-04 03:00+03:00,60,HSS9860-2/Measurement object ID:Measurement OBJECT ID=OBJECT0,Reliable,3927408,6959087,31769466
2024-06-04 03:00+03:00,60,HSS9860-1/Measurement object ID:Measurement OBJECT ID=OBJECT0,Reliable,3927408,6959087,31769466
2024-06-04 04:00+03:00,60,HSS9860-2/Measurement object ID:Measurement OBJECT ID=OBJECT0,Reliable,3927408,6959087,31769466
2024-06-04 04:00+03:00,60,HSS9860-1/Measurement object ID:Measurement OBJECT ID=OBJECT0,Reliable,3927408,6959087,31769466
2024-06-04 05:00+03:00,60,HSS9860-2/Measurement object ID:Measurement OBJECT ID=OBJECT0,Reliable,3927408,6959087,31769466
2024-06-04 05:00+03:00,60,HSS9860-1/Measurement object ID:Measurement OBJECT ID=OBJECT0,Reliable,3927408,6959087,31769466
2024-06-04 06:00+03:00,60,HSS9860-2/Measurement object ID:Measurement OBJECT ID=OBJECT0,Reliable,3927408,6959087,31769466
2024-06-04 06:00+03:00,60,HSS9860-1/Measurement object ID:Measurement OBJECT ID=OBJECT0,Reliable,3927408,6959087,31769466
2024-06-04 07:00+03:00,60,HSS9860-2/Measurement object ID:Measurement OBJECT ID=OBJECT0,Reliable,3927408,6959087,31769466
2024-06-04 07:00+03:00,60,HSS9860-1/Measurement object ID:Measurement OBJECT ID=OBJECT0,Reliable,3927408,6959087,31769466
2024-06-04 08:00+03:00,60,HSS9860-2/Measurement object ID:Measurement OBJECT ID=OBJECT0,Reliable,3927408,6959087,31769466
2024-06-04 08:00+03:00,60,HSS9860-1/Measurement object ID:Measurement OBJECT ID=OBJECT0,Reliable,3927408,6959087,31769466
2024-06-04 09:00+03:00,60,HSS9860-2/Measurement object ID:Measurement OBJECT ID=OBJECT0,Reliable,3927408,6959087,31769466
2024-06-04 09:00+03:00,60,HSS9860-1/Measurement object ID:Measurement OBJECT ID=OBJECT0,Reliable,3927408,6959087,31769466
2024-06-04 10:00+03:00,60,HSS9860-2/Measurement object ID:Measurement OBJECT ID=OBJECT0,Reliable,3927408,6959087,31769466
2024-06-04 10:00+03:00,60,HSS9860-1/Measurement object ID:Measurement OBJECT ID=OBJECT0,Reliable,3927408,6959087,31769466
2024-06-04 11:00+03:00,60,HSS9860-2/Measurement object ID:Measurement OBJECT ID=OBJECT0,Reliable,3927408,6959087,31769466
2024-06-04 11:00+03:00,60,HSS9860-1/Measurement object ID:Measurement OBJECT ID=OBJECT0,Reliable,3927408,6959087,31769466
2024-06-04 12:00+03:00,60,HSS9860-2/Measurement object ID:Measurement OBJECT ID=OBJECT0,Reliable,3927408,6959087,31769466
2024-06-04 12:00+03:00,60,HSS9860-1/Measurement object ID:Measurement OBJECT ID=OBJECT0,Reliable,3927408,6959087,31769466
2024-06-04 13:00+03:00,60,HSS9860-2/Measurement object ID:Measurement OBJECT ID=OBJECT0,Reliable,3927408,6959087,31769466
2024-06-04 13:00+03:00,60,HSS9860-1/Measurement object ID:Measurement OBJECT ID=OBJECT0,Reliable,3927408,6959087,31769466
2024-06-04 14:00+03:00,60,HSS9860-2/Measurement object ID:Measurement OBJECT ID=OBJECT0,Reliable,3927408,6959087,31769466
2024-06-04 14:00+03:00,60,HSS9860-1/Measurement object ID:Measurement OBJECT ID=OBJECT0,Reliable,3927408,6959087,31769466
2024-06-04 15:00+03:00,60,HSS9860-2/Measurement object ID:Measurement OBJECT ID=OBJECT0,Reliable,3927408,6959087,31769466
2024-06-04 15:00+03:00,60,HSS9860-1/Measurement object ID:Measurement OBJECT ID=OBJECT0,Reliable,3927408,6959087,31769466
2024-06-04 16:00+03:00,60,HSS9860-2/Measurement object ID:Measurement OBJECT ID=OBJECT0,Reliable,3927408,6959087,31769466
2024-06-04 16:00+03:00,60,HSS9860-1/Measurement object ID:Measurement OBJECT ID=OBJECT0,Reliable,3927408,6959087,31769466
2024-06-04 17:00+03:00,60,HSS9860-2/Measurement object ID:Measurement OBJECT ID=OBJECT0,Reliable,3927408,6959087,31769466
2024-06-04 17:00+03:00,60,HSS9860-1/Measurement object ID:Measurement OBJECT ID=OBJECT0,Reliable,3927408,6959087,31769466
2024-06-04 18:00+03:00,60,HSS9860-2/Measurement object ID:Measurement OBJECT ID=OBJECT0,Reliable,3927408,6959087,31769466
2024-06-04 18:00+03:00,60,HSS9860-1/Measurement object ID:Measurement OBJECT ID=OBJECT0,Reliable,3927408,6959087,31769466
2024-06-04 19:00+03:00,60,HSS9860-2/Measurement object ID:Measurement OBJECT ID=OBJECT0,Reliable,3927408,6959087,31769466
2024-06-04 19:00+03:00,60,HSS9860-1/Measurement object ID:Measurement OBJECT ID=OBJECT0,Reliable,3927408,6959087,31769466
2024-06-04 20:00+03:00,60,HSS9860-2/Measurement object ID:Measurement OBJECT ID=OBJECT0,Reliable,3927408,6959087,31769466
2024-06-04 20:00+03:00,60,HSS9860-1/Measurement object ID:Measurement OBJECT ID=OBJECT0,Reliable,3927408,6959087,31769466
2024-06-04 21:00+03:00,60,HSS9860-2/Measurement object ID:Measurement OBJECT ID=OBJECT0,Reliable,3927408,6959087,31769466
2024-06-04 21:00+03:00,60,HSS9860-1/Measurement object ID:Measurement OBJECT ID=OBJECT0,Reliable,3927408,6959087,31769466
2024-06-04 22:00+03:00,60,HSS9860-2/Measurement object ID:Measurement OBJECT ID=OBJECT0,Reliable,3927408,6959087,31769466
2024-06-04 22:00+03:00,60,HSS9860-1/Measurement object ID:Measurement OBJECT ID=OBJECT0,Reliable,3927408,6959087,31769466
2024-06-04 23:00+03:00,60,HSS9860-2/Measurement object ID:Measurement OBJECT ID=OBJECT0,Reliable,3927408,6959087,31769466
2024-06-04 23:00+03:00,60,HSS9860-1/Measurement object ID:Measurement OBJECT ID=OBJECT0,Reliable,3927408,6959087,31769466
