Result Time,Granularity Period,Object Name,Reliability,Answer Rate,Answer Times,Call Attempts,Incoming Answer Times,Incoming Call Attempts,Originated Answer Times,Originated Call Attempts
2024-06-04 00:00+03:00,60,AHMSC3/MSCServerFunction:AHMSC3,Reliable,29.645,131807,444615,65042,209342,66765,235273
2024-06-04 00:00+03:00,60,BUMSC1/MSCServerFunction:BUMSC1,Reliable,25.339000000000002,122904,485035,57044,247555,65860,237480
2024-06-04 00:00+03:00,60,BUMSC2/MSCServerFunction:BUMSC2,Reliable,31.927,120770,378269,57531,153230,63239,225039
2024-06-04 00:00+03:00,60,AHMSC4/MSCServerFunction:AHMSC4,Reliable,32.519,119292,366840,51944,129030,67348,237810
2024-06-04 01:00+03:00,60,AHMSC3/MSCServerFunction:AHMSC3,Reliable,27.976,54103,193391,26879,90791,27224,102600
2024-06-04 01:00+03:00,60,BUMSC1/MSCServerFunction:BUMSC1,Reliable,24.607,50293,204387,23312,101665,26981,102722
2024-06-04 01:00+03:00,60,BUMSC2/MSCServerFunction:BUMSC2,Reliable,30.131999999999998,44982,149281,22078,61248,22904,88033
2024-06-04 01:00+03:00,60,AHMSC4/MSCServerFunction:AHMSC4,Reliable,31.004,47868,154392,20743,52835,27125,101557
2024-06-04 02:00+03:00,60,AHMSC3/MSCServerFunction:AHMSC3,Reliable,26.201999999999998,29328,111930,14671,52185,14657,59745
2024-06-04 02:00+03:00,60,BUMSC1/MSCServerFunction:BUMSC1,Reliable,23.037,27600,119806,12862,60626,14738,59180
2024-06-04 02:00+03:00,60,BUMSC2/MSCServerFunction:BUMSC2,Reliable,28.06,24658,87875,12061,35456,12597,52419
2024-06-04 02:00+03:00,60,AHMSC4/MSCServerFunction:AHMSC4,Reliable,29.502,26273,89056,11382,29872,14891,59184
2024-06-04 03:00+03:00,60,AHMSC3/MSCServerFunction:AHMSC3,Reliable,25.983,24669,94942,12047,43661,12622,51281
2024-06-04 03:00+03:00,60,BUMSC1/MSCServerFunction:BUMSC1,Reliable,22.346,22828,102158,10670,52154,12158,50004
2024-06-04 03:00+03:00,60,BUMSC2/MSCServerFunction:BUMSC2,Reliable,27.629,20763,75149,10140,29662,10623,45487
2024-06-04 03:00+03:00,60,AHMSC4/MSCServerFunction:AHMSC4,Reliable,28.785999999999998,21915,76131,9601,25593,12314,50538
2024-06-04 04:00+03:00,60,AHMSC3/MSCServerFunction:AHMSC3,Reliable,30.156,31338,103920,15571,48678,15767,55242
2024-06-04 04:00+03:00,60,BUMSC1/MSCServerFunction:BUMSC1,Reliable,26.565,29561,111276,13580,54911,15981,56365
2024-06-04 04:00+03:00,60,BUMSC2/MSCServerFunction:BUMSC2,Reliable,33.0,27124,82195,12839,32374,14285,49821
2024-06-04 04:00+03:00,60,AHMSC4/MSCServerFunction:AHMSC4,Reliable,32.384,27847,85991,12022,30776,15825,55215
2024-06-04 05:00+03:00,60,AHMSC3/MSCServerFunction:AHMSC3,Reliable,33.2,84431,254313,41642,118963,42789,135350
2024-06-04 05:00+03:00,60,BUMSC1/MSCServerFunction:BUMSC1,Reliable,29.195,80162,274572,37058,138753,43104,135819
2024-06-04 05:00+03:00,60,BUMSC2/MSCServerFunction:BUMSC2,Reliable,36.308,78501,216211,37009,84894,41492,131317
2024-06-04 05:00+03:00,60,AHMSC4/MSCServerFunction:AHMSC4,Reliable,36.54,76483,209314,33260,74255,43223,135059
2024-06-04 06:00+03:00,60,AHMSC3/MSCServerFunction:AHMSC3,Reliable,34.628,365639,1055908,178357,495460,187282,560448
2024-06-04 06:00+03:00,60,BUMSC1/MSCServerFunction:BUMSC1,Reliable,29.898000000000003,346993,1160606,160381,596514,186612,564092
2024-06-04 06:00+03:00,60,BUMSC2/MSCServerFunction:BUMSC2,Reliable,37.732,345872,916644,160849,357143,185023,559501
2024-06-04 06:00+03:00,60,AHMSC4/MSCServerFunction:AHMSC4,Reliable,38.275999999999996,331922,867176,145513,309992,186409,557184
2024-06-04 07:00+03:00,60,AHMSC3/MSCServerFunction:AHMSC3,Reliable,37.596,835861,2223285,408447,1047452,427414,1175833
2024-06-04 07:00+03:00,60,BUMSC1/MSCServerFunction:BUMSC1,Reliable,32.809,793593,2418844,365906,1235074,427687,1183770
2024-06-04 07:00+03:00,60,BUMSC2/MSCServerFunction:BUMSC2,Reliable,40.574,799826,1971282,373177,786242,426649,1185040
2024-06-04 07:00+03:00,60,AHMSC4/MSCServerFunction:AHMSC4,Reliable,41.092,757599,1843677,331789,673205,425810,1170472
2024-06-04 08:00+03:00,60,AHMSC3/MSCServerFunction:AHMSC3,Reliable,39.766,1114069,2801581,546990,1327904,567079,1473677
2024-06-04 08:00+03:00,60,BUMSC1/MSCServerFunction:BUMSC1,Reliable,35.347,1057863,2992754,491202,1510551,566661,1482203
2024-06-04 08:00+03:00,60,BUMSC2/MSCServerFunction:BUMSC2,Reliable,42.586999999999996,1066826,2505030,500346,1024921,566480,1480109
2024-06-04 08:00+03:00,60,AHMSC4/MSCServerFunction:AHMSC4,Reliable,43.073,1007493,2339052,442688,869262,564805,1469790
2024-06-04 09:00+03:00,60,AHMSC3/MSCServerFunction:AHMSC3,Reliable,40.961000000000006,1277605,3119066,630557,1487041,647048,1632025
2024-06-04 09:00+03:00,60,BUMSC1/MSCServerFunction:BUMSC1,Reliable,36.664,1204402,3285012,561609,1654638,642793,1630374
2024-06-04 09:00+03:00,60,BUMSC2/MSCServerFunction:BUMSC2,Reliable,43.77,1220163,2787643,576085,1156720,644078,1630923
2024-06-04 09:00+03:00,60,AHMSC4/MSCServerFunction:AHMSC4,Reliable,44.233999999999995,1150415,2600747,504254,973454,646161,1627293
2024-06-04 10:00+03:00,60,AHMSC3/MSCServerFunction:AHMSC3,Reliable,41.118,1353178,3290975,667428,1566257,685750,1724718
2024-06-04 10:00+03:00,60,BUMSC1/MSCServerFunction:BUMSC1,Reliable,36.929,1273713,3449047,594895,1730940,678818,1718107
2024-06-04 10:00+03:00,60,BUMSC2/MSCServerFunction:BUMSC2,Reliable,43.933,1293852,2945034,610783,1218661,683069,1726373
2024-06-04 10:00+03:00,60,AHMSC4/MSCServerFunction:AHMSC4,Reliable,44.395,1218257,2744156,534150,1025998,684107,1718158
2024-06-04 11:00+03:00,60,AHMSC3/MSCServerFunction:AHMSC3,Reliable,41.08,1337038,3254752,660381,1546939,676657,1707813
2024-06-04 11:00+03:00,60,BUMSC1/MSCServerFunction:BUMSC1,Reliable,36.992,1260314,3407036,587496,1697599,672818,1709437
2024-06-04 11:00+03:00,60,BUMSC2/MSCServerFunction:BUMSC2,Reliable,43.72,1277406,2921815,603134,1208284,674272,1713531
2024-06-04 11:00+03:00,60,AHMSC4/MSCServerFunction:AHMSC4,Reliable,44.261,1204474,2721329,528993,1010499,675481,1710830
2024-06-04 12:00+03:00,60,AHMSC3/MSCServerFunction:AHMSC3,Reliable,40.714,1314517,3228627,650260,1532639,664257,1695988
2024-06-04 12:00+03:00,60,BUMSC1/MSCServerFunction:BUMSC1,Reliable,36.757,1238106,3368392,577731,1676744,660375,1691648
2024-06-04 12:00+03:00,60,BUMSC2/MSCServerFunction:BUMSC2,Reliable,43.295,1258771,2907452,593353,1198104,665418,1709348
2024-06-04 12:00+03:00,60,AHMSC4/MSCServerFunction:AHMSC4,Reliable,44.028999999999996,1186870,2695643,521632,1001235,665238,1694408
2024-06-04 13:00+03:00,60,AHMSC3/MSCServerFunction:AHMSC3,Reliable,40.561,1321788,3258749,653077,1546940,668711,1711809
2024-06-04 13:00+03:00,60,BUMSC1/MSCServerFunction:BUMSC1,Reliable,36.634,1243628,3394745,581356,1686504,662272,1708241
2024-06-04 13:00+03:00,60,BUMSC2/MSCServerFunction:BUMSC2,Reliable,43.342,1265397,2919576,596553,1196642,668844,1722934
2024-06-04 13:00+03:00,60,AHMSC4/MSCServerFunction:AHMSC4,Reliable,43.909,1192944,2716879,523462,1005640,669482,1711239
2024-06-04 14:00+03:00,60,AHMSC3/MSCServerFunction:AHMSC3,Reliable,40.508,1299055,3206893,640811,1520813,658244,1686080
2024-06-04 14:00+03:00,60,BUMSC1/MSCServerFunction:BUMSC1,Reliable,36.757,1220976,3321757,570997,1644068,649979,1677689
2024-06-04 14:00+03:00,60,BUMSC2/MSCServerFunction:BUMSC2,Reliable,43.373999999999995,1243132,2866066,587674,1177187,655458,1688879
2024-06-04 14:00+03:00,60,AHMSC4/MSCServerFunction:AHMSC4,Reliable,43.81100000000001,1172103,2675366,514574,985887,657529,1689479
2024-06-04 15:00+03:00,60,AHMSC3/MSCServerFunction:AHMSC3,Reliable,40.131,1271380,3168082,626671,1498045,644709,1670037
2024-06-04 15:00+03:00,60,BUMSC1/MSCServerFunction:BUMSC1,Reliable,36.5,1194963,3273846,558164,1612233,636799,1661613
2024-06-04 15:00+03:00,60,BUMSC2/MSCServerFunction:BUMSC2,Reliable,43.008,1218566,2833333,574508,1153875,644058,1679458
2024-06-04 15:00+03:00,60,AHMSC4/MSCServerFunction:AHMSC4,Reliable,43.43,1145878,2638438,503967,970658,641911,1667780
2024-06-04 16:00+03:00,60,AHMSC3/MSCServerFunction:AHMSC3,Reliable,39.585,1291953,3263757,637655,1539942,654298,1723815
2024-06-04 16:00+03:00,60,BUMSC1/MSCServerFunction:BUMSC1,Reliable,36.056999999999995,1212702,3363265,565955,1647617,646747,1715648
2024-06-04 16:00+03:00,60,BUMSC2/MSCServerFunction:BUMSC2,Reliable,42.373000000000005,1233286,2910567,583026,1184378,650260,1726189
2024-06-04 16:00+03:00,60,AHMSC4/MSCServerFunction:AHMSC4,Reliable,42.754,1163072,2720412,509756,995738,653316,1724674
2024-06-04 17:00+03:00,60,AHMSC3/MSCServerFunction:AHMSC3,Reliable,38.876999999999995,1358215,3493637,670708,1644655,687507,1848982
2024-06-04 17:00+03:00,60,BUMSC1/MSCServerFunction:BUMSC1,Reliable,35.314,1276386,3614413,594440,1772212,681946,1842201
2024-06-04 17:00+03:00,60,BUMSC2/MSCServerFunction:BUMSC2,Reliable,41.691,1296738,3110362,608441,1252651,688297,1857711
2024-06-04 17:00+03:00,60,AHMSC4/MSCServerFunction:AHMSC4,Reliable,42.191,1226416,2906827,536356,1062375,690060,1844452
2024-06-04 18:00+03:00,60,AHMSC3/MSCServerFunction:AHMSC3,Reliable,37.968,1457359,3838351,716651,1797694,740708,2040657
2024-06-04 18:00+03:00,60,BUMSC1/MSCServerFunction:BUMSC1,Reliable,34.385999999999996,1368329,3979363,634947,1952266,733382,2027097
2024-06-04 18:00+03:00,60,BUMSC2/MSCServerFunction:BUMSC2,Reliable,40.768,1391262,3412634,651451,1364016,739811,2048618
2024-06-04 18:00+03:00,60,AHMSC4/MSCServerFunction:AHMSC4,Reliable,41.143,1314598,3195164,573910,1158263,740688,2036901
2024-06-04 19:00+03:00,60,AHMSC3/MSCServerFunction:AHMSC3,Reliable,37.253,1719643,4616067,841541,2152289,878102,2463778
2024-06-04 19:00+03:00,60,BUMSC1/MSCServerFunction:BUMSC1,Reliable,33.62,1624952,4833296,756583,2379042,868369,2454254
2024-06-04 19:00+03:00,60,BUMSC2/MSCServerFunction:BUMSC2,Reliable,40.135999999999996,1648808,4108002,766715,1624500,882093,2483502
2024-06-04 19:00+03:00,60,AHMSC4/MSCServerFunction:AHMSC4,Reliable,40.45,1561555,3860459,681218,1387989,880337,2472470
2024-06-04 20:00+03:00,60,AHMSC3/MSCServerFunction:AHMSC3,Reliable,36.449,1578378,4330316,769138,1999711,809240,2330605
2024-06-04 20:00+03:00,60,BUMSC1/MSCServerFunction:BUMSC1,Reliable,33.056999999999995,1492617,4515245,693618,2196838,798999,2318407
2024-06-04 20:00+03:00,60,BUMSC2/MSCServerFunction:BUMSC2,Reliable,39.29,1511328,3846637,703789,1512079,807539,2334558
2024-06-04 20:00+03:00,60,AHMSC4/MSCServerFunction:AHMSC4,Reliable,39.646,1428423,3602941,622588,1280483,805835,2322458
2024-06-04 21:00+03:00,60,AHMSC3/MSCServerFunction:AHMSC3,Reliable,35.455,1260368,3554876,612158,1632154,648210,1922722
2024-06-04 21:00+03:00,60,BUMSC1/MSCServerFunction:BUMSC1,Reliable,32.402,1189634,3671519,550987,1759120,638647,1912399
2024-06-04 21:00+03:00,60,BUMSC2/MSCServerFunction:BUMSC2,Reliable,38.233000000000004,1210163,3165252,562464,1233618,647699,1931634
2024-06-04 21:00+03:00,60,AHMSC4/MSCServerFunction:AHMSC4,Reliable,38.567,1146342,2972334,499479,1047479,646863,1924855
2024-06-04 22:00+03:00,60,AHMSC3/MSCServerFunction:AHMSC3,Reliable,33.89,809357,2388156,391131,1092479,418226,1295677
2024-06-04 22:00+03:00,60,BUMSC1/MSCServerFunction:BUMSC1,Reliable,31.293000000000003,766081,2448123,353021,1153034,413060,1295089
2024-06-04 22:00+03:00,60,BUMSC2/MSCServerFunction:BUMSC2,Reliable,36.54,779543,2133417,361605,828384,417938,1305033
2024-06-04 22:00+03:00,60,AHMSC4/MSCServerFunction:AHMSC4,Reliable,36.907,738974,2002238,321470,703301,417504,1298937
2024-06-04 23:00+03:00,60,AHMSC3/MSCServerFunction:AHMSC3,Reliable,31.958000000000002,333289,1042907,162834,482450,170455,560457
2024-06-04 23:00+03:00,60,BUMSC1/MSCServerFunction:BUMSC1,Reliable,29.711,312529,1051883,144461,494926,168068,556957
2024-06-04 23:00+03:00,60,BUMSC2/MSCServerFunction:BUMSC2,Reliable,34.903,320943,919522,149737,359546,171206,559976
2024-06-04 23:00+03:00,60,AHMSC4/MSCServerFunction:AHMSC4,Reliable,35.189,304359,864933,132125,303198,172234,561735
2024-06-04 00:00+03:00,60,BUMSC5/MSCServerFunction:BUMSC5,Reliable,32.512,343,1055,137,347,206,708
2024-06-04 00:00+03:00,60,RWMSC6/MSCServerFunction:RWMSC6,Reliable,0.0,0,0,0,0,0,0
2024-06-04 01:00+03:00,60,BUMSC5/MSCServerFunction:BUMSC5,Reliable,37.634,385,1023,171,403,214,620
2024-06-04 01:00+03:00,60,RWMSC6/MSCServerFunction:RWMSC6,Reliable,0.0,0,0,0,0,0,0
2024-06-04 02:00+03:00,60,BUMSC5/MSCServerFunction:BUMSC5,Reliable,33.109,197,595,79,219,118,376
2024-06-04 02:00+03:00,60,RWMSC6/MSCServerFunction:RWMSC6,Reliable,0.0,0,0,0,0,0,0
2024-06-04 03:00+03:00,60,BUMSC5/MSCServerFunction:BUMSC5,Reliable,36.147,167,462,83,193,84,269
2024-06-04 03:00+03:00,60,RWMSC6/MSCServerFunction:RWMSC6,Reliable,0.0,0,0,0,0,0,0
2024-06-04 04:00+03:00,60,BUMSC5/MSCServerFunction:BUMSC5,Reliable,39.5,79,200,48,103,31,97
2024-06-04 04:00+03:00,60,RWMSC6/MSCServerFunction:RWMSC6,Reliable,0.0,0,0,0,0,0,0
2024-06-04 05:00+03:00,60,RWMSC6/MSCServerFunction:RWMSC6,Reliable,0.0,0,0,0,0,0,0
2024-06-04 06:00+03:00,60,BUMSC5/MSCServerFunction:BUMSC5,Reliable,0.0,0,0,0,0,0,0
2024-06-04 06:00+03:00,60,RWMSC6/MSCServerFunction:RWMSC6,Reliable,0.0,0,0,0,0,0,0
2024-06-04 07:00+03:00,60,BUMSC5/MSCServerFunction:BUMSC5,Reliable,0.0,0,0,0,0,0,0
2024-06-04 07:00+03:00,60,RWMSC6/MSCServerFunction:RWMSC6,Reliable,0.0,0,0,0,0,0,0
2024-06-04 08:00+03:00,60,BUMSC5/MSCServerFunction:BUMSC5,Reliable,0.0,0,0,0,0,0,0
2024-06-04 08:00+03:00,60,RWMSC6/MSCServerFunction:RWMSC6,Reliable,0.0,0,0,0,0,0,0
2024-06-04 09:00+03:00,60,BUMSC5/MSCServerFunction:BUMSC5,Reliable,0.0,0,0,0,0,0,0
2024-06-04 09:00+03:00,60,RWMSC6/MSCServerFunction:RWMSC6,Reliable,0.0,0,0,0,0,0,0
2024-06-04 10:00+03:00,60,BUMSC5/MSCServerFunction:BUMSC5,Reliable,0.0,0,0,0,0,0,0
2024-06-04 10:00+03:00,60,RWMSC6/MSCServerFunction:RWMSC6,Reliable,0.0,0,0,0,0,0,0
2024-06-04 11:00+03:00,60,BUMSC5/MSCServerFunction:BUMSC5,Reliable,0.0,0,0,0,0,0,0
2024-06-04 11:00+03:00,60,RWMSC6/MSCServerFunction:RWMSC6,Reliable,0.0,0,0,0,0,0,0
2024-06-04 12:00+03:00,60,BUMSC5/MSCServerFunction:BUMSC5,Reliable,0.0,0,0,0,0,0,0
2024-06-04 12:00+03:00,60,RWMSC6/MSCServerFunction:RWMSC6,Reliable,0.0,0,0,0,0,0,0
2024-06-04 13:00+03:00,60,BUMSC5/MSCServerFunction:BUMSC5,Reliable,0.0,0,0,0,0,0,0
2024-06-04 13:00+03:00,60,RWMSC6/MSCServerFunction:RWMSC6,Reliable,0.0,0,0,0,0,0,0
2024-06-04 14:00+03:00,60,BUMSC5/MSCServerFunction:BUMSC5,Reliable,0.0,0,0,0,0,0,0
2024-06-04 14:00+03:00,60,RWMSC6/MSCServerFunction:RWMSC6,Reliable,0.0,0,0,0,0,0,0
2024-06-04 15:00+03:00,60,BUMSC5/MSCServerFunction:BUMSC5,Reliable,0.0,0,0,0,0,0,0
2024-06-04 15:00+03:00,60,RWMSC6/MSCServerFunction:RWMSC6,Reliable,0.0,0,0,0,0,0,0
2024-06-04 16:00+03:00,60,BUMSC5/MSCServerFunction:BUMSC5,Reliable,0.0,0,0,0,0,0,0
2024-06-04 16:00+03:00,60,RWMSC6/MSCServerFunction:RWMSC6,Reliable,0.0,0,0,0,0,0,0
2024-06-04 17:00+03:00,60,BUMSC5/MSCServerFunction:BUMSC5,Reliable,0.0,0,0,0,0,0,0
2024-06-04 17:00+03:00,60,RWMSC6/MSCServerFunction:RWMSC6,Reliable,0.0,0,0,0,0,0,0
2024-06-04 18:00+03:00,60,BUMSC5/MSCServerFunction:BUMSC5,Reliable,0.0,0,0,0,0,0,0
2024-06-04 18:00+03:00,60,RWMSC6/MSCServerFunction:RWMSC6,Reliable,0.0,0,0,0,0,0,0
2024-06-04 19:00+03:00,60,BUMSC5/MSCServerFunction:BUMSC5,Reliable,0.0,0,0,0,0,0,0
2024-06-04 19:00+03:00,60,RWMSC6/MSCServerFunction:RWMSC6,Reliable,0.0,0,0,0,0,0,0
2024-06-04 20:00+03:00,60,BUMSC5/MSCServerFunction:BUMSC5,Reliable,0.0,0,0,0,0,0,0
2024-06-04 20:00+03:00,60,RWMSC6/MSCServerFunction:RWMSC6,Reliable,0.0,0,0,0,0,0,0
2024-06-04 21:00+03:00,60,BUMSC5/MSCServerFunction:BUMSC5,Reliable,0.0,0,0,0,0,0,0
2024-06-04 21:00+03:00,60,RWMSC6/MSCServerFunction:RWMSC6,Reliable,0.0,0,0,0,0,0,0
2024-06-04 22:00+03:00,60,BUMSC5/MSCServerFunction:BUMSC5,Reliable,0.0,0,0,0,0,0,0
2024-06-04 22:00+03:00,60,RWMSC6/MSCServerFunction:RWMSC6,Reliable,0.0,0,0,0,0,0,0
2024-06-04 23:00+03:00,60,BUMSC5/MSCServerFunction:BUMSC5,Reliable,0.0,0,0,0,0,0,0
2024-06-04 23:00+03:00,60,RWMSC6/MSCServerFunction:RWMSC6,Reliable,0.0,0,0,0,0,0,0
