Result Time,Granularity Period,Object Name,Reliability,Call Attempts,Global BHCA,Incoming Answer Times,Originated Answer Times,Peak_Processor_Load,Peak_Processor_Load_Denom,Peak_Processor_Load_Nom
2024-06-04 00:00+03:00,60,AHMSC3/MSCServerFunction:AHMSC3,Reliable,444615,421636,65042,66765,29.645,444615,131807
2024-06-04 00:00+03:00,60,BUMSC1/MSCServerFunction:BUMSC1,Reliable,485035,457426,57044,65860,25.339000000000002,485035,122904
2024-06-04 00:00+03:00,60,BUMSC2/MSCServerFunction:BUMSC2,Reliable,378269,356744,57531,63239,31.927,378269,120770
2024-06-04 00:00+03:00,60,AHMSC4/MSCServerFunction:AHMSC4,Reliable,366840,346737,51944,67348,32.519,366840,119292
2024-06-04 01:00+03:00,60,AHMSC3/MSCServerFunction:AHMSC3,Reliable,193391,182293,26879,27224,27.976,193391,54103
2024-06-04 01:00+03:00,60,BUMSC1/MSCServerFunction:BUMSC1,Reliable,204387,191682,23312,26981,24.607,204387,50293
2024-06-04 01:00+03:00,60,BUMSC2/MSCServerFunction:BUMSC2,Reliable,149281,139949,22078,22904,30.131999999999998,149281,44982
2024-06-04 01:00+03:00,60,AHMSC4/MSCServerFunction:AHMSC4,Reliable,154392,145387,20743,27125,31.004,154392,47868
2024-06-04 02:00+03:00,60,AHMSC3/MSCServerFunction:AHMSC3,Reliable,111930,105234,14671,14657,26.201999999999998,111930,29328
2024-06-04 02:00+03:00,60,BUMSC1/MSCServerFunction:BUMSC1,Reliable,119806,112348,12862,14738,23.037,119806,27600
2024-06-04 02:00+03:00,60,BUMSC2/MSCServerFunction:BUMSC2,Reliable,87875,82102,12061,12597,28.06,87875,24658
2024-06-04 02:00+03:00,60,AHMSC4/MSCServerFunction:AHMSC4,Reliable,89056,83823,11382,14891,29.502,89056,26273
2024-06-04 03:00+03:00,60,AHMSC3/MSCServerFunction:AHMSC3,Reliable,94942,89341,12047,12622,25.983,94942,24669
2024-06-04 03:00+03:00,60,BUMSC1/MSCServerFunction:BUMSC1,Reliable,102158,96195,10670,12158,22.346,102158,22828
2024-06-04 03:00+03:00,60,BUMSC2/MSCServerFunction:BUMSC2,Reliable,75149,70427,10140,10623,27.629,75149,20763
2024-06-04 03:00+03:00,60,AHMSC4/MSCServerFunction:AHMSC4,Reliable,76131,71762,9601,12314,28.785999999999998,76131,21915
2024-06-04 04:00+03:00,60,AHMSC3/MSCServerFunction:AHMSC3,Reliable,103920,97997,15571,15767,30.156,103920,31338
2024-06-04 04:00+03:00,60,BUMSC1/MSCServerFunction:BUMSC1,Reliable,111276,104570,13580,15981,26.565,111276,29561
2024-06-04 04:00+03:00,60,BUMSC2/MSCServerFunction:BUMSC2,Reliable,82195,77109,12839,14285,33.0,82195,27124
2024-06-04 04:00+03:00,60,AHMSC4/MSCServerFunction:AHMSC4,Reliable,85991,81231,12022,15825,32.384,85991,27847
2024-06-04 05:00+03:00,60,AHMSC3/MSCServerFunction:AHMSC3,Reliable,254313,239896,41642,42789,33.2,254313,84431
2024-06-04 05:00+03:00,60,BUMSC1/MSCServerFunction:BUMSC1,Reliable,274572,257416,37058,43104,29.195,274572,80162
2024-06-04 05:00+03:00,60,BUMSC2/MSCServerFunction:BUMSC2,Reliable,216211,202918,37009,41492,36.308,216211,78501
2024-06-04 05:00+03:00,60,AHMSC4/MSCServerFunction:AHMSC4,Reliable,209314,197109,33260,43223,36.54,209314,76483
2024-06-04 06:00+03:00,60,AHMSC3/MSCServerFunction:AHMSC3,Reliable,1055908,999318,178357,187282,34.628,1055908,365639
2024-06-04 06:00+03:00,60,BUMSC1/MSCServerFunction:BUMSC1,Reliable,1160606,1091031,160381,186612,29.898000000000003,1160606,346993
2024-06-04 06:00+03:00,60,BUMSC2/MSCServerFunction:BUMSC2,Reliable,916644,861384,160849,185023,37.732,916644,345872
2024-06-04 06:00+03:00,60,AHMSC4/MSCServerFunction:AHMSC4,Reliable,867176,818999,145513,186409,38.275999999999996,867176,331922
2024-06-04 07:00+03:00,60,AHMSC3/MSCServerFunction:AHMSC3,Reliable,2223285,2116311,408447,427414,37.596,2223285,835861
2024-06-04 07:00+03:00,60,BUMSC1/MSCServerFunction:BUMSC1,Reliable,2418844,2290004,365906,427687,32.809,2418844,793593
2024-06-04 07:00+03:00,60,BUMSC2/MSCServerFunction:BUMSC2,Reliable,1971282,1865245,373177,426649,40.574,1971282,799826
2024-06-04 07:00+03:00,60,AHMSC4/MSCServerFunction:AHMSC4,Reliable,1843677,1751381,331789,425810,41.092,1843677,757599
2024-06-04 08:00+03:00,60,AHMSC3/MSCServerFunction:AHMSC3,Reliable,2801581,2679502,546990,567079,39.766,2801581,1114069
2024-06-04 08:00+03:00,60,BUMSC1/MSCServerFunction:BUMSC1,Reliable,2992754,2848929,491202,566661,35.347,2992754,1057863
2024-06-04 08:00+03:00,60,BUMSC2/MSCServerFunction:BUMSC2,Reliable,2505030,2384677,500346,566480,42.586999999999996,2505030,1066826
2024-06-04 08:00+03:00,60,AHMSC4/MSCServerFunction:AHMSC4,Reliable,2339052,2232464,442688,564805,43.073,2339052,1007493
2024-06-04 09:00+03:00,60,AHMSC3/MSCServerFunction:AHMSC3,Reliable,3119066,2990390,630557,647048,40.961000000000006,3119066,1277605
2024-06-04 09:00+03:00,60,BUMSC1/MSCServerFunction:BUMSC1,Reliable,3285012,3136048,561609,642793,36.664,3285012,1204402
2024-06-04 09:00+03:00,60,BUMSC2/MSCServerFunction:BUMSC2,Reliable,2787643,2660863,576085,644078,43.77,2787643,1220163
2024-06-04 09:00+03:00,60,AHMSC4/MSCServerFunction:AHMSC4,Reliable,2600747,2488760,504254,646161,44.233999999999995,2600747,1150415
2024-06-04 10:00+03:00,60,AHMSC3/MSCServerFunction:AHMSC3,Reliable,3290975,3154373,667428,685750,41.118,3290975,1353178
2024-06-04 10:00+03:00,60,BUMSC1/MSCServerFunction:BUMSC1,Reliable,3449047,3293451,594895,678818,36.929,3449047,1273713
2024-06-04 10:00+03:00,60,BUMSC2/MSCServerFunction:BUMSC2,Reliable,2945034,2811877,610783,683069,43.933,2945034,1293852
2024-06-04 10:00+03:00,60,AHMSC4/MSCServerFunction:AHMSC4,Reliable,2744156,2626285,534150,684107,44.395,2744156,1218257
2024-06-04 11:00+03:00,60,AHMSC3/MSCServerFunction:AHMSC3,Reliable,3254752,3118956,660381,676657,41.08,3254752,1337038
2024-06-04 11:00+03:00,60,BUMSC1/MSCServerFunction:BUMSC1,Reliable,3407036,3251936,587496,672818,36.992,3407036,1260314
2024-06-04 11:00+03:00,60,BUMSC2/MSCServerFunction:BUMSC2,Reliable,2921815,2788782,603134,674272,43.72,2921815,1277406
2024-06-04 11:00+03:00,60,AHMSC4/MSCServerFunction:AHMSC4,Reliable,2721329,2603347,528993,675481,44.261,2721329,1204474
2024-06-04 12:00+03:00,60,AHMSC3/MSCServerFunction:AHMSC3,Reliable,3228627,3094077,650260,664257,40.714,3228627,1314517
2024-06-04 12:00+03:00,60,BUMSC1/MSCServerFunction:BUMSC1,Reliable,3368392,3214495,577731,660375,36.757,3368392,1238106
2024-06-04 12:00+03:00,60,BUMSC2/MSCServerFunction:BUMSC2,Reliable,2907452,2774653,593353,665418,43.295,2907452,1258771
2024-06-04 12:00+03:00,60,AHMSC4/MSCServerFunction:AHMSC4,Reliable,2695643,2578172,521632,665238,44.028999999999996,2695643,1186870
2024-06-04 13:00+03:00,60,AHMSC3/MSCServerFunction:AHMSC3,Reliable,3258749,3122145,653077,668711,40.561,3258749,1321788
2024-06-04 13:00+03:00,60,BUMSC1/MSCServerFunction:BUMSC1,Reliable,3394745,3239853,581356,662272,36.634,3394745,1243628
2024-06-04 13:00+03:00,60,BUMSC2/MSCServerFunction:BUMSC2,Reliable,2919576,2784949,596553,668844,43.342,2919576,1265397
2024-06-04 13:00+03:00,60,AHMSC4/MSCServerFunction:AHMSC4,Reliable,2716879,2598193,523462,669482,43.909,2716879,1192944
2024-06-04 14:00+03:00,60,AHMSC3/MSCServerFunction:AHMSC3,Reliable,3206893,3071139,640811,658244,40.508,3206893,1299055
2024-06-04 14:00+03:00,60,BUMSC1/MSCServerFunction:BUMSC1,Reliable,3321757,3168909,570997,649979,36.757,3321757,1220976
2024-06-04 14:00+03:00,60,BUMSC2/MSCServerFunction:BUMSC2,Reliable,2866066,2732579,587674,655458,43.373999999999995,2866066,1243132
2024-06-04 14:00+03:00,60,AHMSC4/MSCServerFunction:AHMSC4,Reliable,2675366,2556793,514574,657529,43.81100000000001,2675366,1172103
2024-06-04 15:00+03:00,60,AHMSC3/MSCServerFunction:AHMSC3,Reliable,3168082,3032234,626671,644709,40.131,3168082,1271380
2024-06-04 15:00+03:00,60,BUMSC1/MSCServerFunction:BUMSC1,Reliable,3273846,3121044,558164,636799,36.5,3273846,1194963
2024-06-04 15:00+03:00,60,BUMSC2/MSCServerFunction:BUMSC2,Reliable,2833333,2698747,574508,644058,43.008,2833333,1218566
2024-06-04 15:00+03:00,60,AHMSC4/MSCServerFunction:AHMSC4,Reliable,2638438,2519933,503967,641911,43.43,2638438,1145878
2024-06-04 16:00+03:00,60,AHMSC3/MSCServerFunction:AHMSC3,Reliable,3263757,3122231,637655,654298,39.585,3263757,1291953
2024-06-04 16:00+03:00,60,BUMSC1/MSCServerFunction:BUMSC1,Reliable,3363265,3205152,565955,646747,36.056999999999995,3363265,1212702
2024-06-04 16:00+03:00,60,BUMSC2/MSCServerFunction:BUMSC2,Reliable,2910567,2770905,583026,650260,42.373000000000005,2910567,1233286
2024-06-04 16:00+03:00,60,AHMSC4/MSCServerFunction:AHMSC4,Reliable,2720412,2595725,509756,653316,42.754,2720412,1163072
2024-06-04 17:00+03:00,60,AHMSC3/MSCServerFunction:AHMSC3,Reliable,3493637,3342106,670708,687507,38.876999999999995,3493637,1358215
2024-06-04 17:00+03:00,60,BUMSC1/MSCServerFunction:BUMSC1,Reliable,3614413,3444424,594440,681946,35.314,3614413,1276386
2024-06-04 17:00+03:00,60,BUMSC2/MSCServerFunction:BUMSC2,Reliable,3110362,2960514,608441,688297,41.691,3110362,1296738
2024-06-04 17:00+03:00,60,AHMSC4/MSCServerFunction:AHMSC4,Reliable,2906827,2774154,536356,690060,42.191,2906827,1226416
2024-06-04 18:00+03:00,60,AHMSC3/MSCServerFunction:AHMSC3,Reliable,3838351,3670100,716651,740708,37.968,3838351,1457359
2024-06-04 18:00+03:00,60,BUMSC1/MSCServerFunction:BUMSC1,Reliable,3979363,3789739,634947,733382,34.385999999999996,3979363,1368329
2024-06-04 18:00+03:00,60,BUMSC2/MSCServerFunction:BUMSC2,Reliable,3412634,3246583,651451,739811,40.768,3412634,1391262
2024-06-04 18:00+03:00,60,AHMSC4/MSCServerFunction:AHMSC4,Reliable,3195164,3046002,573910,740688,41.143,3195164,1314598
2024-06-04 19:00+03:00,60,AHMSC3/MSCServerFunction:AHMSC3,Reliable,4616067,4419044,841541,878102,37.253,4616067,1719643
2024-06-04 19:00+03:00,60,BUMSC1/MSCServerFunction:BUMSC1,Reliable,4833296,4598887,756583,868369,33.62,4833296,1624952
2024-06-04 19:00+03:00,60,BUMSC2/MSCServerFunction:BUMSC2,Reliable,4108002,3903129,766715,882093,40.135999999999996,4108002,1648808
2024-06-04 19:00+03:00,60,AHMSC4/MSCServerFunction:AHMSC4,Reliable,3860459,3674291,681218,880337,40.45,3860459,1561555
2024-06-04 20:00+03:00,60,AHMSC3/MSCServerFunction:AHMSC3,Reliable,4330316,4135849,769138,809240,36.449,4330316,1578378
2024-06-04 20:00+03:00,60,BUMSC1/MSCServerFunction:BUMSC1,Reliable,4515245,4285106,693618,798999,33.056999999999995,4515245,1492617
2024-06-04 20:00+03:00,60,BUMSC2/MSCServerFunction:BUMSC2,Reliable,3846637,3645075,703789,807539,39.29,3846637,1511328
2024-06-04 20:00+03:00,60,AHMSC4/MSCServerFunction:AHMSC4,Reliable,3602941,3419969,622588,805835,39.646,3602941,1428423
2024-06-04 21:00+03:00,60,AHMSC3/MSCServerFunction:AHMSC3,Reliable,3554876,3383307,612158,648210,35.455,3554876,1260368
2024-06-04 21:00+03:00,60,BUMSC1/MSCServerFunction:BUMSC1,Reliable,3671519,3477562,550987,638647,32.402,3671519,1189634
2024-06-04 21:00+03:00,60,BUMSC2/MSCServerFunction:BUMSC2,Reliable,3165252,2992849,562464,647699,38.233000000000004,3165252,1210163
2024-06-04 21:00+03:00,60,AHMSC4/MSCServerFunction:AHMSC4,Reliable,2972334,2816198,499479,646863,38.567,2972334,1146342
2024-06-04 22:00+03:00,60,AHMSC3/MSCServerFunction:AHMSC3,Reliable,2388156,2270571,391131,418226,33.89,2388156,809357
2024-06-04 22:00+03:00,60,BUMSC1/MSCServerFunction:BUMSC1,Reliable,2448123,2318339,353021,413060,31.293000000000003,2448123,766081
2024-06-04 22:00+03:00,60,BUMSC2/MSCServerFunction:BUMSC2,Reliable,2133417,2016422,361605,417938,36.54,2133417,779543
2024-06-04 22:00+03:00,60,AHMSC4/MSCServerFunction:AHMSC4,Reliable,2002238,1896623,321470,417504,36.907,2002238,738974
2024-06-04 23:00+03:00,60,AHMSC3/MSCServerFunction:AHMSC3,Reliable,1042907,991840,162834,170455,31.958000000000002,1042907,333289
2024-06-04 23:00+03:00,60,BUMSC1/MSCServerFunction:BUMSC1,Reliable,1051883,996327,144461,168068,29.711,1051883,312529
2024-06-04 23:00+03:00,60,BUMSC2/MSCServerFunction:BUMSC2,Reliable,919522,869610,149737,171206,34.903,919522,320943
2024-06-04 23:00+03:00,60,AHMSC4/MSCServerFunction:AHMSC4,Reliable,864933,819951,132125,172234,35.189,864933,304359
2024-06-04 00:00+03:00,60,BUMSC5/MSCServerFunction:BUMSC5,Reliable,1055,1005,137,206,32.512,1055,343
2024-06-04 00:00+03:00,60,RWMSC6/MSCServerFunction:RWMSC6,Reliable,0,0,0,0,,0,0
2024-06-04 01:00+03:00,60,BUMSC5/MSCServerFunction:BUMSC5,Reliable,1023,985,171,214,37.634,1023,385
2024-06-04 01:00+03:00,60,RWMSC6/MSCServerFunction:RWMSC6,Reliable,0,0,0,0,,0,0
2024-06-04 02:00+03:00,60,BUMSC5/MSCServerFunction:BUMSC5,Reliable,595,572,79,118,33.109,595,197
2024-06-04 02:00+03:00,60,RWMSC6/MSCServerFunction:RWMSC6,Reliable,0,0,0,0,,0,0
2024-06-04 03:00+03:00,60,BUMSC5/MSCServerFunction:BUMSC5,Reliable,462,450,83,84,36.147,462,167
2024-06-04 03:00+03:00,60,RWMSC6/MSCServerFunction:RWMSC6,Reliable,0,0,0,0,,0,0
2024-06-04 04:00+03:00,60,BUMSC5/MSCServerFunction:BUMSC5,Reliable,200,195,48,31,39.5,200,79
2024-06-04 04:00+03:00,60,RWMSC6/MSCServerFunction:RWMSC6,Reliable,0,0,0,0,,0,0
2024-06-04 05:00+03:00,60,RWMSC6/MSCServerFunction:RWMSC6,Reliable,0,0,0,0,,0,0
2024-06-04 06:00+03:00,60,BUMSC5/MSCServerFunction:BUMSC5,Reliable,0,0,0,0,,0,0
2024-06-04 06:00+03:00,60,RWMSC6/MSCServerFunction:RWMSC6,Reliable,0,10,0,0,,0,0
2024-06-04 07:00+03:00,60,BUMSC5/MSCServerFunction:BUMSC5,Reliable,0,0,0,0,,0,0
2024-06-04 07:00+03:00,60,RWMSC6/MSCServerFunction:RWMSC6,Reliable,0,6,0,0,,0,0
2024-06-04 08:00+03:00,60,BUMSC5/MSCServerFunction:BUMSC5,Reliable,0,3,0,0,,0,0
2024-06-04 08:00+03:00,60,RWMSC6/MSCServerFunction:RWMSC6,Reliable,0,4,0,0,,0,0
2024-06-04 09:00+03:00,60,BUMSC5/MSCServerFunction:BUMSC5,Reliable,0,4,0,0,,0,0
2024-06-04 09:00+03:00,60,RWMSC6/MSCServerFunction:RWMSC6,Reliable,0,6,0,0,,0,0
2024-06-04 10:00+03:00,60,BUMSC5/MSCServerFunction:BUMSC5,Reliable,0,9,0,0,,0,0
2024-06-04 10:00+03:00,60,RWMSC6/MSCServerFunction:RWMSC6,Reliable,0,2,0,0,,0,0
2024-06-04 11:00+03:00,60,BUMSC5/MSCServerFunction:BUMSC5,Reliable,0,5,0,0,,0,0
2024-06-04 11:00+03:00,60,RWMSC6/MSCServerFunction:RWMSC6,Reliable,0,1,0,0,,0,0
2024-06-04 12:00+03:00,60,BUMSC5/MSCServerFunction:BUMSC5,Reliable,0,9,0,0,,0,0
2024-06-04 12:00+03:00,60,RWMSC6/MSCServerFunction:RWMSC6,Reliable,0,10,0,0,,0,0
2024-06-04 13:00+03:00,60,BUMSC5/MSCServerFunction:BUMSC5,Reliable,0,3,0,0,,0,0
2024-06-04 13:00+03:00,60,RWMSC6/MSCServerFunction:RWMSC6,Reliable,0,4,0,0,,0,0
2024-06-04 14:00+03:00,60,BUMSC5/MSCServerFunction:BUMSC5,Reliable,0,10,0,0,,0,0
2024-06-04 14:00+03:00,60,RWMSC6/MSCServerFunction:RWMSC6,Reliable,0,4,0,0,,0,0
2024-06-04 15:00+03:00,60,BUMSC5/MSCServerFunction:BUMSC5,Reliable,0,12,0,0,,0,0
2024-06-04 15:00+03:00,60,RWMSC6/MSCServerFunction:RWMSC6,Reliable,0,12,0,0,,0,0
2024-06-04 16:00+03:00,60,BUMSC5/MSCServerFunction:BUMSC5,Reliable,0,8,0,0,,0,0
2024-06-04 16:00+03:00,60,RWMSC6/MSCServerFunction:RWMSC6,Reliable,0,5,0,0,,0,0
2024-06-04 17:00+03:00,60,BUMSC5/MSCServerFunction:BUMSC5,Reliable,0,4,0,0,,0,0
2024-06-04 17:00+03:00,60,RWMSC6/MSCServerFunction:RWMSC6,Reliable,0,6,0,0,,0,0
2024-06-04 18:00+03:00,60,BUMSC5/MSCServerFunction:BUMSC5,Reliable,0,9,0,0,,0,0
2024-06-04 18:00+03:00,60,RWMSC6/MSCServerFunction:RWMSC6,Reliable,0,11,0,0,,0,0
2024-06-04 19:00+03:00,60,BUMSC5/MSCServerFunction:BUMSC5,Reliable,0,19,0,0,,0,0
2024-06-04 19:00+03:00,60,RWMSC6/MSCServerFunction:RWMSC6,Reliable,0,4,0,0,,0,0
2024-06-04 20:00+03:00,60,BUMSC5/MSCServerFunction:BUMSC5,Reliable,0,4,0,0,,0,0
2024-06-04 20:00+03:00,60,RWMSC6/MSCServerFunction:RWMSC6,Reliable,0,22,0,0,,0,0
2024-06-04 21:00+03:00,60,BUMSC5/MSCServerFunction:BUMSC5,Reliable,0,13,0,0,,0,0
2024-06-04 21:00+03:00,60,RWMSC6/MSCServerFunction:RWMSC6,Reliable,0,12,0,0,,0,0
2024-06-04 22:00+03:00,60,BUMSC5/MSCServerFunction:BUMSC5,Reliable,0,5,0,0,,0,0
2024-06-04 22:00+03:00,60,RWMSC6/MSCServerFunction:RWMSC6,Reliable,0,40,0,0,,0,0
2024-06-04 23:00+03:00,60,BUMSC5/MSCServerFunction:BUMSC5,Reliable,0,0,0,0,,0,0
2024-06-04 23:00+03:00,60,RWMSC6/MSCServerFunction:RWMSC6,Reliable,0,0,0,0,,0,0
