Result Time,Granularity Period,Object Name,Reliability,Average System Load
2024-06-04 00:00+03:00,60,"BUMGW01/Software System:System ID=0, System name=CloudSE2980",Reliable,4.978
2024-06-04 00:00+03:00,60,"MDMGW08/Software System:System ID=0, System name=CloudSE2980",Reliable,4.127
2024-06-04 00:00+03:00,60,"MKMGW05/Software System:System ID=0, System name=CloudSE2980",Reliable,4.713
2024-06-04 00:00+03:00,60,"JNMGW07/Software System:System ID=0, System name=CloudSE2980",Reliable,4.671
2024-06-04 01:00+03:00,60,"BUMGW01/Software System:System ID=0, System name=CloudSE2980",Reliable,3.332
2024-06-04 01:00+03:00,60,"MDMGW08/Software System:System ID=0, System name=CloudSE2980",Reliable,3.427
2024-06-04 01:00+03:00,60,"MKMGW05/Software System:System ID=0, System name=CloudSE2980",Reliable,3.702
2024-06-04 01:00+03:00,60,"JNMGW07/Software System:System ID=0, System name=CloudSE2980",Reliable,3.2260000000000004
2024-06-04 02:00+03:00,60,"BUMGW01/Software System:System ID=0, System name=CloudSE2980",Reliable,2.912
2024-06-04 02:00+03:00,60,"MDMGW08/Software System:System ID=0, System name=CloudSE2980",Reliable,3.003
2024-06-04 02:00+03:00,60,"MKMGW05/Software System:System ID=0, System name=CloudSE2980",Reliable,3.215
2024-06-04 02:00+03:00,60,"JNMGW07/Software System:System ID=0, System name=CloudSE2980",Reliable,2.806
2024-06-04 03:00+03:00,60,"BUMGW01/Software System:System ID=0, System name=CloudSE2980",Reliable,2.6260000000000003
2024-06-04 03:00+03:00,60,"MDMGW08/Software System:System ID=0, System name=CloudSE2980",Reliable,2.9019999999999997
2024-06-04 03:00+03:00,60,"MKMGW05/Software System:System ID=0, System name=CloudSE2980",Reliable,3.0
2024-06-04 03:00+03:00,60,"JNMGW07/Software System:System ID=0, System name=CloudSE2980",Reliable,2.57
2024-06-04 04:00+03:00,60,"BUMGW01/Software System:System ID=0, System name=CloudSE2980",Reliable,2.59
2024-06-04 04:00+03:00,60,"MDMGW08/Software System:System ID=0, System name=CloudSE2980",Reliable,2.9
2024-06-04 04:00+03:00,60,"MKMGW05/Software System:System ID=0, System name=CloudSE2980",Reliable,2.952
2024-06-04 04:00+03:00,60,"JNMGW07/Software System:System ID=0, System name=CloudSE2980",Reliable,2.557
2024-06-04 05:00+03:00,60,"BUMGW01/Software System:System ID=0, System name=CloudSE2980",Reliable,2.9989999999999997
2024-06-04 05:00+03:00,60,"MDMGW08/Software System:System ID=0, System name=CloudSE2980",Reliable,3.111
2024-06-04 05:00+03:00,60,"MKMGW05/Software System:System ID=0, System name=CloudSE2980",Reliable,3.286
2024-06-04 05:00+03:00,60,"JNMGW07/Software System:System ID=0, System name=CloudSE2980",Reliable,3.179
2024-06-04 06:00+03:00,60,"BUMGW01/Software System:System ID=0, System name=CloudSE2980",Reliable,4.208
2024-06-04 06:00+03:00,60,"MDMGW08/Software System:System ID=0, System name=CloudSE2980",Reliable,4.2219999999999995
2024-06-04 06:00+03:00,60,"MKMGW05/Software System:System ID=0, System name=CloudSE2980",Reliable,4.625
2024-06-04 06:00+03:00,60,"JNMGW07/Software System:System ID=0, System name=CloudSE2980",Reliable,5.375
2024-06-04 07:00+03:00,60,"BUMGW01/Software System:System ID=0, System name=CloudSE2980",Reliable,7.349
2024-06-04 07:00+03:00,60,"MDMGW08/Software System:System ID=0, System name=CloudSE2980",Reliable,6.103
2024-06-04 07:00+03:00,60,"MKMGW05/Software System:System ID=0, System name=CloudSE2980",Reliable,7.332999999999999
2024-06-04 07:00+03:00,60,"JNMGW07/Software System:System ID=0, System name=CloudSE2980",Reliable,9.166
2024-06-04 08:00+03:00,60,"BUMGW01/Software System:System ID=0, System name=CloudSE2980",Reliable,9.814
2024-06-04 08:00+03:00,60,"MDMGW08/Software System:System ID=0, System name=CloudSE2980",Reliable,6.992999999999999
2024-06-04 08:00+03:00,60,"MKMGW05/Software System:System ID=0, System name=CloudSE2980",Reliable,8.926
2024-06-04 08:00+03:00,60,"JNMGW07/Software System:System ID=0, System name=CloudSE2980",Reliable,11.185
2024-06-04 09:00+03:00,60,"BUMGW01/Software System:System ID=0, System name=CloudSE2980",Reliable,10.992
2024-06-04 09:00+03:00,60,"MDMGW08/Software System:System ID=0, System name=CloudSE2980",Reliable,7.28
2024-06-04 09:00+03:00,60,"MKMGW05/Software System:System ID=0, System name=CloudSE2980",Reliable,9.271
2024-06-04 09:00+03:00,60,"JNMGW07/Software System:System ID=0, System name=CloudSE2980",Reliable,11.902999999999999
2024-06-04 10:00+03:00,60,"BUMGW01/Software System:System ID=0, System name=CloudSE2980",Reliable,11.743
2024-06-04 10:00+03:00,60,"MDMGW08/Software System:System ID=0, System name=CloudSE2980",Reliable,7.417000000000001
2024-06-04 10:00+03:00,60,"MKMGW05/Software System:System ID=0, System name=CloudSE2980",Reliable,9.737
2024-06-04 10:00+03:00,60,"JNMGW07/Software System:System ID=0, System name=CloudSE2980",Reliable,12.23
2024-06-04 11:00+03:00,60,"BUMGW01/Software System:System ID=0, System name=CloudSE2980",Reliable,11.886
2024-06-04 11:00+03:00,60,"MDMGW08/Software System:System ID=0, System name=CloudSE2980",Reliable,7.2589999999999995
2024-06-04 11:00+03:00,60,"MKMGW05/Software System:System ID=0, System name=CloudSE2980",Reliable,9.611
2024-06-04 11:00+03:00,60,"JNMGW07/Software System:System ID=0, System name=CloudSE2980",Reliable,12.140999999999998
2024-06-04 12:00+03:00,60,"BUMGW01/Software System:System ID=0, System name=CloudSE2980",Reliable,11.591
2024-06-04 12:00+03:00,60,"MDMGW08/Software System:System ID=0, System name=CloudSE2980",Reliable,7.26
2024-06-04 12:00+03:00,60,"MKMGW05/Software System:System ID=0, System name=CloudSE2980",Reliable,9.293
2024-06-04 12:00+03:00,60,"JNMGW07/Software System:System ID=0, System name=CloudSE2980",Reliable,11.972000000000001
2024-06-04 13:00+03:00,60,"BUMGW01/Software System:System ID=0, System name=CloudSE2980",Reliable,11.524000000000001
2024-06-04 13:00+03:00,60,"MDMGW08/Software System:System ID=0, System name=CloudSE2980",Reliable,7.318
2024-06-04 13:00+03:00,60,"MKMGW05/Software System:System ID=0, System name=CloudSE2980",Reliable,9.536
2024-06-04 13:00+03:00,60,"JNMGW07/Software System:System ID=0, System name=CloudSE2980",Reliable,11.895
2024-06-04 14:00+03:00,60,"BUMGW01/Software System:System ID=0, System name=CloudSE2980",Reliable,11.222999999999999
2024-06-04 14:00+03:00,60,"MDMGW08/Software System:System ID=0, System name=CloudSE2980",Reliable,7.26
2024-06-04 14:00+03:00,60,"MKMGW05/Software System:System ID=0, System name=CloudSE2980",Reliable,9.462
2024-06-04 14:00+03:00,60,"JNMGW07/Software System:System ID=0, System name=CloudSE2980",Reliable,11.689
2024-06-04 15:00+03:00,60,"BUMGW01/Software System:System ID=0, System name=CloudSE2980",Reliable,11.16
2024-06-04 15:00+03:00,60,"MDMGW08/Software System:System ID=0, System name=CloudSE2980",Reliable,7.337999999999999
2024-06-04 15:00+03:00,60,"MKMGW05/Software System:System ID=0, System name=CloudSE2980",Reliable,9.501
2024-06-04 15:00+03:00,60,"JNMGW07/Software System:System ID=0, System name=CloudSE2980",Reliable,11.82
2024-06-04 16:00+03:00,60,"BUMGW01/Software System:System ID=0, System name=CloudSE2980",Reliable,11.241
2024-06-04 16:00+03:00,60,"MDMGW08/Software System:System ID=0, System name=CloudSE2980",Reliable,7.454
2024-06-04 16:00+03:00,60,"MKMGW05/Software System:System ID=0, System name=CloudSE2980",Reliable,9.594
2024-06-04 16:00+03:00,60,"JNMGW07/Software System:System ID=0, System name=CloudSE2980",Reliable,12.034
2024-06-04 17:00+03:00,60,"BUMGW01/Software System:System ID=0, System name=CloudSE2980",Reliable,11.693
2024-06-04 17:00+03:00,60,"MDMGW08/Software System:System ID=0, System name=CloudSE2980",Reliable,7.681
2024-06-04 17:00+03:00,60,"MKMGW05/Software System:System ID=0, System name=CloudSE2980",Reliable,9.847000000000001
2024-06-04 17:00+03:00,60,"JNMGW07/Software System:System ID=0, System name=CloudSE2980",Reliable,12.728
2024-06-04 18:00+03:00,60,"BUMGW01/Software System:System ID=0, System name=CloudSE2980",Reliable,12.214
2024-06-04 18:00+03:00,60,"MDMGW08/Software System:System ID=0, System name=CloudSE2980",Reliable,8.387
2024-06-04 18:00+03:00,60,"MKMGW05/Software System:System ID=0, System name=CloudSE2980",Reliable,10.44
2024-06-04 18:00+03:00,60,"JNMGW07/Software System:System ID=0, System name=CloudSE2980",Reliable,14.048
2024-06-04 19:00+03:00,60,"BUMGW01/Software System:System ID=0, System name=CloudSE2980",Reliable,13.72
2024-06-04 19:00+03:00,60,"MDMGW08/Software System:System ID=0, System name=CloudSE2980",Reliable,9.764
2024-06-04 19:00+03:00,60,"MKMGW05/Software System:System ID=0, System name=CloudSE2980",Reliable,12.069
2024-06-04 19:00+03:00,60,"JNMGW07/Software System:System ID=0, System name=CloudSE2980",Reliable,16.68
2024-06-04 20:00+03:00,60,"BUMGW01/Software System:System ID=0, System name=CloudSE2980",Reliable,15.082
2024-06-04 20:00+03:00,60,"MDMGW08/Software System:System ID=0, System name=CloudSE2980",Reliable,10.694
2024-06-04 20:00+03:00,60,"MKMGW05/Software System:System ID=0, System name=CloudSE2980",Reliable,13.123
2024-06-04 20:00+03:00,60,"JNMGW07/Software System:System ID=0, System name=CloudSE2980",Reliable,18.179000000000002
2024-06-04 21:00+03:00,60,"BUMGW01/Software System:System ID=0, System name=CloudSE2980",Reliable,15.117
2024-06-04 21:00+03:00,60,"MDMGW08/Software System:System ID=0, System name=CloudSE2980",Reliable,10.724
2024-06-04 21:00+03:00,60,"MKMGW05/Software System:System ID=0, System name=CloudSE2980",Reliable,12.709000000000001
2024-06-04 21:00+03:00,60,"JNMGW07/Software System:System ID=0, System name=CloudSE2980",Reliable,17.836
2024-06-04 22:00+03:00,60,"BUMGW01/Software System:System ID=0, System name=CloudSE2980",Reliable,13.245999999999999
2024-06-04 22:00+03:00,60,"MDMGW08/Software System:System ID=0, System name=CloudSE2980",Reliable,9.232999999999999
2024-06-04 22:00+03:00,60,"MKMGW05/Software System:System ID=0, System name=CloudSE2980",Reliable,11.350999999999999
2024-06-04 22:00+03:00,60,"JNMGW07/Software System:System ID=0, System name=CloudSE2980",Reliable,14.694
2024-06-04 23:00+03:00,60,"BUMGW01/Software System:System ID=0, System name=CloudSE2980",Reliable,8.618
2024-06-04 23:00+03:00,60,"MDMGW08/Software System:System ID=0, System name=CloudSE2980",Reliable,6.149
2024-06-04 23:00+03:00,60,"MKMGW05/Software System:System ID=0, System name=CloudSE2980",Reliable,7.69
2024-06-04 23:00+03:00,60,"JNMGW07/Software System:System ID=0, System name=CloudSE2980",Reliable,8.235
