Result Time,Granularity Period,Object Name,Reliability,BSS Trunk Overflow Times,Call Attempts,Common Resource Application Failures,SCR_2G_3G_DENOM,SCR_2G_3G_KPI,SCR_2G_3G_NOM,Temporary Error,Termination Application Failures
2024-06-06 00:00+03:00,60,"AHMSC3/Local Zone of caller:LABEL=0, STATICAREAX=0",Reliable,0,151308,0,231693,99.359,230209,332,920
2024-06-06 00:00+03:00,60,"BUMSC1/Local Zone of caller:LABEL=0, STATICAREAX=0",Reliable,0,148638,0,229845,99.745,229258,343,17
2024-06-06 00:00+03:00,60,"BUMSC2/Local Zone of caller:LABEL=0, STATICAREAX=0",Reliable,0,150413,0,223929,99.77799999999999,223431,295,31
2024-06-06 00:00+03:00,60,"AHMSC4/Local Zone of caller:LABEL=0, STATICAREAX=0",Reliable,0,151838,0,233549,98.084,229075,2632,7
2024-06-06 01:00+03:00,60,"AHMSC3/Local Zone of caller:LABEL=0, STATICAREAX=0",Reliable,0,65984,0,100239,98.898,99134,123,892
2024-06-06 01:00+03:00,60,"BUMSC1/Local Zone of caller:LABEL=0, STATICAREAX=0",Reliable,0,62905,0,97295,99.773,97074,105,5
2024-06-06 01:00+03:00,60,"BUMSC2/Local Zone of caller:LABEL=0, STATICAREAX=0",Reliable,0,60967,0,84257,99.79899999999999,84088,105,10
2024-06-06 01:00+03:00,60,"AHMSC4/Local Zone of caller:LABEL=0, STATICAREAX=0",Reliable,0,69169,0,106866,92.21,98541,4810,11
2024-06-06 02:00+03:00,60,"AHMSC3/Local Zone of caller:LABEL=0, STATICAREAX=0",Reliable,0,41254,0,61230,98.584,60363,95,731
2024-06-06 02:00+03:00,60,"BUMSC1/Local Zone of caller:LABEL=0, STATICAREAX=0",Reliable,0,40006,0,59828,99.764,59687,66,0
2024-06-06 02:00+03:00,60,"BUMSC2/Local Zone of caller:LABEL=0, STATICAREAX=0",Reliable,0,37608,0,50109,99.818,50018,71,3
2024-06-06 02:00+03:00,60,"AHMSC4/Local Zone of caller:LABEL=0, STATICAREAX=0",Reliable,0,44187,0,65562,92.456,60616,3105,9
2024-06-06 03:00+03:00,60,"AHMSC3/Local Zone of caller:LABEL=0, STATICAREAX=0",Reliable,0,36370,0,52569,98.15100000000001,51597,59,875
2024-06-06 03:00+03:00,60,"BUMSC1/Local Zone of caller:LABEL=0, STATICAREAX=0",Reliable,0,35590,0,51910,99.74600000000001,51778,61,3
2024-06-06 03:00+03:00,60,"BUMSC2/Local Zone of caller:LABEL=0, STATICAREAX=0",Reliable,0,33140,0,43172,99.803,43087,61,6
2024-06-06 03:00+03:00,60,"AHMSC4/Local Zone of caller:LABEL=0, STATICAREAX=0",Reliable,0,38883,0,57243,93.307,53412,2176,1
2024-06-06 04:00+03:00,60,"AHMSC3/Local Zone of caller:LABEL=0, STATICAREAX=0",Reliable,0,41292,0,59149,98.421,58215,66,843
2024-06-06 04:00+03:00,60,"BUMSC1/Local Zone of caller:LABEL=0, STATICAREAX=0",Reliable,0,40338,0,58114,99.838,58020,67,6
2024-06-06 04:00+03:00,60,"BUMSC2/Local Zone of caller:LABEL=0, STATICAREAX=0",Reliable,0,38260,0,50198,99.87299999999999,50134,47,0
2024-06-06 04:00+03:00,60,"AHMSC4/Local Zone of caller:LABEL=0, STATICAREAX=0",Reliable,0,44437,0,63452,93.06700000000001,59053,2748,1
2024-06-06 05:00+03:00,60,"AHMSC3/Local Zone of caller:LABEL=0, STATICAREAX=0",Reliable,0,91982,0,132783,99.137,131637,174,835
2024-06-06 05:00+03:00,60,"BUMSC1/Local Zone of caller:LABEL=0, STATICAREAX=0",Reliable,0,89473,0,130151,99.74700000000001,129822,221,3
2024-06-06 05:00+03:00,60,"BUMSC2/Local Zone of caller:LABEL=0, STATICAREAX=0",Reliable,0,86185,0,113436,99.758,113162,183,0
2024-06-06 05:00+03:00,60,"AHMSC4/Local Zone of caller:LABEL=0, STATICAREAX=0",Reliable,0,91347,0,132310,99.431,131557,466,2
2024-06-06 06:00+03:00,60,"AHMSC3/Local Zone of caller:LABEL=0, STATICAREAX=0",Reliable,0,372299,0,521660,99.616,519658,733,905
2024-06-06 06:00+03:00,60,"BUMSC1/Local Zone of caller:LABEL=0, STATICAREAX=0",Reliable,0,372243,0,523084,99.773,521897,794,24
2024-06-06 06:00+03:00,60,"BUMSC2/Local Zone of caller:LABEL=0, STATICAREAX=0",Reliable,0,360625,0,459442,99.777,458419,766,28
2024-06-06 06:00+03:00,60,"AHMSC4/Local Zone of caller:LABEL=0, STATICAREAX=0",Reliable,0,372881,0,522251,99.78299999999999,521116,734,20
2024-06-06 07:00+03:00,60,"AHMSC3/Local Zone of caller:LABEL=0, STATICAREAX=0",Reliable,0,766134,0,1133678,99.654,1129755,1992,1011
2024-06-06 07:00+03:00,60,"BUMSC1/Local Zone of caller:LABEL=0, STATICAREAX=0",Reliable,0,763991,0,1132553,99.74799999999999,1129703,1847,65
2024-06-06 07:00+03:00,60,"BUMSC2/Local Zone of caller:LABEL=0, STATICAREAX=0",Reliable,0,746140,0,986812,99.736,984210,1884,59
2024-06-06 07:00+03:00,60,"AHMSC4/Local Zone of caller:LABEL=0, STATICAREAX=0",Reliable,0,762101,0,1128342,99.76,1125630,1760,58
2024-06-06 08:00+03:00,60,"AHMSC3/Local Zone of caller:LABEL=0, STATICAREAX=0",Reliable,0,901108,0,1420290,99.677,1415700,2288,927
2024-06-06 08:00+03:00,60,"BUMSC1/Local Zone of caller:LABEL=0, STATICAREAX=0",Reliable,0,898047,0,1420486,99.73200000000001,1416685,2348,82
2024-06-06 08:00+03:00,60,"BUMSC2/Local Zone of caller:LABEL=0, STATICAREAX=0",Reliable,0,933823,0,1270303,99.727,1266841,2471,79
2024-06-06 08:00+03:00,60,"AHMSC4/Local Zone of caller:LABEL=0, STATICAREAX=0",Reliable,0,901079,0,1420092,99.71799999999999,1416086,2439,71
2024-06-06 09:00+03:00,60,"AHMSC3/Local Zone of caller:LABEL=0, STATICAREAX=0",Reliable,0,947786,0,1555705,99.65899999999999,1550393,2613,971
2024-06-06 09:00+03:00,60,"BUMSC1/Local Zone of caller:LABEL=0, STATICAREAX=0",Reliable,0,944806,0,1556965,99.734,1552824,2330,78
2024-06-06 09:00+03:00,60,"BUMSC2/Local Zone of caller:LABEL=0, STATICAREAX=0",Reliable,0,1025868,0,1415365,99.728,1411511,2605,90
2024-06-06 09:00+03:00,60,"AHMSC4/Local Zone of caller:LABEL=0, STATICAREAX=0",Reliable,0,942648,0,1551577,99.721,1547255,2488,115
2024-06-06 10:00+03:00,60,"AHMSC3/Local Zone of caller:LABEL=0, STATICAREAX=0",Reliable,0,1007672,0,1656859,99.69200000000001,1651754,2648,576
2024-06-06 10:00+03:00,60,"BUMSC1/Local Zone of caller:LABEL=0, STATICAREAX=0",Reliable,0,1003102,0,1654102,99.723,1649522,2515,72
2024-06-06 10:00+03:00,60,"BUMSC2/Local Zone of caller:LABEL=0, STATICAREAX=0",Reliable,0,1025830,0,1435465,99.72200000000001,1431470,2675,108
2024-06-06 10:00+03:00,60,"AHMSC4/Local Zone of caller:LABEL=0, STATICAREAX=0",Reliable,0,1000744,0,1650389,99.714,1645676,2631,109
2024-06-06 11:00+03:00,60,"AHMSC3/Local Zone of caller:LABEL=0, STATICAREAX=0",Reliable,0,1008794,0,1647380,99.689,1642252,2770,457
2024-06-06 11:00+03:00,60,"BUMSC1/Local Zone of caller:LABEL=0, STATICAREAX=0",Reliable,0,1000511,0,1640319,99.726,1635822,2519,93
2024-06-06 11:00+03:00,60,"BUMSC2/Local Zone of caller:LABEL=0, STATICAREAX=0",Reliable,0,999110,0,1400549,99.728,1396746,2476,98
2024-06-06 11:00+03:00,60,"AHMSC4/Local Zone of caller:LABEL=0, STATICAREAX=0",Reliable,0,999257,0,1636040,99.70700000000001,1631253,2674,123
2024-06-06 12:00+03:00,60,"AHMSC3/Local Zone of caller:LABEL=0, STATICAREAX=0",Reliable,0,1002286,0,1627582,99.66799999999999,1622186,2718,630
2024-06-06 12:00+03:00,60,"BUMSC1/Local Zone of caller:LABEL=0, STATICAREAX=0",Reliable,0,998725,0,1630815,99.698,1625892,2708,124
2024-06-06 12:00+03:00,60,"BUMSC2/Local Zone of caller:LABEL=0, STATICAREAX=0",Reliable,0,975701,0,1370418,99.714,1366505,2617,83
2024-06-06 12:00+03:00,60,"AHMSC4/Local Zone of caller:LABEL=0, STATICAREAX=0",Reliable,0,1000540,0,1629118,99.705,1624310,2655,92
2024-06-06 13:00+03:00,60,"AHMSC3/Local Zone of caller:LABEL=0, STATICAREAX=0",Reliable,0,1027434,0,1660070,99.65700000000001,1654369,2789,694
2024-06-06 13:00+03:00,60,"BUMSC1/Local Zone of caller:LABEL=0, STATICAREAX=0",Reliable,0,1021818,0,1657171,99.68799999999999,1651999,2801,109
2024-06-06 13:00+03:00,60,"BUMSC2/Local Zone of caller:LABEL=0, STATICAREAX=0",Reliable,0,990532,0,1386756,99.698,1382566,2685,112
2024-06-06 13:00+03:00,60,"AHMSC4/Local Zone of caller:LABEL=0, STATICAREAX=0",Reliable,0,1023587,0,1655776,99.691,1650665,2818,92
2024-06-06 14:00+03:00,60,"AHMSC3/Local Zone of caller:LABEL=0, STATICAREAX=0",Reliable,0,1016658,0,1626337,99.667,1620917,2538,945
2024-06-06 14:00+03:00,60,"BUMSC1/Local Zone of caller:LABEL=0, STATICAREAX=0",Reliable,0,1008395,0,1620941,99.713,1616283,2548,80
2024-06-06 14:00+03:00,60,"BUMSC2/Local Zone of caller:LABEL=0, STATICAREAX=0",Reliable,0,968914,0,1351386,99.71799999999999,1347574,2510,91
2024-06-06 14:00+03:00,60,"AHMSC4/Local Zone of caller:LABEL=0, STATICAREAX=0",Reliable,0,1008015,0,1616454,99.709,1611746,2593,106
2024-06-06 15:00+03:00,60,"AHMSC3/Local Zone of caller:LABEL=0, STATICAREAX=0",Reliable,0,1009418,0,1586019,99.675,1580869,2494,793
2024-06-06 15:00+03:00,60,"BUMSC1/Local Zone of caller:LABEL=0, STATICAREAX=0",Reliable,0,997766,0,1578814,99.729,1574528,2466,97
2024-06-06 15:00+03:00,60,"BUMSC2/Local Zone of caller:LABEL=0, STATICAREAX=0",Reliable,0,952112,0,1314156,99.73200000000001,1310630,2336,119
2024-06-06 15:00+03:00,60,"AHMSC4/Local Zone of caller:LABEL=0, STATICAREAX=0",Reliable,0,998407,0,1577879,99.71700000000001,1573415,2602,110
2024-06-06 16:00+03:00,60,"AHMSC3/Local Zone of caller:LABEL=0, STATICAREAX=0",Reliable,0,1048458,0,1650475,99.689,1645342,2615,649
2024-06-06 16:00+03:00,60,"BUMSC1/Local Zone of caller:LABEL=0, STATICAREAX=0",Reliable,0,1047239,0,1651432,99.729,1646964,2638,83
2024-06-06 16:00+03:00,60,"BUMSC2/Local Zone of caller:LABEL=0, STATICAREAX=0",Reliable,0,987843,0,1364015,99.734,1360380,2373,111
2024-06-06 16:00+03:00,60,"AHMSC4/Local Zone of caller:LABEL=0, STATICAREAX=0",Reliable,0,1043656,0,1646977,99.721,1642379,2602,109
2024-06-06 17:00+03:00,60,"AHMSC3/Local Zone of caller:LABEL=0, STATICAREAX=0",Reliable,0,1145745,0,1792324,99.69200000000001,1786806,3004,656
2024-06-06 17:00+03:00,60,"BUMSC1/Local Zone of caller:LABEL=0, STATICAREAX=0",Reliable,0,1142546,0,1789507,99.73299999999999,1784727,2830,105
2024-06-06 17:00+03:00,60,"BUMSC2/Local Zone of caller:LABEL=0, STATICAREAX=0",Reliable,0,1077373,0,1482613,99.729,1478595,2706,115
2024-06-06 17:00+03:00,60,"AHMSC4/Local Zone of caller:LABEL=0, STATICAREAX=0",Reliable,0,1142670,0,1790619,99.71600000000001,1785542,3022,134
2024-06-06 18:00+03:00,60,"AHMSC3/Local Zone of caller:LABEL=0, STATICAREAX=0",Reliable,0,1278447,0,1962216,99.677,1955870,3413,799
2024-06-06 18:00+03:00,60,"BUMSC1/Local Zone of caller:LABEL=0, STATICAREAX=0",Reliable,0,1266949,0,1949313,99.71600000000001,1943780,3266,163
2024-06-06 18:00+03:00,60,"BUMSC2/Local Zone of caller:LABEL=0, STATICAREAX=0",Reliable,0,1190328,0,1616553,99.71,1611864,3269,103
2024-06-06 18:00+03:00,60,"AHMSC4/Local Zone of caller:LABEL=0, STATICAREAX=0",Reliable,0,1273190,0,1954948,99.706,1949210,3510,133
2024-06-06 19:00+03:00,60,"AHMSC3/Local Zone of caller:LABEL=0, STATICAREAX=0",Reliable,0,1608315,0,2367981,99.64200000000001,2359495,4882,803
2024-06-06 19:00+03:00,60,"BUMSC1/Local Zone of caller:LABEL=0, STATICAREAX=0",Reliable,0,1597120,0,2357216,99.679,2349658,4852,212
2024-06-06 19:00+03:00,60,"BUMSC2/Local Zone of caller:LABEL=0, STATICAREAX=0",Reliable,0,1482893,0,1958980,99.68700000000001,1952851,4321,143
2024-06-06 19:00+03:00,60,"AHMSC4/Local Zone of caller:LABEL=0, STATICAREAX=0",Reliable,0,1603713,0,2365635,99.682,2358115,4763,214
2024-06-06 20:00+03:00,60,"AHMSC3/Local Zone of caller:LABEL=0, STATICAREAX=0",Reliable,0,1570601,0,2265197,99.60600000000001,2256265,5256,807
2024-06-06 20:00+03:00,60,"BUMSC1/Local Zone of caller:LABEL=0, STATICAREAX=0",Reliable,0,1552965,0,2249314,99.64200000000001,2241259,5193,190
2024-06-06 20:00+03:00,60,"BUMSC2/Local Zone of caller:LABEL=0, STATICAREAX=0",Reliable,0,1427684,0,1861059,99.655,1854639,4687,159
2024-06-06 20:00+03:00,60,"AHMSC4/Local Zone of caller:LABEL=0, STATICAREAX=0",Reliable,0,1557086,0,2251965,99.63600000000001,2243766,5187,225
2024-06-06 21:00+03:00,60,"AHMSC3/Local Zone of caller:LABEL=0, STATICAREAX=0",Reliable,0,1310684,0,1895936,99.598,1888315,4475,646
2024-06-06 21:00+03:00,60,"BUMSC1/Local Zone of caller:LABEL=0, STATICAREAX=0",Reliable,0,1293392,0,1880700,99.641,1873957,4271,166
2024-06-06 21:00+03:00,60,"BUMSC2/Local Zone of caller:LABEL=0, STATICAREAX=0",Reliable,0,1179808,0,1546402,99.65,1540993,3823,136
2024-06-06 21:00+03:00,60,"AHMSC4/Local Zone of caller:LABEL=0, STATICAREAX=0",Reliable,0,1297114,0,1885497,99.618,1878297,4541,214
2024-06-06 22:00+03:00,60,"AHMSC3/Local Zone of caller:LABEL=0, STATICAREAX=0",Reliable,0,872741,0,1285774,99.61,1280763,2747,580
2024-06-06 22:00+03:00,60,"BUMSC1/Local Zone of caller:LABEL=0, STATICAREAX=0",Reliable,0,863084,0,1275795,99.647,1271294,2730,139
2024-06-06 22:00+03:00,60,"BUMSC2/Local Zone of caller:LABEL=0, STATICAREAX=0",Reliable,0,781474,0,1035572,99.652,1031966,2431,124
2024-06-06 22:00+03:00,60,"AHMSC4/Local Zone of caller:LABEL=0, STATICAREAX=0",Reliable,0,867403,0,1280648,99.639,1276019,2798,114
2024-06-06 23:00+03:00,60,"AHMSC3/Local Zone of caller:LABEL=0, STATICAREAX=0",Reliable,0,374200,0,573808,99.546,571204,1134,793
2024-06-06 23:00+03:00,60,"BUMSC1/Local Zone of caller:LABEL=0, STATICAREAX=0",Reliable,0,370203,0,567700,99.709,566046,994,47
2024-06-06 23:00+03:00,60,"BUMSC2/Local Zone of caller:LABEL=0, STATICAREAX=0",Reliable,0,335956,0,458487,99.69,457064,979,26
2024-06-06 23:00+03:00,60,"AHMSC4/Local Zone of caller:LABEL=0, STATICAREAX=0",Reliable,0,373759,0,570749,99.679,568915,1065,53
2024-06-06 00:00+03:00,60,"BUMSC5/Local Zone of caller:LABEL=0, STATICAREAX=0",Reliable,0,9799,0,17688,99.729,17640,30,2
2024-06-06 00:00+03:00,60,"RWMSC6/Local Zone of caller:LABEL=0, STATICAREAX=0",Reliable,0,0,0,0,,0,0,0
2024-06-06 01:00+03:00,60,"BUMSC5/Local Zone of caller:LABEL=0, STATICAREAX=0",Reliable,0,16831,0,29640,99.75399999999999,29567,21,0
2024-06-06 01:00+03:00,60,"RWMSC6/Local Zone of caller:LABEL=0, STATICAREAX=0",Reliable,0,0,0,0,,0,0,0
2024-06-06 02:00+03:00,60,"BUMSC5/Local Zone of caller:LABEL=0, STATICAREAX=0",Reliable,0,8532,0,15992,99.781,15957,18,2
2024-06-06 02:00+03:00,60,"RWMSC6/Local Zone of caller:LABEL=0, STATICAREAX=0",Reliable,0,0,0,0,,0,0,0
2024-06-06 03:00+03:00,60,"BUMSC5/Local Zone of caller:LABEL=0, STATICAREAX=0",Reliable,0,5519,0,12155,99.86,12138,13,0
2024-06-06 03:00+03:00,60,"RWMSC6/Local Zone of caller:LABEL=0, STATICAREAX=0",Reliable,0,0,0,2,100.0,2,0,0
2024-06-06 04:00+03:00,60,"BUMSC5/Local Zone of caller:LABEL=0, STATICAREAX=0",Reliable,0,4499,0,11847,99.882,11833,3,2
2024-06-06 04:00+03:00,60,"RWMSC6/Local Zone of caller:LABEL=0, STATICAREAX=0",Reliable,0,0,0,0,,0,0,0
2024-06-06 05:00+03:00,60,"BUMSC5/Local Zone of caller:LABEL=0, STATICAREAX=0",Reliable,0,8769,0,25262,99.81,25214,18,0
2024-06-06 05:00+03:00,60,"RWMSC6/Local Zone of caller:LABEL=0, STATICAREAX=0",Reliable,0,0,0,0,,0,0,0
2024-06-06 06:00+03:00,60,"BUMSC5/Local Zone of caller:LABEL=0, STATICAREAX=0",Reliable,0,37369,0,95974,99.79299999999999,95775,91,6
2024-06-06 06:00+03:00,60,"RWMSC6/Local Zone of caller:LABEL=0, STATICAREAX=0",Reliable,0,0,0,0,,0,0,0
2024-06-06 07:00+03:00,60,"BUMSC5/Local Zone of caller:LABEL=0, STATICAREAX=0",Reliable,0,79370,0,226656,99.78399999999999,226166,183,10
2024-06-06 07:00+03:00,60,"RWMSC6/Local Zone of caller:LABEL=0, STATICAREAX=0",Reliable,0,0,0,0,,0,0,0
2024-06-06 08:00+03:00,60,"BUMSC5/Local Zone of caller:LABEL=0, STATICAREAX=0",Reliable,0,93800,0,305656,99.744,304875,226,30
2024-06-06 08:00+03:00,60,"RWMSC6/Local Zone of caller:LABEL=0, STATICAREAX=0",Reliable,0,0,0,2,100.0,2,0,0
2024-06-06 09:00+03:00,60,"BUMSC5/Local Zone of caller:LABEL=0, STATICAREAX=0",Reliable,0,123506,0,373789,99.73200000000001,372789,355,29
2024-06-06 09:00+03:00,60,"RWMSC6/Local Zone of caller:LABEL=0, STATICAREAX=0",Reliable,0,0,0,2,100.0,2,0,0
2024-06-06 10:00+03:00,60,"BUMSC5/Local Zone of caller:LABEL=0, STATICAREAX=0",Reliable,0,169080,0,435844,99.734,434684,386,30
2024-06-06 10:00+03:00,60,"RWMSC6/Local Zone of caller:LABEL=0, STATICAREAX=0",Reliable,0,0,0,2,100.0,2,0,0
2024-06-06 11:00+03:00,60,"BUMSC5/Local Zone of caller:LABEL=0, STATICAREAX=0",Reliable,0,192392,0,455361,99.72399999999999,454104,506,26
2024-06-06 11:00+03:00,60,"RWMSC6/Local Zone of caller:LABEL=0, STATICAREAX=0",Reliable,0,0,0,3,100.0,3,0,0
2024-06-06 12:00+03:00,60,"BUMSC5/Local Zone of caller:LABEL=0, STATICAREAX=0",Reliable,0,212861,0,473783,99.711,472412,577,26
2024-06-06 12:00+03:00,60,"RWMSC6/Local Zone of caller:LABEL=0, STATICAREAX=0",Reliable,0,0,0,0,,0,0,0
2024-06-06 13:00+03:00,60,"BUMSC5/Local Zone of caller:LABEL=0, STATICAREAX=0",Reliable,0,232904,0,497163,99.711,495725,588,36
2024-06-06 13:00+03:00,60,"RWMSC6/Local Zone of caller:LABEL=0, STATICAREAX=0",Reliable,0,0,0,3,100.0,3,0,0
2024-06-06 14:00+03:00,60,"BUMSC5/Local Zone of caller:LABEL=0, STATICAREAX=0",Reliable,0,246082,0,500420,99.713,498983,676,25
2024-06-06 14:00+03:00,60,"RWMSC6/Local Zone of caller:LABEL=0, STATICAREAX=0",Reliable,0,0,0,1,100.0,1,0,0
2024-06-06 15:00+03:00,60,"BUMSC5/Local Zone of caller:LABEL=0, STATICAREAX=0",Reliable,0,256642,0,498742,99.73700000000001,497430,644,41
2024-06-06 15:00+03:00,60,"RWMSC6/Local Zone of caller:LABEL=0, STATICAREAX=0",Reliable,0,0,0,5,100.0,5,0,0
2024-06-06 16:00+03:00,60,"BUMSC5/Local Zone of caller:LABEL=0, STATICAREAX=0",Reliable,0,278729,0,530554,99.735,529146,704,39
2024-06-06 16:00+03:00,60,"RWMSC6/Local Zone of caller:LABEL=0, STATICAREAX=0",Reliable,0,0,0,3,100.0,3,0,0
2024-06-06 17:00+03:00,60,"BUMSC5/Local Zone of caller:LABEL=0, STATICAREAX=0",Reliable,0,313887,0,584108,99.745,582616,754,40
2024-06-06 17:00+03:00,60,"RWMSC6/Local Zone of caller:LABEL=0, STATICAREAX=0",Reliable,0,0,0,0,,0,0,0
2024-06-06 18:00+03:00,60,"BUMSC5/Local Zone of caller:LABEL=0, STATICAREAX=0",Reliable,0,368623,0,653776,99.73899999999999,652067,925,38
2024-06-06 18:00+03:00,60,"RWMSC6/Local Zone of caller:LABEL=0, STATICAREAX=0",Reliable,0,0,0,3,100.0,3,0,0
2024-06-06 19:00+03:00,60,"BUMSC5/Local Zone of caller:LABEL=0, STATICAREAX=0",Reliable,0,494821,0,818400,99.695,815905,1477,97
2024-06-06 19:00+03:00,60,"RWMSC6/Local Zone of caller:LABEL=0, STATICAREAX=0",Reliable,0,0,0,1,100.0,1,0,0
2024-06-06 20:00+03:00,60,"BUMSC5/Local Zone of caller:LABEL=0, STATICAREAX=0",Reliable,0,501706,0,801060,99.66,798334,1552,111
2024-06-06 20:00+03:00,60,"RWMSC6/Local Zone of caller:LABEL=0, STATICAREAX=0",Reliable,0,0,0,1,100.0,1,0,0
2024-06-06 21:00+03:00,60,"BUMSC5/Local Zone of caller:LABEL=0, STATICAREAX=0",Reliable,0,427203,0,679635,99.669,677388,1303,80
2024-06-06 21:00+03:00,60,"RWMSC6/Local Zone of caller:LABEL=0, STATICAREAX=0",Reliable,0,0,0,0,,0,0,0
2024-06-06 22:00+03:00,60,"BUMSC5/Local Zone of caller:LABEL=0, STATICAREAX=0",Reliable,0,284342,0,461729,99.66,460157,897,58
2024-06-06 22:00+03:00,60,"RWMSC6/Local Zone of caller:LABEL=0, STATICAREAX=0",Reliable,0,0,0,1,100.0,1,0,0
2024-06-06 23:00+03:00,60,"BUMSC5/Local Zone of caller:LABEL=0, STATICAREAX=0",Reliable,0,120475,0,204771,99.70299999999999,204162,297,47
2024-06-06 23:00+03:00,60,"RWMSC6/Local Zone of caller:LABEL=0, STATICAREAX=0",Reliable,0,0,0,0,,0,0,0
