Result Time,Granularity Period,Object Name,Reliability,Peak Licensed Traffic
2024-06-06 00:00+03:00,60,AHMGW2/MGWFunction:AHMGW2,Reliable,12919
2024-06-06 00:00+03:00,60,AHMGW3/MGWFunction:AHMGW3,Reliable,10415
2024-06-06 00:00+03:00,60,BUMGW9/MGWFunction:BUMGW9,Reliable,11112
2024-06-06 00:00+03:00,60,MBMGW6/MGWFunction:MBMGW6,Reliable,6536
2024-06-06 00:00+03:00,60,RWMGW10/MGWFunction:RWMGW10,Reliable,3224
2024-06-06 00:00+03:00,60,RWMGW4/MGWFunction:RWMGW4,Reliable,2459
2024-06-06 00:00+03:00,60,AHMGW11/MGWFunction:AHMGW11,Reliable,12304
2024-06-06 01:00+03:00,60,AHMGW2/MGWFunction:AHMGW2,Reliable,4647
2024-06-06 01:00+03:00,60,AHMGW3/MGWFunction:AHMGW3,Reliable,3942
2024-06-06 01:00+03:00,60,BUMGW9/MGWFunction:BUMGW9,Reliable,3871
2024-06-06 01:00+03:00,60,MBMGW6/MGWFunction:MBMGW6,Reliable,2005
2024-06-06 01:00+03:00,60,RWMGW10/MGWFunction:RWMGW10,Reliable,1050
2024-06-06 01:00+03:00,60,RWMGW4/MGWFunction:RWMGW4,Reliable,798
2024-06-06 01:00+03:00,60,AHMGW11/MGWFunction:AHMGW11,Reliable,4561
2024-06-06 02:00+03:00,60,AHMGW2/MGWFunction:AHMGW2,Reliable,1839
2024-06-06 02:00+03:00,60,AHMGW3/MGWFunction:AHMGW3,Reliable,1544
2024-06-06 02:00+03:00,60,BUMGW9/MGWFunction:BUMGW9,Reliable,1559
2024-06-06 02:00+03:00,60,MBMGW6/MGWFunction:MBMGW6,Reliable,700
2024-06-06 02:00+03:00,60,RWMGW10/MGWFunction:RWMGW10,Reliable,493
2024-06-06 02:00+03:00,60,RWMGW4/MGWFunction:RWMGW4,Reliable,339
2024-06-06 02:00+03:00,60,AHMGW11/MGWFunction:AHMGW11,Reliable,1915
2024-06-06 03:00+03:00,60,AHMGW2/MGWFunction:AHMGW2,Reliable,1117
2024-06-06 03:00+03:00,60,AHMGW3/MGWFunction:AHMGW3,Reliable,866
2024-06-06 03:00+03:00,60,BUMGW9/MGWFunction:BUMGW9,Reliable,869
2024-06-06 03:00+03:00,60,MBMGW6/MGWFunction:MBMGW6,Reliable,518
2024-06-06 03:00+03:00,60,RWMGW10/MGWFunction:RWMGW10,Reliable,331
2024-06-06 03:00+03:00,60,RWMGW4/MGWFunction:RWMGW4,Reliable,232
2024-06-06 03:00+03:00,60,AHMGW11/MGWFunction:AHMGW11,Reliable,1013
2024-06-06 04:00+03:00,60,AHMGW2/MGWFunction:AHMGW2,Reliable,1058
2024-06-06 04:00+03:00,60,AHMGW3/MGWFunction:AHMGW3,Reliable,862
2024-06-06 04:00+03:00,60,BUMGW9/MGWFunction:BUMGW9,Reliable,851
2024-06-06 04:00+03:00,60,MBMGW6/MGWFunction:MBMGW6,Reliable,823
2024-06-06 04:00+03:00,60,RWMGW10/MGWFunction:RWMGW10,Reliable,299
2024-06-06 04:00+03:00,60,RWMGW4/MGWFunction:RWMGW4,Reliable,219
2024-06-06 04:00+03:00,60,AHMGW11/MGWFunction:AHMGW11,Reliable,925
2024-06-06 05:00+03:00,60,AHMGW2/MGWFunction:AHMGW2,Reliable,2962
2024-06-06 05:00+03:00,60,AHMGW3/MGWFunction:AHMGW3,Reliable,2299
2024-06-06 05:00+03:00,60,BUMGW9/MGWFunction:BUMGW9,Reliable,2433
2024-06-06 05:00+03:00,60,MBMGW6/MGWFunction:MBMGW6,Reliable,2772
2024-06-06 05:00+03:00,60,RWMGW10/MGWFunction:RWMGW10,Reliable,829
2024-06-06 05:00+03:00,60,RWMGW4/MGWFunction:RWMGW4,Reliable,646
2024-06-06 05:00+03:00,60,AHMGW11/MGWFunction:AHMGW11,Reliable,2740
2024-06-06 06:00+03:00,60,AHMGW2/MGWFunction:AHMGW2,Reliable,12370
2024-06-06 06:00+03:00,60,AHMGW3/MGWFunction:AHMGW3,Reliable,9938
2024-06-06 06:00+03:00,60,BUMGW9/MGWFunction:BUMGW9,Reliable,10441
2024-06-06 06:00+03:00,60,MBMGW6/MGWFunction:MBMGW6,Reliable,10868
2024-06-06 06:00+03:00,60,RWMGW10/MGWFunction:RWMGW10,Reliable,4229
2024-06-06 06:00+03:00,60,RWMGW4/MGWFunction:RWMGW4,Reliable,3470
2024-06-06 06:00+03:00,60,AHMGW11/MGWFunction:AHMGW11,Reliable,11001
2024-06-06 07:00+03:00,60,AHMGW2/MGWFunction:AHMGW2,Reliable,22215
2024-06-06 07:00+03:00,60,AHMGW3/MGWFunction:AHMGW3,Reliable,18581
2024-06-06 07:00+03:00,60,BUMGW9/MGWFunction:BUMGW9,Reliable,19700
2024-06-06 07:00+03:00,60,MBMGW6/MGWFunction:MBMGW6,Reliable,14582
2024-06-06 07:00+03:00,60,RWMGW10/MGWFunction:RWMGW10,Reliable,7023
2024-06-06 07:00+03:00,60,RWMGW4/MGWFunction:RWMGW4,Reliable,5594
2024-06-06 07:00+03:00,60,AHMGW11/MGWFunction:AHMGW11,Reliable,20452
2024-06-06 08:00+03:00,60,AHMGW2/MGWFunction:AHMGW2,Reliable,26464
2024-06-06 08:00+03:00,60,AHMGW3/MGWFunction:AHMGW3,Reliable,23106
2024-06-06 08:00+03:00,60,BUMGW9/MGWFunction:BUMGW9,Reliable,26513
2024-06-06 08:00+03:00,60,MBMGW6/MGWFunction:MBMGW6,Reliable,15615
2024-06-06 08:00+03:00,60,RWMGW10/MGWFunction:RWMGW10,Reliable,8041
2024-06-06 08:00+03:00,60,RWMGW4/MGWFunction:RWMGW4,Reliable,6167
2024-06-06 08:00+03:00,60,AHMGW11/MGWFunction:AHMGW11,Reliable,25441
2024-06-06 09:00+03:00,60,AHMGW2/MGWFunction:AHMGW2,Reliable,28271
2024-06-06 09:00+03:00,60,AHMGW3/MGWFunction:AHMGW3,Reliable,25284
2024-06-06 09:00+03:00,60,BUMGW9/MGWFunction:BUMGW9,Reliable,29396
2024-06-06 09:00+03:00,60,MBMGW6/MGWFunction:MBMGW6,Reliable,16410
2024-06-06 09:00+03:00,60,RWMGW10/MGWFunction:RWMGW10,Reliable,8150
2024-06-06 09:00+03:00,60,RWMGW4/MGWFunction:RWMGW4,Reliable,6228
2024-06-06 09:00+03:00,60,AHMGW11/MGWFunction:AHMGW11,Reliable,27655
2024-06-06 10:00+03:00,60,AHMGW2/MGWFunction:AHMGW2,Reliable,29667
2024-06-06 10:00+03:00,60,AHMGW3/MGWFunction:AHMGW3,Reliable,26191
2024-06-06 10:00+03:00,60,BUMGW9/MGWFunction:BUMGW9,Reliable,30786
2024-06-06 10:00+03:00,60,MBMGW6/MGWFunction:MBMGW6,Reliable,16751
2024-06-06 10:00+03:00,60,RWMGW10/MGWFunction:RWMGW10,Reliable,8248
2024-06-06 10:00+03:00,60,RWMGW4/MGWFunction:RWMGW4,Reliable,6226
2024-06-06 10:00+03:00,60,AHMGW11/MGWFunction:AHMGW11,Reliable,28353
2024-06-06 11:00+03:00,60,AHMGW2/MGWFunction:AHMGW2,Reliable,29266
2024-06-06 11:00+03:00,60,AHMGW3/MGWFunction:AHMGW3,Reliable,26223
2024-06-06 11:00+03:00,60,BUMGW9/MGWFunction:BUMGW9,Reliable,30946
2024-06-06 11:00+03:00,60,MBMGW6/MGWFunction:MBMGW6,Reliable,16624
2024-06-06 11:00+03:00,60,RWMGW10/MGWFunction:RWMGW10,Reliable,8137
2024-06-06 11:00+03:00,60,RWMGW4/MGWFunction:RWMGW4,Reliable,6102
2024-06-06 11:00+03:00,60,AHMGW11/MGWFunction:AHMGW11,Reliable,27869
2024-06-06 12:00+03:00,60,AHMGW2/MGWFunction:AHMGW2,Reliable,28637
2024-06-06 12:00+03:00,60,AHMGW3/MGWFunction:AHMGW3,Reliable,25254
2024-06-06 12:00+03:00,60,BUMGW9/MGWFunction:BUMGW9,Reliable,30537
2024-06-06 12:00+03:00,60,MBMGW6/MGWFunction:MBMGW6,Reliable,16304
2024-06-06 12:00+03:00,60,RWMGW10/MGWFunction:RWMGW10,Reliable,7808
2024-06-06 12:00+03:00,60,RWMGW4/MGWFunction:RWMGW4,Reliable,5944
2024-06-06 12:00+03:00,60,AHMGW11/MGWFunction:AHMGW11,Reliable,27444
2024-06-06 13:00+03:00,60,AHMGW2/MGWFunction:AHMGW2,Reliable,28533
2024-06-06 13:00+03:00,60,AHMGW3/MGWFunction:AHMGW3,Reliable,25226
2024-06-06 13:00+03:00,60,BUMGW9/MGWFunction:BUMGW9,Reliable,30625
2024-06-06 13:00+03:00,60,MBMGW6/MGWFunction:MBMGW6,Reliable,16337
2024-06-06 13:00+03:00,60,RWMGW10/MGWFunction:RWMGW10,Reliable,7937
2024-06-06 13:00+03:00,60,RWMGW4/MGWFunction:RWMGW4,Reliable,6163
2024-06-06 13:00+03:00,60,AHMGW11/MGWFunction:AHMGW11,Reliable,27274
2024-06-06 14:00+03:00,60,AHMGW2/MGWFunction:AHMGW2,Reliable,27655
2024-06-06 14:00+03:00,60,AHMGW3/MGWFunction:AHMGW3,Reliable,24541
2024-06-06 14:00+03:00,60,BUMGW9/MGWFunction:BUMGW9,Reliable,29776
2024-06-06 14:00+03:00,60,MBMGW6/MGWFunction:MBMGW6,Reliable,16303
2024-06-06 14:00+03:00,60,RWMGW10/MGWFunction:RWMGW10,Reliable,7891
2024-06-06 14:00+03:00,60,RWMGW4/MGWFunction:RWMGW4,Reliable,6180
2024-06-06 14:00+03:00,60,AHMGW11/MGWFunction:AHMGW11,Reliable,26668
2024-06-06 15:00+03:00,60,AHMGW2/MGWFunction:AHMGW2,Reliable,27636
2024-06-06 15:00+03:00,60,AHMGW3/MGWFunction:AHMGW3,Reliable,24062
2024-06-06 15:00+03:00,60,BUMGW9/MGWFunction:BUMGW9,Reliable,29337
2024-06-06 15:00+03:00,60,MBMGW6/MGWFunction:MBMGW6,Reliable,16412
2024-06-06 15:00+03:00,60,RWMGW10/MGWFunction:RWMGW10,Reliable,7719
2024-06-06 15:00+03:00,60,RWMGW4/MGWFunction:RWMGW4,Reliable,6074
2024-06-06 15:00+03:00,60,AHMGW11/MGWFunction:AHMGW11,Reliable,26213
2024-06-06 16:00+03:00,60,AHMGW2/MGWFunction:AHMGW2,Reliable,28403
2024-06-06 16:00+03:00,60,AHMGW3/MGWFunction:AHMGW3,Reliable,24530
2024-06-06 16:00+03:00,60,BUMGW9/MGWFunction:BUMGW9,Reliable,29566
2024-06-06 16:00+03:00,60,MBMGW6/MGWFunction:MBMGW6,Reliable,18069
2024-06-06 16:00+03:00,60,RWMGW10/MGWFunction:RWMGW10,Reliable,7938
2024-06-06 16:00+03:00,60,RWMGW4/MGWFunction:RWMGW4,Reliable,6289
2024-06-06 16:00+03:00,60,AHMGW11/MGWFunction:AHMGW11,Reliable,26876
2024-06-06 17:00+03:00,60,AHMGW2/MGWFunction:AHMGW2,Reliable,29804
2024-06-06 17:00+03:00,60,AHMGW3/MGWFunction:AHMGW3,Reliable,26553
2024-06-06 17:00+03:00,60,BUMGW9/MGWFunction:BUMGW9,Reliable,30557
2024-06-06 17:00+03:00,60,MBMGW6/MGWFunction:MBMGW6,Reliable,20607
2024-06-06 17:00+03:00,60,RWMGW10/MGWFunction:RWMGW10,Reliable,8765
2024-06-06 17:00+03:00,60,RWMGW4/MGWFunction:RWMGW4,Reliable,7020
2024-06-06 17:00+03:00,60,AHMGW11/MGWFunction:AHMGW11,Reliable,28648
2024-06-06 18:00+03:00,60,AHMGW2/MGWFunction:AHMGW2,Reliable,32130
2024-06-06 18:00+03:00,60,AHMGW3/MGWFunction:AHMGW3,Reliable,28936
2024-06-06 18:00+03:00,60,BUMGW9/MGWFunction:BUMGW9,Reliable,31911
2024-06-06 18:00+03:00,60,MBMGW6/MGWFunction:MBMGW6,Reliable,24439
2024-06-06 18:00+03:00,60,RWMGW10/MGWFunction:RWMGW10,Reliable,9727
2024-06-06 18:00+03:00,60,RWMGW4/MGWFunction:RWMGW4,Reliable,7653
2024-06-06 18:00+03:00,60,AHMGW11/MGWFunction:AHMGW11,Reliable,31148
2024-06-06 19:00+03:00,60,AHMGW2/MGWFunction:AHMGW2,Reliable,38048
2024-06-06 19:00+03:00,60,AHMGW3/MGWFunction:AHMGW3,Reliable,34229
2024-06-06 19:00+03:00,60,BUMGW9/MGWFunction:BUMGW9,Reliable,35887
2024-06-06 19:00+03:00,60,MBMGW6/MGWFunction:MBMGW6,Reliable,29498
2024-06-06 19:00+03:00,60,RWMGW10/MGWFunction:RWMGW10,Reliable,11969
2024-06-06 19:00+03:00,60,RWMGW4/MGWFunction:RWMGW4,Reliable,9701
2024-06-06 19:00+03:00,60,AHMGW11/MGWFunction:AHMGW11,Reliable,36685
2024-06-06 20:00+03:00,60,AHMGW2/MGWFunction:AHMGW2,Reliable,39663
2024-06-06 20:00+03:00,60,AHMGW3/MGWFunction:AHMGW3,Reliable,35231
2024-06-06 20:00+03:00,60,BUMGW9/MGWFunction:BUMGW9,Reliable,36220
2024-06-06 20:00+03:00,60,MBMGW6/MGWFunction:MBMGW6,Reliable,30607
2024-06-06 20:00+03:00,60,RWMGW10/MGWFunction:RWMGW10,Reliable,12605
2024-06-06 20:00+03:00,60,RWMGW4/MGWFunction:RWMGW4,Reliable,10145
2024-06-06 20:00+03:00,60,AHMGW11/MGWFunction:AHMGW11,Reliable,38112
2024-06-06 21:00+03:00,60,AHMGW2/MGWFunction:AHMGW2,Reliable,39525
2024-06-06 21:00+03:00,60,AHMGW3/MGWFunction:AHMGW3,Reliable,35440
2024-06-06 21:00+03:00,60,BUMGW9/MGWFunction:BUMGW9,Reliable,35841
2024-06-06 21:00+03:00,60,MBMGW6/MGWFunction:MBMGW6,Reliable,30393
2024-06-06 21:00+03:00,60,RWMGW10/MGWFunction:RWMGW10,Reliable,12442
2024-06-06 21:00+03:00,60,RWMGW4/MGWFunction:RWMGW4,Reliable,9881
2024-06-06 21:00+03:00,60,AHMGW11/MGWFunction:AHMGW11,Reliable,38132
2024-06-06 22:00+03:00,60,AHMGW2/MGWFunction:AHMGW2,Reliable,37058
2024-06-06 22:00+03:00,60,AHMGW3/MGWFunction:AHMGW3,Reliable,32611
2024-06-06 22:00+03:00,60,BUMGW9/MGWFunction:BUMGW9,Reliable,33339
2024-06-06 22:00+03:00,60,MBMGW6/MGWFunction:MBMGW6,Reliable,28051
2024-06-06 22:00+03:00,60,RWMGW10/MGWFunction:RWMGW10,Reliable,11398
2024-06-06 22:00+03:00,60,RWMGW4/MGWFunction:RWMGW4,Reliable,9066
2024-06-06 22:00+03:00,60,AHMGW11/MGWFunction:AHMGW11,Reliable,35891
2024-06-06 23:00+03:00,60,AHMGW2/MGWFunction:AHMGW2,Reliable,26376
2024-06-06 23:00+03:00,60,AHMGW3/MGWFunction:AHMGW3,Reliable,22671
2024-06-06 23:00+03:00,60,BUMGW9/MGWFunction:BUMGW9,Reliable,23875
2024-06-06 23:00+03:00,60,MBMGW6/MGWFunction:MBMGW6,Reliable,15389
2024-06-06 23:00+03:00,60,RWMGW10/MGWFunction:RWMGW10,Reliable,7757
2024-06-06 23:00+03:00,60,RWMGW4/MGWFunction:RWMGW4,Reliable,6097
2024-06-06 23:00+03:00,60,AHMGW11/MGWFunction:AHMGW11,Reliable,26310
2024-06-06 00:00+03:00,60,LRMGW12/MGWFunction:LRMGW12,Reliable,1745
2024-06-06 00:00+03:00,60,FPMGW13/MGWFunction:FPMGW13,Reliable,5307
2024-06-06 01:00+03:00,60,LRMGW12/MGWFunction:LRMGW12,Reliable,510
2024-06-06 01:00+03:00,60,FPMGW13/MGWFunction:FPMGW13,Reliable,2049
2024-06-06 02:00+03:00,60,LRMGW12/MGWFunction:LRMGW12,Reliable,223
2024-06-06 02:00+03:00,60,FPMGW13/MGWFunction:FPMGW13,Reliable,844
2024-06-06 03:00+03:00,60,LRMGW12/MGWFunction:LRMGW12,Reliable,174
2024-06-06 03:00+03:00,60,FPMGW13/MGWFunction:FPMGW13,Reliable,520
2024-06-06 04:00+03:00,60,LRMGW12/MGWFunction:LRMGW12,Reliable,242
2024-06-06 04:00+03:00,60,FPMGW13/MGWFunction:FPMGW13,Reliable,469
2024-06-06 05:00+03:00,60,LRMGW12/MGWFunction:LRMGW12,Reliable,794
2024-06-06 05:00+03:00,60,FPMGW13/MGWFunction:FPMGW13,Reliable,1467
2024-06-06 06:00+03:00,60,LRMGW12/MGWFunction:LRMGW12,Reliable,3278
2024-06-06 06:00+03:00,60,FPMGW13/MGWFunction:FPMGW13,Reliable,7909
2024-06-06 07:00+03:00,60,LRMGW12/MGWFunction:LRMGW12,Reliable,4576
2024-06-06 07:00+03:00,60,FPMGW13/MGWFunction:FPMGW13,Reliable,12086
2024-06-06 08:00+03:00,60,LRMGW12/MGWFunction:LRMGW12,Reliable,4781
2024-06-06 08:00+03:00,60,FPMGW13/MGWFunction:FPMGW13,Reliable,13081
2024-06-06 09:00+03:00,60,LRMGW12/MGWFunction:LRMGW12,Reliable,4913
2024-06-06 09:00+03:00,60,FPMGW13/MGWFunction:FPMGW13,Reliable,13070
2024-06-06 10:00+03:00,60,LRMGW12/MGWFunction:LRMGW12,Reliable,4977
2024-06-06 10:00+03:00,60,FPMGW13/MGWFunction:FPMGW13,Reliable,12933
2024-06-06 11:00+03:00,60,LRMGW12/MGWFunction:LRMGW12,Reliable,4918
2024-06-06 11:00+03:00,60,FPMGW13/MGWFunction:FPMGW13,Reliable,12580
2024-06-06 12:00+03:00,60,LRMGW12/MGWFunction:LRMGW12,Reliable,4915
2024-06-06 12:00+03:00,60,FPMGW13/MGWFunction:FPMGW13,Reliable,12289
2024-06-06 13:00+03:00,60,LRMGW12/MGWFunction:LRMGW12,Reliable,5010
2024-06-06 13:00+03:00,60,FPMGW13/MGWFunction:FPMGW13,Reliable,12578
2024-06-06 14:00+03:00,60,LRMGW12/MGWFunction:LRMGW12,Reliable,5026
2024-06-06 14:00+03:00,60,FPMGW13/MGWFunction:FPMGW13,Reliable,12624
2024-06-06 15:00+03:00,60,LRMGW12/MGWFunction:LRMGW12,Reliable,5114
2024-06-06 15:00+03:00,60,FPMGW13/MGWFunction:FPMGW13,Reliable,12824
2024-06-06 16:00+03:00,60,LRMGW12/MGWFunction:LRMGW12,Reliable,5227
2024-06-06 16:00+03:00,60,FPMGW13/MGWFunction:FPMGW13,Reliable,13312
2024-06-06 17:00+03:00,60,LRMGW12/MGWFunction:LRMGW12,Reliable,5743
2024-06-06 17:00+03:00,60,FPMGW13/MGWFunction:FPMGW13,Reliable,14550
2024-06-06 18:00+03:00,60,LRMGW12/MGWFunction:LRMGW12,Reliable,6461
2024-06-06 18:00+03:00,60,FPMGW13/MGWFunction:FPMGW13,Reliable,16773
2024-06-06 19:00+03:00,60,LRMGW12/MGWFunction:LRMGW12,Reliable,8355
2024-06-06 19:00+03:00,60,FPMGW13/MGWFunction:FPMGW13,Reliable,21563
2024-06-06 20:00+03:00,60,LRMGW12/MGWFunction:LRMGW12,Reliable,8892
2024-06-06 20:00+03:00,60,FPMGW13/MGWFunction:FPMGW13,Reliable,22330
2024-06-06 21:00+03:00,60,LRMGW12/MGWFunction:LRMGW12,Reliable,8931
2024-06-06 21:00+03:00,60,FPMGW13/MGWFunction:FPMGW13,Reliable,21589
2024-06-06 22:00+03:00,60,LRMGW12/MGWFunction:LRMGW12,Reliable,7959
2024-06-06 22:00+03:00,60,FPMGW13/MGWFunction:FPMGW13,Reliable,19243
2024-06-06 23:00+03:00,60,LRMGW12/MGWFunction:LRMGW12,Reliable,4787
2024-06-06 23:00+03:00,60,FPMGW13/MGWFunction:FPMGW13,Reliable,13295
