Result Time,Granularity Period,Object Name,Reliability,Answer Rate,Answer Times,Call Attempts,Incoming Answer Times,Incoming Call Attempts,Originated Answer Times,Originated Call Attempts
2024-06-06 00:00+03:00,60,AHMSC3/MSCServerFunction:AHMSC3,Reliable,29.608,133170,449779,66059,218165,67111,231614
2024-06-06 00:00+03:00,60,BUMSC1/MSCServerFunction:BUMSC1,Reliable,26.188000000000002,125922,480830,59459,251078,66463,229752
2024-06-06 00:00+03:00,60,BUMSC2/MSCServerFunction:BUMSC2,Reliable,31.947,123797,387510,59248,163632,64549,223878
2024-06-06 00:00+03:00,60,AHMSC4/MSCServerFunction:AHMSC4,Reliable,32.571,119268,366176,52095,132727,67173,233449
2024-06-06 01:00+03:00,60,AHMSC3/MSCServerFunction:AHMSC3,Reliable,27.381999999999998,55325,202051,27840,101874,27485,100177
2024-06-06 01:00+03:00,60,BUMSC1/MSCServerFunction:BUMSC1,Reliable,25.0,52792,211164,26165,113938,26627,97226
2024-06-06 01:00+03:00,60,BUMSC2/MSCServerFunction:BUMSC2,Reliable,29.305999999999997,45308,154604,22852,70386,22456,84218
2024-06-06 01:00+03:00,60,AHMSC4/MSCServerFunction:AHMSC4,Reliable,29.273000000000003,47680,162883,21141,56070,26539,106813
2024-06-06 02:00+03:00,60,AHMSC3/MSCServerFunction:AHMSC3,Reliable,25.564,32164,125818,16048,64635,16116,61183
2024-06-06 02:00+03:00,60,BUMSC1/MSCServerFunction:BUMSC1,Reliable,23.71,30681,129400,15034,69627,15647,59773
2024-06-06 02:00+03:00,60,BUMSC2/MSCServerFunction:BUMSC2,Reliable,27.371,26084,95299,13184,45223,12900,50076
2024-06-06 02:00+03:00,60,AHMSC4/MSCServerFunction:AHMSC4,Reliable,27.631999999999998,27713,100294,12488,34781,15225,65513
2024-06-06 03:00+03:00,60,AHMSC3/MSCServerFunction:AHMSC3,Reliable,24.425,26971,110425,13496,57887,13475,52538
2024-06-06 03:00+03:00,60,BUMSC1/MSCServerFunction:BUMSC1,Reliable,22.58,25767,114113,12731,62226,13036,51887
2024-06-06 03:00+03:00,60,BUMSC2/MSCServerFunction:BUMSC2,Reliable,25.855,21653,83748,10962,40600,10691,43148
2024-06-06 03:00+03:00,60,AHMSC4/MSCServerFunction:AHMSC4,Reliable,26.79,23397,87336,10323,30116,13074,57220
2024-06-06 04:00+03:00,60,AHMSC3/MSCServerFunction:AHMSC3,Reliable,27.628,33422,120971,16613,61840,16809,59131
2024-06-06 04:00+03:00,60,BUMSC1/MSCServerFunction:BUMSC1,Reliable,25.521,32088,125730,15493,67641,16595,58089
2024-06-06 04:00+03:00,60,BUMSC2/MSCServerFunction:BUMSC2,Reliable,29.680999999999997,27697,93317,13674,43144,14023,50173
2024-06-06 04:00+03:00,60,AHMSC4/MSCServerFunction:AHMSC4,Reliable,29.158,29092,99775,13138,36356,15954,63419
2024-06-06 05:00+03:00,60,AHMSC3/MSCServerFunction:AHMSC3,Reliable,32.144,84017,261374,41454,128641,42563,132733
2024-06-06 05:00+03:00,60,BUMSC1/MSCServerFunction:BUMSC1,Reliable,29.195,81674,279750,39486,149656,42188,130094
2024-06-06 05:00+03:00,60,BUMSC2/MSCServerFunction:BUMSC2,Reliable,34.723,70370,202663,34553,89290,35817,113373
2024-06-06 05:00+03:00,60,AHMSC4/MSCServerFunction:AHMSC4,Reliable,36.108000000000004,75760,209814,33074,77566,42686,132248
2024-06-06 06:00+03:00,60,AHMSC3/MSCServerFunction:AHMSC3,Reliable,34.498000000000005,343920,996922,167811,475445,176109,521477
2024-06-06 06:00+03:00,60,BUMSC1/MSCServerFunction:BUMSC1,Reliable,30.074,335879,1116855,160375,593988,175504,522867
2024-06-06 06:00+03:00,60,BUMSC2/MSCServerFunction:BUMSC2,Reliable,37.398,292792,782909,141569,323637,151223,459272
2024-06-06 06:00+03:00,60,AHMSC4/MSCServerFunction:AHMSC4,Reliable,38.423,314400,818253,137881,296218,176519,522035
2024-06-06 07:00+03:00,60,AHMSC3/MSCServerFunction:AHMSC3,Reliable,37.846,817260,2159432,399476,1026115,417784,1133317
2024-06-06 07:00+03:00,60,BUMSC1/MSCServerFunction:BUMSC1,Reliable,33.054,794328,2403152,379448,1270918,414880,1132234
2024-06-06 07:00+03:00,60,BUMSC2/MSCServerFunction:BUMSC2,Reliable,40.553000000000004,687674,1695762,332734,709274,354940,986488
2024-06-06 07:00+03:00,60,AHMSC4/MSCServerFunction:AHMSC4,Reliable,41.393,740353,1788576,324857,660617,415496,1127959
2024-06-06 08:00+03:00,60,AHMSC3/MSCServerFunction:AHMSC3,Reliable,40.135999999999996,1094795,2727723,538365,1307658,556430,1420065
2024-06-06 08:00+03:00,60,BUMSC1/MSCServerFunction:BUMSC1,Reliable,35.652,1068938,2998296,516934,1578081,552004,1420215
2024-06-06 08:00+03:00,60,BUMSC2/MSCServerFunction:BUMSC2,Reliable,42.29600000000001,935076,2210766,455549,941019,479527,1269747
2024-06-06 08:00+03:00,60,AHMSC4/MSCServerFunction:AHMSC4,Reliable,43.458999999999996,989263,2276293,435036,856450,554227,1419843
2024-06-06 09:00+03:00,60,AHMSC3/MSCServerFunction:AHMSC3,Reliable,41.431999999999995,1244111,3002782,616902,1447459,627209,1555323
2024-06-06 09:00+03:00,60,BUMSC1/MSCServerFunction:BUMSC1,Reliable,36.949,1214833,3287856,589945,1731263,624888,1556593
2024-06-06 09:00+03:00,60,BUMSC2/MSCServerFunction:BUMSC2,Reliable,43.45399999999999,1077120,2478778,525668,1063867,551452,1414911
2024-06-06 09:00+03:00,60,AHMSC4/MSCServerFunction:AHMSC4,Reliable,44.755,1120104,2502747,493621,951552,626483,1551195
2024-06-06 10:00+03:00,60,AHMSC3/MSCServerFunction:AHMSC3,Reliable,41.72,1324549,3174883,656190,1518479,668359,1656404
2024-06-06 10:00+03:00,60,BUMSC1/MSCServerFunction:BUMSC1,Reliable,37.308,1296295,3474611,631286,1820941,665009,1653670
2024-06-06 10:00+03:00,60,BUMSC2/MSCServerFunction:BUMSC2,Reliable,43.98,1109776,2523362,545611,1088287,564165,1435075
2024-06-06 10:00+03:00,60,AHMSC4/MSCServerFunction:AHMSC4,Reliable,44.928000000000004,1192121,2653416,525041,1003474,667080,1649942
2024-06-06 11:00+03:00,60,AHMSC3/MSCServerFunction:AHMSC3,Reliable,41.583999999999996,1310577,3151601,649453,1504681,661124,1646920
2024-06-06 11:00+03:00,60,BUMSC1/MSCServerFunction:BUMSC1,Reliable,37.372,1284700,3437641,628615,1797846,656085,1639795
2024-06-06 11:00+03:00,60,BUMSC2/MSCServerFunction:BUMSC2,Reliable,43.823,1080162,2464814,533759,1064667,546403,1400147
2024-06-06 11:00+03:00,60,AHMSC4/MSCServerFunction:AHMSC4,Reliable,44.75,1173470,2622302,516697,986762,656773,1635540
2024-06-06 12:00+03:00,60,AHMSC3/MSCServerFunction:AHMSC3,Reliable,41.34,1289084,3118236,640003,1491123,649081,1627113
2024-06-06 12:00+03:00,60,BUMSC1/MSCServerFunction:BUMSC1,Reliable,37.215,1268030,3407278,620739,1776952,647291,1630326
2024-06-06 12:00+03:00,60,BUMSC2/MSCServerFunction:BUMSC2,Reliable,43.721000000000004,1053476,2409525,523006,1039538,530470,1369987
2024-06-06 12:00+03:00,60,AHMSC4/MSCServerFunction:AHMSC4,Reliable,44.636,1161514,2602171,510945,973550,650569,1628621
2024-06-06 13:00+03:00,60,AHMSC3/MSCServerFunction:AHMSC3,Reliable,40.929,1298308,3172085,644280,1512539,654028,1659546
2024-06-06 13:00+03:00,60,BUMSC1/MSCServerFunction:BUMSC1,Reliable,36.845,1274749,3459750,624480,1803037,650269,1656713
2024-06-06 13:00+03:00,60,BUMSC2/MSCServerFunction:BUMSC2,Reliable,43.31399999999999,1054315,2434140,523023,1047794,531292,1386346
2024-06-06 13:00+03:00,60,AHMSC4/MSCServerFunction:AHMSC4,Reliable,44.26,1168925,2641058,515051,985833,653874,1655225
2024-06-06 14:00+03:00,60,AHMSC3/MSCServerFunction:AHMSC3,Reliable,40.73,1263147,3101272,624752,1475431,638395,1625841
2024-06-06 14:00+03:00,60,BUMSC1/MSCServerFunction:BUMSC1,Reliable,36.731,1241797,3380766,610762,1760346,631035,1620420
2024-06-06 14:00+03:00,60,BUMSC2/MSCServerFunction:BUMSC2,Reliable,43.081,1022133,2372558,508152,1021610,513981,1350948
2024-06-06 14:00+03:00,60,AHMSC4/MSCServerFunction:AHMSC4,Reliable,44.038000000000004,1135349,2578131,501428,962195,633921,1615936
2024-06-06 15:00+03:00,60,AHMSC3/MSCServerFunction:AHMSC3,Reliable,39.943000000000005,1204178,3014735,596282,1429344,607896,1585391
2024-06-06 15:00+03:00,60,BUMSC1/MSCServerFunction:BUMSC1,Reliable,36.194,1187298,3280390,583570,1702133,603728,1578257
2024-06-06 15:00+03:00,60,BUMSC2/MSCServerFunction:BUMSC2,Reliable,42.513000000000005,976163,2296131,485375,982503,490788,1313628
2024-06-06 15:00+03:00,60,AHMSC4/MSCServerFunction:AHMSC4,Reliable,43.232,1082024,2502826,476022,925544,606002,1577282
2024-06-06 16:00+03:00,60,AHMSC3/MSCServerFunction:AHMSC3,Reliable,39.738,1245948,3135395,616840,1485457,629108,1649938
2024-06-06 16:00+03:00,60,BUMSC1/MSCServerFunction:BUMSC1,Reliable,35.919000000000004,1228245,3419444,602690,1768536,625555,1650908
2024-06-06 16:00+03:00,60,BUMSC2/MSCServerFunction:BUMSC2,Reliable,42.156000000000006,1003143,2379603,499637,1016036,503506,1363567
2024-06-06 16:00+03:00,60,AHMSC4/MSCServerFunction:AHMSC4,Reliable,42.952,1119905,2607368,492046,960925,627859,1646443
2024-06-06 17:00+03:00,60,AHMSC3/MSCServerFunction:AHMSC3,Reliable,39.15,1333404,3405868,659839,1614103,673565,1791765
2024-06-06 17:00+03:00,60,BUMSC1/MSCServerFunction:BUMSC1,Reliable,35.414,1315555,3714775,646256,1925877,669299,1788898
2024-06-06 17:00+03:00,60,BUMSC2/MSCServerFunction:BUMSC2,Reliable,41.652,1069896,2568627,529491,1086530,540405,1482097
2024-06-06 17:00+03:00,60,AHMSC4/MSCServerFunction:AHMSC4,Reliable,42.398,1199666,2829518,526090,1039488,673576,1790030
2024-06-06 18:00+03:00,60,AHMSC3/MSCServerFunction:AHMSC3,Reliable,38.156,1415213,3709047,696650,1747510,718563,1961537
2024-06-06 18:00+03:00,60,BUMSC1/MSCServerFunction:BUMSC1,Reliable,34.351,1390015,4046528,682542,2097906,707473,1948622
2024-06-06 18:00+03:00,60,BUMSC2/MSCServerFunction:BUMSC2,Reliable,40.766,1133891,2781451,558377,1165483,575514,1615968
2024-06-06 18:00+03:00,60,AHMSC4/MSCServerFunction:AHMSC4,Reliable,41.303999999999995,1273137,3082352,558477,1128064,714660,1954288
2024-06-06 19:00+03:00,60,AHMSC3/MSCServerFunction:AHMSC3,Reliable,37.4,1667554,4458643,817110,2091684,850444,2366959
2024-06-06 19:00+03:00,60,BUMSC1/MSCServerFunction:BUMSC1,Reliable,33.405,1647650,4932279,809232,2576030,838418,2356249
2024-06-06 19:00+03:00,60,BUMSC2/MSCServerFunction:BUMSC2,Reliable,40.162,1344141,3346783,658533,1388675,685608,1958108
2024-06-06 19:00+03:00,60,AHMSC4/MSCServerFunction:AHMSC4,Reliable,40.615,1508609,3714410,661131,1349818,847478,2364592
2024-06-06 20:00+03:00,60,AHMSC3/MSCServerFunction:AHMSC3,Reliable,36.662,1551832,4232764,759466,1968621,792366,2264143
2024-06-06 20:00+03:00,60,BUMSC1/MSCServerFunction:BUMSC1,Reliable,32.936,1535554,4662231,755114,2413954,780440,2248277
2024-06-06 20:00+03:00,60,BUMSC2/MSCServerFunction:BUMSC2,Reliable,39.435,1246531,3160958,611285,1300797,635246,1860161
2024-06-06 20:00+03:00,60,AHMSC4/MSCServerFunction:AHMSC4,Reliable,39.911,1402605,3514315,614819,1263362,787786,2250953
2024-06-06 21:00+03:00,60,AHMSC3/MSCServerFunction:AHMSC3,Reliable,35.613,1256984,3529587,616134,1634527,640850,1895060
2024-06-06 21:00+03:00,60,BUMSC1/MSCServerFunction:BUMSC1,Reliable,32.321999999999996,1244083,3849018,611543,1969190,632540,1879828
2024-06-06 21:00+03:00,60,BUMSC2/MSCServerFunction:BUMSC2,Reliable,38.302,1002611,2617630,489983,1071955,512628,1545675
2024-06-06 21:00+03:00,60,AHMSC4/MSCServerFunction:AHMSC4,Reliable,38.826,1138008,2931063,499221,1046421,638787,1884642
2024-06-06 22:00+03:00,60,AHMSC3/MSCServerFunction:AHMSC3,Reliable,33.929,809406,2385589,395238,1100393,414168,1285196
2024-06-06 22:00+03:00,60,BUMSC1/MSCServerFunction:BUMSC1,Reliable,31.195,802755,2573304,393991,1298105,408764,1275199
2024-06-06 22:00+03:00,60,BUMSC2/MSCServerFunction:BUMSC2,Reliable,36.469,640163,1755342,313228,720264,326935,1035078
2024-06-06 22:00+03:00,60,AHMSC4/MSCServerFunction:AHMSC4,Reliable,37.019,734581,1984338,321436,704239,413145,1280099
2024-06-06 23:00+03:00,60,AHMSC3/MSCServerFunction:AHMSC3,Reliable,31.929000000000002,342554,1072869,167617,499293,174937,573576
2024-06-06 23:00+03:00,60,BUMSC1/MSCServerFunction:BUMSC1,Reliable,29.678,339117,1142664,166388,575201,172729,567463
2024-06-06 23:00+03:00,60,BUMSC2/MSCServerFunction:BUMSC2,Reliable,34.053000000000004,268439,788298,132249,330016,136190,458282
2024-06-06 23:00+03:00,60,AHMSC4/MSCServerFunction:AHMSC4,Reliable,35.094,309511,881936,135663,311417,173848,570519
2024-06-06 00:00+03:00,60,BUMSC5/MSCServerFunction:BUMSC5,Reliable,25.289,5973,23619,2175,6056,3798,17563
2024-06-06 00:00+03:00,60,RWMSC6/MSCServerFunction:RWMSC6,Reliable,0.0,0,0,0,0,0,0
2024-06-06 01:00+03:00,60,BUMSC5/MSCServerFunction:BUMSC5,Reliable,24.607,9894,40208,3812,10640,6082,29568
2024-06-06 01:00+03:00,60,RWMSC6/MSCServerFunction:RWMSC6,Reliable,0.0,0,0,0,0,0,0
2024-06-06 02:00+03:00,60,BUMSC5/MSCServerFunction:BUMSC5,Reliable,25.344,5800,22885,2410,6919,3390,15966
2024-06-06 02:00+03:00,60,RWMSC6/MSCServerFunction:RWMSC6,Reliable,0.0,0,0,0,0,0,0
2024-06-06 03:00+03:00,60,BUMSC5/MSCServerFunction:BUMSC5,Reliable,27.430999999999997,4892,17834,2013,5690,2879,12144
2024-06-06 03:00+03:00,60,RWMSC6/MSCServerFunction:RWMSC6,Reliable,0.0,0,0,0,0,0,0
2024-06-06 04:00+03:00,60,BUMSC5/MSCServerFunction:BUMSC5,Reliable,30.889,5497,17796,2374,5956,3123,11840
2024-06-06 04:00+03:00,60,RWMSC6/MSCServerFunction:RWMSC6,Reliable,0.0,0,0,0,0,0,0
2024-06-06 05:00+03:00,60,BUMSC5/MSCServerFunction:BUMSC5,Reliable,35.741,14820,41465,7130,16214,7690,25251
2024-06-06 05:00+03:00,60,RWMSC6/MSCServerFunction:RWMSC6,Reliable,0.0,0,0,0,0,0,0
2024-06-06 06:00+03:00,60,BUMSC5/MSCServerFunction:BUMSC5,Reliable,37.635,58688,155942,28361,60023,30327,95919
2024-06-06 06:00+03:00,60,RWMSC6/MSCServerFunction:RWMSC6,Reliable,0.0,0,0,0,0,0,0
2024-06-06 07:00+03:00,60,BUMSC5/MSCServerFunction:BUMSC5,Reliable,39.583,147709,373158,71911,146590,75798,226568
2024-06-06 07:00+03:00,60,RWMSC6/MSCServerFunction:RWMSC6,Reliable,0.0,0,0,0,0,0,0
2024-06-06 08:00+03:00,60,BUMSC5/MSCServerFunction:BUMSC5,Reliable,42.021,214805,511186,103779,205583,111026,305603
2024-06-06 08:00+03:00,60,RWMSC6/MSCServerFunction:RWMSC6,Reliable,0.0,1,0,0,0,1,0
2024-06-06 09:00+03:00,60,BUMSC5/MSCServerFunction:BUMSC5,Reliable,43.137,269422,624566,130550,250978,138872,373588
2024-06-06 09:00+03:00,60,RWMSC6/MSCServerFunction:RWMSC6,Reliable,0.0,0,0,0,0,0,0
2024-06-06 10:00+03:00,60,BUMSC5/MSCServerFunction:BUMSC5,Reliable,43.276,313414,724216,152142,288598,161272,435618
2024-06-06 10:00+03:00,60,RWMSC6/MSCServerFunction:RWMSC6,Reliable,0.0,0,0,0,0,0,0
2024-06-06 11:00+03:00,60,BUMSC5/MSCServerFunction:BUMSC5,Reliable,43.06,325335,755533,157906,300407,167429,455126
2024-06-06 11:00+03:00,60,RWMSC6/MSCServerFunction:RWMSC6,Reliable,0.0,2,0,0,0,2,0
2024-06-06 12:00+03:00,60,BUMSC5/MSCServerFunction:BUMSC5,Reliable,42.802,334427,781337,161869,307761,172558,473576
2024-06-06 12:00+03:00,60,RWMSC6/MSCServerFunction:RWMSC6,Reliable,0.0,0,0,0,0,0,0
2024-06-06 13:00+03:00,60,BUMSC5/MSCServerFunction:BUMSC5,Reliable,42.355,346161,817279,167353,320356,178808,496923
2024-06-06 13:00+03:00,60,RWMSC6/MSCServerFunction:RWMSC6,Reliable,0.0,2,0,0,0,2,0
2024-06-06 14:00+03:00,60,BUMSC5/MSCServerFunction:BUMSC5,Reliable,42.131,345304,819599,167307,319411,177997,500188
2024-06-06 14:00+03:00,60,RWMSC6/MSCServerFunction:RWMSC6,Reliable,0.0,1,0,0,0,1,0
2024-06-06 15:00+03:00,60,BUMSC5/MSCServerFunction:BUMSC5,Reliable,41.342,336025,812800,162153,314326,173872,498474
2024-06-06 15:00+03:00,60,RWMSC6/MSCServerFunction:RWMSC6,Reliable,0.0,2,0,0,0,2,0
2024-06-06 16:00+03:00,60,BUMSC5/MSCServerFunction:BUMSC5,Reliable,41.331,356549,862677,172051,332354,184498,530323
2024-06-06 16:00+03:00,60,RWMSC6/MSCServerFunction:RWMSC6,Reliable,0.0,1,0,0,0,1,0
2024-06-06 17:00+03:00,60,BUMSC5/MSCServerFunction:BUMSC5,Reliable,40.823,387580,949422,186944,365519,200636,583903
2024-06-06 17:00+03:00,60,RWMSC6/MSCServerFunction:RWMSC6,Reliable,0.0,0,0,0,0,0,0
2024-06-06 18:00+03:00,60,BUMSC5/MSCServerFunction:BUMSC5,Reliable,39.531,416961,1054768,200759,401318,216202,653450
2024-06-06 18:00+03:00,60,RWMSC6/MSCServerFunction:RWMSC6,Reliable,0.0,2,0,0,0,2,0
2024-06-06 19:00+03:00,60,BUMSC5/MSCServerFunction:BUMSC5,Reliable,38.236,499688,1306868,239069,488919,260619,817949
2024-06-06 19:00+03:00,60,RWMSC6/MSCServerFunction:RWMSC6,Reliable,0.0,1,0,0,0,1,0
2024-06-06 20:00+03:00,60,BUMSC5/MSCServerFunction:BUMSC5,Reliable,37.518,475508,1267401,227068,466847,248440,800554
2024-06-06 20:00+03:00,60,RWMSC6/MSCServerFunction:RWMSC6,Reliable,0.0,1,0,0,0,1,0
2024-06-06 21:00+03:00,60,BUMSC5/MSCServerFunction:BUMSC5,Reliable,36.509,390794,1070412,186123,391178,204671,679234
2024-06-06 21:00+03:00,60,RWMSC6/MSCServerFunction:RWMSC6,Reliable,0.0,0,0,0,0,0,0
2024-06-06 22:00+03:00,60,BUMSC5/MSCServerFunction:BUMSC5,Reliable,34.954,254019,726722,120675,265247,133344,461475
2024-06-06 22:00+03:00,60,RWMSC6/MSCServerFunction:RWMSC6,Reliable,0.0,0,0,0,0,0,0
2024-06-06 23:00+03:00,60,BUMSC5/MSCServerFunction:BUMSC5,Reliable,33.419000000000004,107233,320878,51225,116221,56008,204657
2024-06-06 23:00+03:00,60,RWMSC6/MSCServerFunction:RWMSC6,Reliable,0.0,0,0,0,0,0,0
