Result Time,Granularity Period,Object Name,Reliability,Average System Load
2024-06-06 00:00+03:00,60,"BUMGW01/Software System:System ID=0, System name=CloudSE2980",Reliable,5.101
2024-06-06 00:00+03:00,60,"MDMGW08/Software System:System ID=0, System name=CloudSE2980",Reliable,4.111000000000001
2024-06-06 00:00+03:00,60,"MKMGW05/Software System:System ID=0, System name=CloudSE2980",Reliable,4.865
2024-06-06 00:00+03:00,60,"JNMGW07/Software System:System ID=0, System name=CloudSE2980",Reliable,4.63
2024-06-06 01:00+03:00,60,"BUMGW01/Software System:System ID=0, System name=CloudSE2980",Reliable,3.4219999999999997
2024-06-06 01:00+03:00,60,"MDMGW08/Software System:System ID=0, System name=CloudSE2980",Reliable,3.3569999999999998
2024-06-06 01:00+03:00,60,"MKMGW05/Software System:System ID=0, System name=CloudSE2980",Reliable,3.7310000000000003
2024-06-06 01:00+03:00,60,"JNMGW07/Software System:System ID=0, System name=CloudSE2980",Reliable,3.236
2024-06-06 02:00+03:00,60,"BUMGW01/Software System:System ID=0, System name=CloudSE2980",Reliable,2.9819999999999998
2024-06-06 02:00+03:00,60,"MDMGW08/Software System:System ID=0, System name=CloudSE2980",Reliable,2.9619999999999997
2024-06-06 02:00+03:00,60,"MKMGW05/Software System:System ID=0, System name=CloudSE2980",Reliable,3.3110000000000004
2024-06-06 02:00+03:00,60,"JNMGW07/Software System:System ID=0, System name=CloudSE2980",Reliable,2.847
2024-06-06 03:00+03:00,60,"BUMGW01/Software System:System ID=0, System name=CloudSE2980",Reliable,2.762
2024-06-06 03:00+03:00,60,"MDMGW08/Software System:System ID=0, System name=CloudSE2980",Reliable,2.917
2024-06-06 03:00+03:00,60,"MKMGW05/Software System:System ID=0, System name=CloudSE2980",Reliable,3.053
2024-06-06 03:00+03:00,60,"JNMGW07/Software System:System ID=0, System name=CloudSE2980",Reliable,2.6189999999999998
2024-06-06 04:00+03:00,60,"BUMGW01/Software System:System ID=0, System name=CloudSE2980",Reliable,2.6430000000000002
2024-06-06 04:00+03:00,60,"MDMGW08/Software System:System ID=0, System name=CloudSE2980",Reliable,2.908
2024-06-06 04:00+03:00,60,"MKMGW05/Software System:System ID=0, System name=CloudSE2980",Reliable,2.9939999999999998
2024-06-06 04:00+03:00,60,"JNMGW07/Software System:System ID=0, System name=CloudSE2980",Reliable,2.6830000000000003
2024-06-06 05:00+03:00,60,"BUMGW01/Software System:System ID=0, System name=CloudSE2980",Reliable,3.023
2024-06-06 05:00+03:00,60,"MDMGW08/Software System:System ID=0, System name=CloudSE2980",Reliable,3.141
2024-06-06 05:00+03:00,60,"MKMGW05/Software System:System ID=0, System name=CloudSE2980",Reliable,3.4360000000000004
2024-06-06 05:00+03:00,60,"JNMGW07/Software System:System ID=0, System name=CloudSE2980",Reliable,3.2560000000000002
2024-06-06 06:00+03:00,60,"BUMGW01/Software System:System ID=0, System name=CloudSE2980",Reliable,4.251
2024-06-06 06:00+03:00,60,"MDMGW08/Software System:System ID=0, System name=CloudSE2980",Reliable,4.253
2024-06-06 06:00+03:00,60,"MKMGW05/Software System:System ID=0, System name=CloudSE2980",Reliable,4.7
2024-06-06 06:00+03:00,60,"JNMGW07/Software System:System ID=0, System name=CloudSE2980",Reliable,5.4479999999999995
2024-06-06 07:00+03:00,60,"BUMGW01/Software System:System ID=0, System name=CloudSE2980",Reliable,7.529
2024-06-06 07:00+03:00,60,"MDMGW08/Software System:System ID=0, System name=CloudSE2980",Reliable,6.24
2024-06-06 07:00+03:00,60,"MKMGW05/Software System:System ID=0, System name=CloudSE2980",Reliable,7.6739999999999995
2024-06-06 07:00+03:00,60,"JNMGW07/Software System:System ID=0, System name=CloudSE2980",Reliable,9.388
2024-06-06 08:00+03:00,60,"BUMGW01/Software System:System ID=0, System name=CloudSE2980",Reliable,10.056000000000001
2024-06-06 08:00+03:00,60,"MDMGW08/Software System:System ID=0, System name=CloudSE2980",Reliable,7.21
2024-06-06 08:00+03:00,60,"MKMGW05/Software System:System ID=0, System name=CloudSE2980",Reliable,9.183
2024-06-06 08:00+03:00,60,"JNMGW07/Software System:System ID=0, System name=CloudSE2980",Reliable,11.331
2024-06-06 09:00+03:00,60,"BUMGW01/Software System:System ID=0, System name=CloudSE2980",Reliable,11.402999999999999
2024-06-06 09:00+03:00,60,"MDMGW08/Software System:System ID=0, System name=CloudSE2980",Reliable,7.382000000000001
2024-06-06 09:00+03:00,60,"MKMGW05/Software System:System ID=0, System name=CloudSE2980",Reliable,9.658
2024-06-06 09:00+03:00,60,"JNMGW07/Software System:System ID=0, System name=CloudSE2980",Reliable,11.915
2024-06-06 10:00+03:00,60,"BUMGW01/Software System:System ID=0, System name=CloudSE2980",Reliable,12.100999999999999
2024-06-06 10:00+03:00,60,"MDMGW08/Software System:System ID=0, System name=CloudSE2980",Reliable,7.4879999999999995
2024-06-06 10:00+03:00,60,"MKMGW05/Software System:System ID=0, System name=CloudSE2980",Reliable,9.728
2024-06-06 10:00+03:00,60,"JNMGW07/Software System:System ID=0, System name=CloudSE2980",Reliable,12.235
2024-06-06 11:00+03:00,60,"BUMGW01/Software System:System ID=0, System name=CloudSE2980",Reliable,11.948
2024-06-06 11:00+03:00,60,"MDMGW08/Software System:System ID=0, System name=CloudSE2980",Reliable,7.39
2024-06-06 11:00+03:00,60,"MKMGW05/Software System:System ID=0, System name=CloudSE2980",Reliable,9.561
2024-06-06 11:00+03:00,60,"JNMGW07/Software System:System ID=0, System name=CloudSE2980",Reliable,11.992
2024-06-06 12:00+03:00,60,"BUMGW01/Software System:System ID=0, System name=CloudSE2980",Reliable,11.949000000000002
2024-06-06 12:00+03:00,60,"MDMGW08/Software System:System ID=0, System name=CloudSE2980",Reliable,7.33
2024-06-06 12:00+03:00,60,"MKMGW05/Software System:System ID=0, System name=CloudSE2980",Reliable,9.395
2024-06-06 12:00+03:00,60,"JNMGW07/Software System:System ID=0, System name=CloudSE2980",Reliable,11.875
2024-06-06 13:00+03:00,60,"BUMGW01/Software System:System ID=0, System name=CloudSE2980",Reliable,11.765
2024-06-06 13:00+03:00,60,"MDMGW08/Software System:System ID=0, System name=CloudSE2980",Reliable,7.44
2024-06-06 13:00+03:00,60,"MKMGW05/Software System:System ID=0, System name=CloudSE2980",Reliable,9.568999999999999
2024-06-06 13:00+03:00,60,"JNMGW07/Software System:System ID=0, System name=CloudSE2980",Reliable,11.872
2024-06-06 14:00+03:00,60,"BUMGW01/Software System:System ID=0, System name=CloudSE2980",Reliable,11.581
2024-06-06 14:00+03:00,60,"MDMGW08/Software System:System ID=0, System name=CloudSE2980",Reliable,7.369
2024-06-06 14:00+03:00,60,"MKMGW05/Software System:System ID=0, System name=CloudSE2980",Reliable,9.339
2024-06-06 14:00+03:00,60,"JNMGW07/Software System:System ID=0, System name=CloudSE2980",Reliable,11.698
2024-06-06 15:00+03:00,60,"BUMGW01/Software System:System ID=0, System name=CloudSE2980",Reliable,11.418
2024-06-06 15:00+03:00,60,"MDMGW08/Software System:System ID=0, System name=CloudSE2980",Reliable,7.46
2024-06-06 15:00+03:00,60,"MKMGW05/Software System:System ID=0, System name=CloudSE2980",Reliable,9.417
2024-06-06 15:00+03:00,60,"JNMGW07/Software System:System ID=0, System name=CloudSE2980",Reliable,11.809000000000001
2024-06-06 16:00+03:00,60,"BUMGW01/Software System:System ID=0, System name=CloudSE2980",Reliable,11.466
2024-06-06 16:00+03:00,60,"MDMGW08/Software System:System ID=0, System name=CloudSE2980",Reliable,7.571000000000001
2024-06-06 16:00+03:00,60,"MKMGW05/Software System:System ID=0, System name=CloudSE2980",Reliable,9.417
2024-06-06 16:00+03:00,60,"JNMGW07/Software System:System ID=0, System name=CloudSE2980",Reliable,12.052999999999999
2024-06-06 17:00+03:00,60,"BUMGW01/Software System:System ID=0, System name=CloudSE2980",Reliable,12.012
2024-06-06 17:00+03:00,60,"MDMGW08/Software System:System ID=0, System name=CloudSE2980",Reliable,7.944
2024-06-06 17:00+03:00,60,"MKMGW05/Software System:System ID=0, System name=CloudSE2980",Reliable,9.817
2024-06-06 17:00+03:00,60,"JNMGW07/Software System:System ID=0, System name=CloudSE2980",Reliable,12.802999999999999
2024-06-06 18:00+03:00,60,"BUMGW01/Software System:System ID=0, System name=CloudSE2980",Reliable,12.769
2024-06-06 18:00+03:00,60,"MDMGW08/Software System:System ID=0, System name=CloudSE2980",Reliable,8.522
2024-06-06 18:00+03:00,60,"MKMGW05/Software System:System ID=0, System name=CloudSE2980",Reliable,10.468
2024-06-06 18:00+03:00,60,"JNMGW07/Software System:System ID=0, System name=CloudSE2980",Reliable,13.985999999999999
2024-06-06 19:00+03:00,60,"BUMGW01/Software System:System ID=0, System name=CloudSE2980",Reliable,14.115
2024-06-06 19:00+03:00,60,"MDMGW08/Software System:System ID=0, System name=CloudSE2980",Reliable,10.101
2024-06-06 19:00+03:00,60,"MKMGW05/Software System:System ID=0, System name=CloudSE2980",Reliable,11.818
2024-06-06 19:00+03:00,60,"JNMGW07/Software System:System ID=0, System name=CloudSE2980",Reliable,16.825
2024-06-06 20:00+03:00,60,"BUMGW01/Software System:System ID=0, System name=CloudSE2980",Reliable,15.389000000000001
2024-06-06 20:00+03:00,60,"MDMGW08/Software System:System ID=0, System name=CloudSE2980",Reliable,11.116
2024-06-06 20:00+03:00,60,"MKMGW05/Software System:System ID=0, System name=CloudSE2980",Reliable,12.823
2024-06-06 20:00+03:00,60,"JNMGW07/Software System:System ID=0, System name=CloudSE2980",Reliable,18.406
2024-06-06 21:00+03:00,60,"BUMGW01/Software System:System ID=0, System name=CloudSE2980",Reliable,15.654000000000002
2024-06-06 21:00+03:00,60,"MDMGW08/Software System:System ID=0, System name=CloudSE2980",Reliable,11.124
2024-06-06 21:00+03:00,60,"MKMGW05/Software System:System ID=0, System name=CloudSE2980",Reliable,12.61
2024-06-06 21:00+03:00,60,"JNMGW07/Software System:System ID=0, System name=CloudSE2980",Reliable,17.972
2024-06-06 22:00+03:00,60,"BUMGW01/Software System:System ID=0, System name=CloudSE2980",Reliable,13.940999999999999
2024-06-06 22:00+03:00,60,"MDMGW08/Software System:System ID=0, System name=CloudSE2980",Reliable,9.454
2024-06-06 22:00+03:00,60,"MKMGW05/Software System:System ID=0, System name=CloudSE2980",Reliable,11.027000000000001
2024-06-06 22:00+03:00,60,"JNMGW07/Software System:System ID=0, System name=CloudSE2980",Reliable,14.96
2024-06-06 23:00+03:00,60,"BUMGW01/Software System:System ID=0, System name=CloudSE2980",Reliable,9.042
2024-06-06 23:00+03:00,60,"MDMGW08/Software System:System ID=0, System name=CloudSE2980",Reliable,6.154
2024-06-06 23:00+03:00,60,"MKMGW05/Software System:System ID=0, System name=CloudSE2980",Reliable,7.54
2024-06-06 23:00+03:00,60,"JNMGW07/Software System:System ID=0, System name=CloudSE2980",Reliable,8.43
