Result Time,Granularity Period,Object Name,Reliability,Call Attempts,Global BHCA,Incoming Answer Times,Originated Answer Times,Peak_Processor_Load,Peak_Processor_Load_Denom,Peak_Processor_Load_Nom
2024-06-06 00:00+03:00,60,AHMSC3/MSCServerFunction:AHMSC3,Reliable,449779,426678,66059,67111,29.608,449779,133170
2024-06-06 00:00+03:00,60,BUMSC1/MSCServerFunction:BUMSC1,Reliable,480830,455345,59459,66463,26.188000000000002,480830,125922
2024-06-06 00:00+03:00,60,BUMSC2/MSCServerFunction:BUMSC2,Reliable,387510,365943,59248,64549,31.947,387510,123797
2024-06-06 00:00+03:00,60,AHMSC4/MSCServerFunction:AHMSC4,Reliable,366176,346368,52095,67173,32.571,366176,119268
2024-06-06 01:00+03:00,60,AHMSC3/MSCServerFunction:AHMSC3,Reliable,202051,191036,27840,27485,27.381999999999998,202051,55325
2024-06-06 01:00+03:00,60,BUMSC1/MSCServerFunction:BUMSC1,Reliable,211164,200355,26165,26627,25.0,211164,52792
2024-06-06 01:00+03:00,60,BUMSC2/MSCServerFunction:BUMSC2,Reliable,154604,145414,22852,22456,29.305999999999997,154604,45308
2024-06-06 01:00+03:00,60,AHMSC4/MSCServerFunction:AHMSC4,Reliable,162883,151616,21141,26539,29.273000000000003,162883,47680
2024-06-06 02:00+03:00,60,AHMSC3/MSCServerFunction:AHMSC3,Reliable,125818,118631,16048,16116,25.564,125818,32164
2024-06-06 02:00+03:00,60,BUMSC1/MSCServerFunction:BUMSC1,Reliable,129400,122704,15034,15647,23.71,129400,30681
2024-06-06 02:00+03:00,60,BUMSC2/MSCServerFunction:BUMSC2,Reliable,95299,89242,13184,12900,27.371,95299,26084
2024-06-06 02:00+03:00,60,AHMSC4/MSCServerFunction:AHMSC4,Reliable,100294,93276,12488,15225,27.631999999999998,100294,27713
2024-06-06 03:00+03:00,60,AHMSC3/MSCServerFunction:AHMSC3,Reliable,110425,104137,13496,13475,24.425,110425,26971
2024-06-06 03:00+03:00,60,BUMSC1/MSCServerFunction:BUMSC1,Reliable,114113,108581,12731,13036,22.58,114113,25767
2024-06-06 03:00+03:00,60,BUMSC2/MSCServerFunction:BUMSC2,Reliable,83748,78445,10962,10691,25.855,83748,21653
2024-06-06 03:00+03:00,60,AHMSC4/MSCServerFunction:AHMSC4,Reliable,87336,81640,10323,13074,26.79,87336,23397
2024-06-06 04:00+03:00,60,AHMSC3/MSCServerFunction:AHMSC3,Reliable,120971,114169,16613,16809,27.628,120971,33422
2024-06-06 04:00+03:00,60,BUMSC1/MSCServerFunction:BUMSC1,Reliable,125730,119483,15493,16595,25.521,125730,32088
2024-06-06 04:00+03:00,60,BUMSC2/MSCServerFunction:BUMSC2,Reliable,93317,87469,13674,14023,29.680999999999997,93317,27697
2024-06-06 04:00+03:00,60,AHMSC4/MSCServerFunction:AHMSC4,Reliable,99775,93586,13138,15954,29.158,99775,29092
2024-06-06 05:00+03:00,60,AHMSC3/MSCServerFunction:AHMSC3,Reliable,261374,247406,41454,42563,32.144,261374,84017
2024-06-06 05:00+03:00,60,BUMSC1/MSCServerFunction:BUMSC1,Reliable,279750,265129,39486,42188,29.195,279750,81674
2024-06-06 05:00+03:00,60,BUMSC2/MSCServerFunction:BUMSC2,Reliable,202663,190634,34553,35817,34.723,202663,70370
2024-06-06 05:00+03:00,60,AHMSC4/MSCServerFunction:AHMSC4,Reliable,209814,199191,33074,42686,36.108000000000004,209814,75760
2024-06-06 06:00+03:00,60,AHMSC3/MSCServerFunction:AHMSC3,Reliable,996922,946631,167811,176109,34.498000000000005,996922,343920
2024-06-06 06:00+03:00,60,BUMSC1/MSCServerFunction:BUMSC1,Reliable,1116855,1055523,160375,175504,30.074,1116855,335879
2024-06-06 06:00+03:00,60,BUMSC2/MSCServerFunction:BUMSC2,Reliable,782909,737378,141569,151223,37.398,782909,292792
2024-06-06 06:00+03:00,60,AHMSC4/MSCServerFunction:AHMSC4,Reliable,818253,775498,137881,176519,38.423,818253,314400
2024-06-06 07:00+03:00,60,AHMSC3/MSCServerFunction:AHMSC3,Reliable,2159432,2060550,399476,417784,37.846,2159432,817260
2024-06-06 07:00+03:00,60,BUMSC1/MSCServerFunction:BUMSC1,Reliable,2403152,2285301,379448,414880,33.054,2403152,794328
2024-06-06 07:00+03:00,60,BUMSC2/MSCServerFunction:BUMSC2,Reliable,1695762,1607193,332734,354940,40.553000000000004,1695762,687674
2024-06-06 07:00+03:00,60,AHMSC4/MSCServerFunction:AHMSC4,Reliable,1788576,1704009,324857,415496,41.393,1788576,740353
2024-06-06 08:00+03:00,60,AHMSC3/MSCServerFunction:AHMSC3,Reliable,2727723,2614051,538365,556430,40.135999999999996,2727723,1094795
2024-06-06 08:00+03:00,60,BUMSC1/MSCServerFunction:BUMSC1,Reliable,2998296,2866332,516934,552004,35.652,2998296,1068938
2024-06-06 08:00+03:00,60,BUMSC2/MSCServerFunction:BUMSC2,Reliable,2210766,2104766,455549,479527,42.29600000000001,2210766,935076
2024-06-06 08:00+03:00,60,AHMSC4/MSCServerFunction:AHMSC4,Reliable,2276293,2178842,435036,554227,43.458999999999996,2276293,989263
2024-06-06 09:00+03:00,60,AHMSC3/MSCServerFunction:AHMSC3,Reliable,3002782,2883152,616902,627209,41.431999999999995,3002782,1244111
2024-06-06 09:00+03:00,60,BUMSC1/MSCServerFunction:BUMSC1,Reliable,3287856,3150313,589945,624888,36.949,3287856,1214833
2024-06-06 09:00+03:00,60,BUMSC2/MSCServerFunction:BUMSC2,Reliable,2478778,2365152,525668,551452,43.45399999999999,2478778,1077120
2024-06-06 09:00+03:00,60,AHMSC4/MSCServerFunction:AHMSC4,Reliable,2502747,2401452,493621,626483,44.755,2502747,1120104
2024-06-06 10:00+03:00,60,AHMSC3/MSCServerFunction:AHMSC3,Reliable,3174883,3048007,656190,668359,41.72,3174883,1324549
2024-06-06 10:00+03:00,60,BUMSC1/MSCServerFunction:BUMSC1,Reliable,3474611,3329776,631286,665009,37.308,3474611,1296295
2024-06-06 10:00+03:00,60,BUMSC2/MSCServerFunction:BUMSC2,Reliable,2523362,2408781,545611,564165,43.98,2523362,1109776
2024-06-06 10:00+03:00,60,AHMSC4/MSCServerFunction:AHMSC4,Reliable,2653416,2544810,525041,667080,44.928000000000004,2653416,1192121
2024-06-06 11:00+03:00,60,AHMSC3/MSCServerFunction:AHMSC3,Reliable,3151601,3023864,649453,661124,41.583999999999996,3151601,1310577
2024-06-06 11:00+03:00,60,BUMSC1/MSCServerFunction:BUMSC1,Reliable,3437641,3292894,628615,656085,37.372,3437641,1284700
2024-06-06 11:00+03:00,60,BUMSC2/MSCServerFunction:BUMSC2,Reliable,2464814,2351285,533759,546403,43.823,2464814,1080162
2024-06-06 11:00+03:00,60,AHMSC4/MSCServerFunction:AHMSC4,Reliable,2622302,2513000,516697,656773,44.75,2622302,1173470
2024-06-06 12:00+03:00,60,AHMSC3/MSCServerFunction:AHMSC3,Reliable,3118236,2990557,640003,649081,41.34,3118236,1289084
2024-06-06 12:00+03:00,60,BUMSC1/MSCServerFunction:BUMSC1,Reliable,3407278,3262027,620739,647291,37.215,3407278,1268030
2024-06-06 12:00+03:00,60,BUMSC2/MSCServerFunction:BUMSC2,Reliable,2409525,2297818,523006,530470,43.721000000000004,2409525,1053476
2024-06-06 12:00+03:00,60,AHMSC4/MSCServerFunction:AHMSC4,Reliable,2602171,2492112,510945,650569,44.636,2602171,1161514
2024-06-06 13:00+03:00,60,AHMSC3/MSCServerFunction:AHMSC3,Reliable,3172085,3041679,644280,654028,40.929,3172085,1298308
2024-06-06 13:00+03:00,60,BUMSC1/MSCServerFunction:BUMSC1,Reliable,3459750,3312176,624480,650269,36.845,3459750,1274749
2024-06-06 13:00+03:00,60,BUMSC2/MSCServerFunction:BUMSC2,Reliable,2434140,2320517,523023,531292,43.31399999999999,2434140,1054315
2024-06-06 13:00+03:00,60,AHMSC4/MSCServerFunction:AHMSC4,Reliable,2641058,2528693,515051,653874,44.26,2641058,1168925
2024-06-06 14:00+03:00,60,AHMSC3/MSCServerFunction:AHMSC3,Reliable,3101272,2972062,624752,638395,40.73,3101272,1263147
2024-06-06 14:00+03:00,60,BUMSC1/MSCServerFunction:BUMSC1,Reliable,3380766,3234772,610762,631035,36.731,3380766,1241797
2024-06-06 14:00+03:00,60,BUMSC2/MSCServerFunction:BUMSC2,Reliable,2372558,2260859,508152,513981,43.081,2372558,1022133
2024-06-06 14:00+03:00,60,AHMSC4/MSCServerFunction:AHMSC4,Reliable,2578131,2466658,501428,633921,44.038000000000004,2578131,1135349
2024-06-06 15:00+03:00,60,AHMSC3/MSCServerFunction:AHMSC3,Reliable,3014735,2884774,596282,607896,39.943000000000005,3014735,1204178
2024-06-06 15:00+03:00,60,BUMSC1/MSCServerFunction:BUMSC1,Reliable,3280390,3134805,583570,603728,36.194,3280390,1187298
2024-06-06 15:00+03:00,60,BUMSC2/MSCServerFunction:BUMSC2,Reliable,2296131,2184508,485375,490788,42.513000000000005,2296131,976163
2024-06-06 15:00+03:00,60,AHMSC4/MSCServerFunction:AHMSC4,Reliable,2502826,2390989,476022,606002,43.232,2502826,1082024
2024-06-06 16:00+03:00,60,AHMSC3/MSCServerFunction:AHMSC3,Reliable,3135395,3001711,616840,629108,39.738,3135395,1245948
2024-06-06 16:00+03:00,60,BUMSC1/MSCServerFunction:BUMSC1,Reliable,3419444,3268067,602690,625555,35.919000000000004,3419444,1228245
2024-06-06 16:00+03:00,60,BUMSC2/MSCServerFunction:BUMSC2,Reliable,2379603,2264113,499637,503506,42.156000000000006,2379603,1003143
2024-06-06 16:00+03:00,60,AHMSC4/MSCServerFunction:AHMSC4,Reliable,2607368,2490889,492046,627859,42.952,2607368,1119905
2024-06-06 17:00+03:00,60,AHMSC3/MSCServerFunction:AHMSC3,Reliable,3405868,3261233,659839,673565,39.15,3405868,1333404
2024-06-06 17:00+03:00,60,BUMSC1/MSCServerFunction:BUMSC1,Reliable,3714775,3551111,646256,669299,35.414,3714775,1315555
2024-06-06 17:00+03:00,60,BUMSC2/MSCServerFunction:BUMSC2,Reliable,2568627,2444053,529491,540405,41.652,2568627,1069896
2024-06-06 17:00+03:00,60,AHMSC4/MSCServerFunction:AHMSC4,Reliable,2829518,2702475,526090,673576,42.398,2829518,1199666
2024-06-06 18:00+03:00,60,AHMSC3/MSCServerFunction:AHMSC3,Reliable,3709047,3549145,696650,718563,38.156,3709047,1415213
2024-06-06 18:00+03:00,60,BUMSC1/MSCServerFunction:BUMSC1,Reliable,4046528,3865925,682542,707473,34.351,4046528,1390015
2024-06-06 18:00+03:00,60,BUMSC2/MSCServerFunction:BUMSC2,Reliable,2781451,2645162,558377,575514,40.766,2781451,1133891
2024-06-06 18:00+03:00,60,AHMSC4/MSCServerFunction:AHMSC4,Reliable,3082352,2941407,558477,714660,41.303999999999995,3082352,1273137
2024-06-06 19:00+03:00,60,AHMSC3/MSCServerFunction:AHMSC3,Reliable,4458643,4270098,817110,850444,37.4,4458643,1667554
2024-06-06 19:00+03:00,60,BUMSC1/MSCServerFunction:BUMSC1,Reliable,4932279,4708398,809232,838418,33.405,4932279,1647650
2024-06-06 19:00+03:00,60,BUMSC2/MSCServerFunction:BUMSC2,Reliable,3346783,3180616,658533,685608,40.162,3346783,1344141
2024-06-06 19:00+03:00,60,AHMSC4/MSCServerFunction:AHMSC4,Reliable,3714410,3540943,661131,847478,40.615,3714410,1508609
2024-06-06 20:00+03:00,60,AHMSC3/MSCServerFunction:AHMSC3,Reliable,4232764,4044202,759466,792366,36.662,4232764,1551832
2024-06-06 20:00+03:00,60,BUMSC1/MSCServerFunction:BUMSC1,Reliable,4662231,4440106,755114,780440,32.936,4662231,1535554
2024-06-06 20:00+03:00,60,BUMSC2/MSCServerFunction:BUMSC2,Reliable,3160958,2995298,611285,635246,39.435,3160958,1246531
2024-06-06 20:00+03:00,60,AHMSC4/MSCServerFunction:AHMSC4,Reliable,3514315,3340610,614819,787786,39.911,3514315,1402605
2024-06-06 21:00+03:00,60,AHMSC3/MSCServerFunction:AHMSC3,Reliable,3529587,3361328,616134,640850,35.613,3529587,1256984
2024-06-06 21:00+03:00,60,BUMSC1/MSCServerFunction:BUMSC1,Reliable,3849018,3660178,611543,632540,32.321999999999996,3849018,1244083
2024-06-06 21:00+03:00,60,BUMSC2/MSCServerFunction:BUMSC2,Reliable,2617630,2475178,489983,512628,38.302,2617630,1002611
2024-06-06 21:00+03:00,60,AHMSC4/MSCServerFunction:AHMSC4,Reliable,2931063,2781311,499221,638787,38.826,2931063,1138008
2024-06-06 22:00+03:00,60,AHMSC3/MSCServerFunction:AHMSC3,Reliable,2385589,2268851,395238,414168,33.929,2385589,809406
2024-06-06 22:00+03:00,60,BUMSC1/MSCServerFunction:BUMSC1,Reliable,2573304,2445347,393991,408764,31.195,2573304,802755
2024-06-06 22:00+03:00,60,BUMSC2/MSCServerFunction:BUMSC2,Reliable,1755342,1659182,313228,326935,36.469,1755342,640163
2024-06-06 22:00+03:00,60,AHMSC4/MSCServerFunction:AHMSC4,Reliable,1984338,1881882,321436,413145,37.019,1984338,734581
2024-06-06 23:00+03:00,60,AHMSC3/MSCServerFunction:AHMSC3,Reliable,1072869,1021965,167617,174937,31.929000000000002,1072869,342554
2024-06-06 23:00+03:00,60,BUMSC1/MSCServerFunction:BUMSC1,Reliable,1142664,1087425,166388,172729,29.678,1142664,339117
2024-06-06 23:00+03:00,60,BUMSC2/MSCServerFunction:BUMSC2,Reliable,788298,746378,132249,136190,34.053000000000004,788298,268439
2024-06-06 23:00+03:00,60,AHMSC4/MSCServerFunction:AHMSC4,Reliable,881936,837110,135663,173848,35.094,881936,309511
2024-06-06 00:00+03:00,60,BUMSC5/MSCServerFunction:BUMSC5,Reliable,23619,22012,2175,3798,25.289,23619,5973
2024-06-06 00:00+03:00,60,RWMSC6/MSCServerFunction:RWMSC6,Reliable,0,0,0,0,,0,0
2024-06-06 01:00+03:00,60,BUMSC5/MSCServerFunction:BUMSC5,Reliable,40208,37484,3812,6082,24.607,40208,9894
2024-06-06 01:00+03:00,60,RWMSC6/MSCServerFunction:RWMSC6,Reliable,0,0,0,0,,0,0
2024-06-06 02:00+03:00,60,BUMSC5/MSCServerFunction:BUMSC5,Reliable,22885,21428,2410,3390,25.344,22885,5800
2024-06-06 02:00+03:00,60,RWMSC6/MSCServerFunction:RWMSC6,Reliable,0,0,0,0,,0,0
2024-06-06 03:00+03:00,60,BUMSC5/MSCServerFunction:BUMSC5,Reliable,17834,16820,2013,2879,27.430999999999997,17834,4892
2024-06-06 03:00+03:00,60,RWMSC6/MSCServerFunction:RWMSC6,Reliable,0,1,0,0,,0,0
2024-06-06 04:00+03:00,60,BUMSC5/MSCServerFunction:BUMSC5,Reliable,17796,16821,2374,3123,30.889,17796,5497
2024-06-06 04:00+03:00,60,RWMSC6/MSCServerFunction:RWMSC6,Reliable,0,3,0,0,,0,0
2024-06-06 05:00+03:00,60,BUMSC5/MSCServerFunction:BUMSC5,Reliable,41465,39325,7130,7690,35.741,41465,14820
2024-06-06 05:00+03:00,60,RWMSC6/MSCServerFunction:RWMSC6,Reliable,0,1,0,0,,0,0
2024-06-06 06:00+03:00,60,BUMSC5/MSCServerFunction:BUMSC5,Reliable,155942,147818,28361,30327,37.635,155942,58688
2024-06-06 06:00+03:00,60,RWMSC6/MSCServerFunction:RWMSC6,Reliable,0,6,0,0,,0,0
2024-06-06 07:00+03:00,60,BUMSC5/MSCServerFunction:BUMSC5,Reliable,373158,355192,71911,75798,39.584,373158,147709
2024-06-06 07:00+03:00,60,RWMSC6/MSCServerFunction:RWMSC6,Reliable,0,2,0,0,,0,0
2024-06-06 08:00+03:00,60,BUMSC5/MSCServerFunction:BUMSC5,Reliable,511186,489495,103779,111026,42.021,511186,214805
2024-06-06 08:00+03:00,60,RWMSC6/MSCServerFunction:RWMSC6,Reliable,0,8,0,1,,0,1
2024-06-06 09:00+03:00,60,BUMSC5/MSCServerFunction:BUMSC5,Reliable,624566,598631,130550,138872,43.137,624566,269422
2024-06-06 09:00+03:00,60,RWMSC6/MSCServerFunction:RWMSC6,Reliable,0,11,0,0,,0,0
2024-06-06 10:00+03:00,60,BUMSC5/MSCServerFunction:BUMSC5,Reliable,724216,692869,152142,161272,43.276,724216,313414
2024-06-06 10:00+03:00,60,RWMSC6/MSCServerFunction:RWMSC6,Reliable,0,15,0,0,,0,0
2024-06-06 11:00+03:00,60,BUMSC5/MSCServerFunction:BUMSC5,Reliable,755533,722158,157906,167429,43.06,755533,325335
2024-06-06 11:00+03:00,60,RWMSC6/MSCServerFunction:RWMSC6,Reliable,0,9,0,2,,0,2
2024-06-06 12:00+03:00,60,BUMSC5/MSCServerFunction:BUMSC5,Reliable,781337,745963,161869,172558,42.802,781337,334427
2024-06-06 12:00+03:00,60,RWMSC6/MSCServerFunction:RWMSC6,Reliable,0,9,0,0,,0,0
2024-06-06 13:00+03:00,60,BUMSC5/MSCServerFunction:BUMSC5,Reliable,817279,779953,167353,178808,42.355,817279,346161
2024-06-06 13:00+03:00,60,RWMSC6/MSCServerFunction:RWMSC6,Reliable,0,12,0,2,,0,2
2024-06-06 14:00+03:00,60,BUMSC5/MSCServerFunction:BUMSC5,Reliable,819599,781242,167307,177997,42.131,819599,345304
2024-06-06 14:00+03:00,60,RWMSC6/MSCServerFunction:RWMSC6,Reliable,0,5,0,1,,0,1
2024-06-06 15:00+03:00,60,BUMSC5/MSCServerFunction:BUMSC5,Reliable,812800,773593,162153,173872,41.342,812800,336025
2024-06-06 15:00+03:00,60,RWMSC6/MSCServerFunction:RWMSC6,Reliable,0,15,0,2,,0,2
2024-06-06 16:00+03:00,60,BUMSC5/MSCServerFunction:BUMSC5,Reliable,862677,820690,172051,184498,41.331,862677,356549
2024-06-06 16:00+03:00,60,RWMSC6/MSCServerFunction:RWMSC6,Reliable,0,10,0,1,,0,1
2024-06-06 17:00+03:00,60,BUMSC5/MSCServerFunction:BUMSC5,Reliable,949422,902995,186944,200636,40.823,949422,387580
2024-06-06 17:00+03:00,60,RWMSC6/MSCServerFunction:RWMSC6,Reliable,0,5,0,0,,0,0
2024-06-06 18:00+03:00,60,BUMSC5/MSCServerFunction:BUMSC5,Reliable,1054768,1001189,200759,216202,39.531,1054768,416961
2024-06-06 18:00+03:00,60,RWMSC6/MSCServerFunction:RWMSC6,Reliable,0,12,0,2,,0,2
2024-06-06 19:00+03:00,60,BUMSC5/MSCServerFunction:BUMSC5,Reliable,1306868,1237124,239069,260619,38.236,1306868,499688
2024-06-06 19:00+03:00,60,RWMSC6/MSCServerFunction:RWMSC6,Reliable,0,38,0,1,,0,1
2024-06-06 20:00+03:00,60,BUMSC5/MSCServerFunction:BUMSC5,Reliable,1267401,1195968,227068,248440,37.518,1267401,475508
2024-06-06 20:00+03:00,60,RWMSC6/MSCServerFunction:RWMSC6,Reliable,0,7,0,1,,0,1
2024-06-06 21:00+03:00,60,BUMSC5/MSCServerFunction:BUMSC5,Reliable,1070412,1007309,186123,204671,36.509,1070412,390794
2024-06-06 21:00+03:00,60,RWMSC6/MSCServerFunction:RWMSC6,Reliable,0,6,0,0,,0,0
2024-06-06 22:00+03:00,60,BUMSC5/MSCServerFunction:BUMSC5,Reliable,726722,683359,120675,133344,34.954,726722,254019
2024-06-06 22:00+03:00,60,RWMSC6/MSCServerFunction:RWMSC6,Reliable,0,1,0,0,,0,0
2024-06-06 23:00+03:00,60,BUMSC5/MSCServerFunction:BUMSC5,Reliable,320878,302111,51225,56008,33.419000000000004,320878,107233
2024-06-06 23:00+03:00,60,RWMSC6/MSCServerFunction:RWMSC6,Reliable,0,1,0,0,,0,0
