Result Time,Granularity Period,Object Name,Reliability,Answer Rate,Answer Times,Call Attempts,Incoming Answer Times,Incoming Call Attempts,Originated Answer Times,Originated Call Attempts
2024-06-02 00:00+03:00,60,AHMSC3/MSCServerFunction:AHMSC3,Reliable,30.934,191065,617650,95303,296937,95762,320713
2024-06-02 00:00+03:00,60,BUMSC1/MSCServerFunction:BUMSC1,Reliable,26.84,178618,665497,84543,351004,94075,314493
2024-06-02 00:00+03:00,60,BUMSC2/MSCServerFunction:BUMSC2,Reliable,33.994,183751,540541,87860,222712,95891,317829
2024-06-02 00:00+03:00,60,AHMSC4/MSCServerFunction:AHMSC4,Reliable,33.946999999999996,171316,504651,75709,187431,95607,317220
2024-06-02 01:00+03:00,60,AHMSC3/MSCServerFunction:AHMSC3,Reliable,29.139,79978,274470,40309,133185,39669,141285
2024-06-02 01:00+03:00,60,BUMSC1/MSCServerFunction:BUMSC1,Reliable,25.456,74109,291123,35462,151940,38647,139183
2024-06-02 01:00+03:00,60,BUMSC2/MSCServerFunction:BUMSC2,Reliable,32.012,76087,237681,36670,98272,39417,139409
2024-06-02 01:00+03:00,60,AHMSC4/MSCServerFunction:AHMSC4,Reliable,32.326,71536,221293,31472,81123,40064,140170
2024-06-02 02:00+03:00,60,AHMSC3/MSCServerFunction:AHMSC3,Reliable,27.714000000000002,44761,161513,22509,78980,22252,82533
2024-06-02 02:00+03:00,60,BUMSC1/MSCServerFunction:BUMSC1,Reliable,24.213,41424,171079,19843,88507,21581,82572
2024-06-02 02:00+03:00,60,BUMSC2/MSCServerFunction:BUMSC2,Reliable,30.127,41945,139227,20369,57477,21576,81750
2024-06-02 02:00+03:00,60,AHMSC4/MSCServerFunction:AHMSC4,Reliable,30.461,39719,130391,17549,47191,22170,83200
2024-06-02 03:00+03:00,60,AHMSC3/MSCServerFunction:AHMSC3,Reliable,27.57,34903,126597,17761,61590,17142,65007
2024-06-02 03:00+03:00,60,BUMSC1/MSCServerFunction:BUMSC1,Reliable,24.038,32362,134631,15313,69340,17049,65291
2024-06-02 03:00+03:00,60,BUMSC2/MSCServerFunction:BUMSC2,Reliable,30.011999999999997,32664,108835,15927,45066,16737,63769
2024-06-02 03:00+03:00,60,AHMSC4/MSCServerFunction:AHMSC4,Reliable,29.932,30924,103313,13442,37219,17482,66094
2024-06-02 04:00+03:00,60,AHMSC3/MSCServerFunction:AHMSC3,Reliable,29.16,35848,122935,18188,58887,17660,64048
2024-06-02 04:00+03:00,60,BUMSC1/MSCServerFunction:BUMSC1,Reliable,25.52,33057,129536,15664,67104,17393,62432
2024-06-02 04:00+03:00,60,BUMSC2/MSCServerFunction:BUMSC2,Reliable,31.872,34054,106847,16319,44085,17735,62762
2024-06-02 04:00+03:00,60,AHMSC4/MSCServerFunction:AHMSC4,Reliable,31.927,31829,99692,13985,36357,17844,63335
2024-06-02 05:00+03:00,60,AHMSC3/MSCServerFunction:AHMSC3,Reliable,31.331,64486,205822,32186,98771,32300,107051
2024-06-02 05:00+03:00,60,BUMSC1/MSCServerFunction:BUMSC1,Reliable,27.041,60571,224000,28450,116684,32121,107316
2024-06-02 05:00+03:00,60,BUMSC2/MSCServerFunction:BUMSC2,Reliable,34.288000000000004,61872,180448,29168,72476,32704,107972
2024-06-02 05:00+03:00,60,AHMSC4/MSCServerFunction:AHMSC4,Reliable,34.686,57834,166737,25625,61227,32209,105510
2024-06-02 06:00+03:00,60,AHMSC3/MSCServerFunction:AHMSC3,Reliable,32.859,270871,824347,133013,390795,137858,433552
2024-06-02 06:00+03:00,60,BUMSC1/MSCServerFunction:BUMSC1,Reliable,27.804000000000002,257267,925281,119879,490104,137388,435177
2024-06-02 06:00+03:00,60,BUMSC2/MSCServerFunction:BUMSC2,Reliable,36.219,259272,715842,121344,281164,137928,434678
2024-06-02 06:00+03:00,60,AHMSC4/MSCServerFunction:AHMSC4,Reliable,36.751999999999995,245307,667467,106782,236354,138525,431113
2024-06-02 07:00+03:00,60,AHMSC3/MSCServerFunction:AHMSC3,Reliable,35.089,713911,2034554,348097,964268,365814,1070286
2024-06-02 07:00+03:00,60,BUMSC1/MSCServerFunction:BUMSC1,Reliable,30.215,674767,2233225,313355,1166036,361412,1067189
2024-06-02 07:00+03:00,60,BUMSC2/MSCServerFunction:BUMSC2,Reliable,38.364000000000004,681537,1776510,318620,705958,362917,1070552
2024-06-02 07:00+03:00,60,AHMSC4/MSCServerFunction:AHMSC4,Reliable,38.617,643854,1667272,281320,601478,362534,1065794
2024-06-02 08:00+03:00,60,AHMSC3/MSCServerFunction:AHMSC3,Reliable,36.76,978316,2661349,479005,1261098,499311,1400251
2024-06-02 08:00+03:00,60,BUMSC1/MSCServerFunction:BUMSC1,Reliable,32.098,922436,2873779,429669,1481222,492767,1392557
2024-06-02 08:00+03:00,60,BUMSC2/MSCServerFunction:BUMSC2,Reliable,39.876999999999995,929396,2330651,436524,941789,492872,1388862
2024-06-02 08:00+03:00,60,AHMSC4/MSCServerFunction:AHMSC4,Reliable,40.1,883992,2204463,387180,808732,496812,1395731
2024-06-02 09:00+03:00,60,AHMSC3/MSCServerFunction:AHMSC3,Reliable,37.658,1107394,2940656,542988,1397956,564406,1542700
2024-06-02 09:00+03:00,60,BUMSC1/MSCServerFunction:BUMSC1,Reliable,33.146,1045588,3154473,487936,1614386,557652,1540087
2024-06-02 09:00+03:00,60,BUMSC2/MSCServerFunction:BUMSC2,Reliable,40.655,1054174,2592965,495367,1054211,558807,1538754
2024-06-02 09:00+03:00,60,AHMSC4/MSCServerFunction:AHMSC4,Reliable,40.998000000000005,1000310,2439875,439084,901614,561226,1538261
2024-06-02 10:00+03:00,60,AHMSC3/MSCServerFunction:AHMSC3,Reliable,37.928000000000004,1161587,3062578,569914,1452977,591673,1609601
2024-06-02 10:00+03:00,60,BUMSC1/MSCServerFunction:BUMSC1,Reliable,33.622,1096559,3261398,510437,1654662,586122,1606736
2024-06-02 10:00+03:00,60,BUMSC2/MSCServerFunction:BUMSC2,Reliable,40.888000000000005,1109377,2713229,521742,1104683,587635,1608546
2024-06-02 10:00+03:00,60,AHMSC4/MSCServerFunction:AHMSC4,Reliable,41.214,1049555,2546588,459784,941731,589771,1604857
2024-06-02 11:00+03:00,60,AHMSC3/MSCServerFunction:AHMSC3,Reliable,37.803000000000004,1171624,3099313,575306,1465597,596318,1633716
2024-06-02 11:00+03:00,60,BUMSC1/MSCServerFunction:BUMSC1,Reliable,33.564,1104437,3290512,514337,1656923,590100,1633589
2024-06-02 11:00+03:00,60,BUMSC2/MSCServerFunction:BUMSC2,Reliable,40.559,1120586,2762859,526850,1125572,593736,1637287
2024-06-02 11:00+03:00,60,AHMSC4/MSCServerFunction:AHMSC4,Reliable,41.023,1058322,2579815,463330,948892,594992,1630923
2024-06-02 12:00+03:00,60,AHMSC3/MSCServerFunction:AHMSC3,Reliable,37.63,1180011,3135817,579777,1479834,600234,1655983
2024-06-02 12:00+03:00,60,BUMSC1/MSCServerFunction:BUMSC1,Reliable,33.541,1111440,3313651,517426,1657608,594014,1656043
2024-06-02 12:00+03:00,60,BUMSC2/MSCServerFunction:BUMSC2,Reliable,40.495,1127966,2785453,528983,1128180,598983,1657273
2024-06-02 12:00+03:00,60,AHMSC4/MSCServerFunction:AHMSC4,Reliable,40.929,1068458,2610501,468529,956125,599929,1654376
2024-06-02 13:00+03:00,60,AHMSC3/MSCServerFunction:AHMSC3,Reliable,37.48,1213948,3238929,597204,1529446,616744,1709483
2024-06-02 13:00+03:00,60,BUMSC1/MSCServerFunction:BUMSC1,Reliable,33.548,1143222,3407730,531182,1698793,612040,1708937
2024-06-02 13:00+03:00,60,BUMSC2/MSCServerFunction:BUMSC2,Reliable,40.341,1160223,2876052,544448,1162867,615775,1713185
2024-06-02 13:00+03:00,60,AHMSC4/MSCServerFunction:AHMSC4,Reliable,40.83,1098335,2690014,482799,981547,615536,1708467
2024-06-02 14:00+03:00,60,AHMSC3/MSCServerFunction:AHMSC3,Reliable,37.476,1253147,3343858,616414,1576255,636733,1767603
2024-06-02 14:00+03:00,60,BUMSC1/MSCServerFunction:BUMSC1,Reliable,33.635,1178589,3504030,548804,1741293,629785,1762737
2024-06-02 14:00+03:00,60,BUMSC2/MSCServerFunction:BUMSC2,Reliable,40.374,1193481,2956034,559471,1188397,634010,1767637
2024-06-02 14:00+03:00,60,AHMSC4/MSCServerFunction:AHMSC4,Reliable,40.788000000000004,1128809,2767489,494764,1006981,634045,1760508
2024-06-02 15:00+03:00,60,AHMSC3/MSCServerFunction:AHMSC3,Reliable,37.119,1243995,3351338,612191,1573431,631804,1777907
2024-06-02 15:00+03:00,60,BUMSC1/MSCServerFunction:BUMSC1,Reliable,33.423,1168753,3496842,543911,1726622,624842,1770220
2024-06-02 15:00+03:00,60,BUMSC2/MSCServerFunction:BUMSC2,Reliable,39.977,1185666,2965879,555983,1185994,629683,1779885
2024-06-02 15:00+03:00,60,AHMSC4/MSCServerFunction:AHMSC4,Reliable,40.441,1123455,2778012,491582,1002471,631873,1775541
2024-06-02 16:00+03:00,60,AHMSC3/MSCServerFunction:AHMSC3,Reliable,36.762,1245255,3387320,611768,1586185,633487,1801135
2024-06-02 16:00+03:00,60,BUMSC1/MSCServerFunction:BUMSC1,Reliable,33.281,1171391,3519686,543981,1726597,627410,1793089
2024-06-02 16:00+03:00,60,BUMSC2/MSCServerFunction:BUMSC2,Reliable,39.650999999999996,1188118,2996475,555913,1190282,632205,1806193
2024-06-02 16:00+03:00,60,AHMSC4/MSCServerFunction:AHMSC4,Reliable,40.093,1124841,2805598,493402,1009674,631439,1795924
2024-06-02 17:00+03:00,60,AHMSC3/MSCServerFunction:AHMSC3,Reliable,36.584,1271649,3475947,626371,1631006,645278,1844941
2024-06-02 17:00+03:00,60,BUMSC1/MSCServerFunction:BUMSC1,Reliable,33.184,1196255,3604908,555721,1763838,640534,1841070
2024-06-02 17:00+03:00,60,BUMSC2/MSCServerFunction:BUMSC2,Reliable,39.476,1212551,3071627,566767,1221314,645784,1850313
2024-06-02 17:00+03:00,60,AHMSC4/MSCServerFunction:AHMSC4,Reliable,39.876,1148742,2880776,502410,1033291,646332,1847485
2024-06-02 18:00+03:00,60,AHMSC3/MSCServerFunction:AHMSC3,Reliable,36.466,1354747,3715072,665487,1738783,689260,1976289
2024-06-02 18:00+03:00,60,BUMSC1/MSCServerFunction:BUMSC1,Reliable,33.046,1275889,3860938,591813,1884932,684076,1976006
2024-06-02 18:00+03:00,60,BUMSC2/MSCServerFunction:BUMSC2,Reliable,39.344,1292493,3285091,603366,1300227,689127,1984864
2024-06-02 18:00+03:00,60,AHMSC4/MSCServerFunction:AHMSC4,Reliable,39.765,1228152,3088506,537358,1111618,690794,1976888
2024-06-02 19:00+03:00,60,AHMSC3/MSCServerFunction:AHMSC3,Reliable,36.260999999999996,1684909,4646599,824132,2163306,860777,2483293
2024-06-02 19:00+03:00,60,BUMSC1/MSCServerFunction:BUMSC1,Reliable,32.74,1588977,4853300,737878,2383946,851099,2469354
2024-06-02 19:00+03:00,60,BUMSC2/MSCServerFunction:BUMSC2,Reliable,39.137,1608585,4110176,750104,1620689,858481,2489487
2024-06-02 19:00+03:00,60,AHMSC4/MSCServerFunction:AHMSC4,Reliable,39.503,1524368,3858891,665093,1383587,859275,2475304
2024-06-02 20:00+03:00,60,AHMSC3/MSCServerFunction:AHMSC3,Reliable,35.591,1601157,4498789,781262,2075584,819895,2423205
2024-06-02 20:00+03:00,60,BUMSC1/MSCServerFunction:BUMSC1,Reliable,32.509,1517757,4668777,706660,2259416,811097,2409361
2024-06-02 20:00+03:00,60,BUMSC2/MSCServerFunction:BUMSC2,Reliable,38.482,1531301,3979280,715002,1552027,816299,2427253
2024-06-02 20:00+03:00,60,AHMSC4/MSCServerFunction:AHMSC4,Reliable,38.806,1448182,3731885,631897,1314925,816285,2416960
2024-06-02 21:00+03:00,60,AHMSC3/MSCServerFunction:AHMSC3,Reliable,34.849000000000004,1298801,3726952,632110,1699699,666691,2027253
2024-06-02 21:00+03:00,60,BUMSC1/MSCServerFunction:BUMSC1,Reliable,32.14,1225896,3814190,567694,1803640,658202,2010550
2024-06-02 21:00+03:00,60,BUMSC2/MSCServerFunction:BUMSC2,Reliable,37.573,1242810,3307714,578526,1279635,664284,2028079
2024-06-02 21:00+03:00,60,AHMSC4/MSCServerFunction:AHMSC4,Reliable,37.98,1178779,3103675,514821,1086164,663958,2017511
2024-06-02 22:00+03:00,60,AHMSC3/MSCServerFunction:AHMSC3,Reliable,33.393,859253,2573158,415277,1165241,443976,1407917
2024-06-02 22:00+03:00,60,BUMSC1/MSCServerFunction:BUMSC1,Reliable,31.038,812395,2617414,374590,1221819,437805,1395595
2024-06-02 22:00+03:00,60,BUMSC2/MSCServerFunction:BUMSC2,Reliable,35.895,825956,2301005,383582,890251,442374,1410754
2024-06-02 22:00+03:00,60,AHMSC4/MSCServerFunction:AHMSC4,Reliable,36.424,784496,2153816,341066,747843,443430,1405973
2024-06-02 23:00+03:00,60,AHMSC3/MSCServerFunction:AHMSC3,Reliable,31.965,388766,1216220,189795,557858,198971,658362
2024-06-02 23:00+03:00,60,BUMSC1/MSCServerFunction:BUMSC1,Reliable,29.711,364683,1227443,168948,575610,195735,651833
2024-06-02 23:00+03:00,60,BUMSC2/MSCServerFunction:BUMSC2,Reliable,34.413000000000004,371513,1079577,172739,418049,198774,661528
2024-06-02 23:00+03:00,60,AHMSC4/MSCServerFunction:AHMSC4,Reliable,34.693000000000005,352298,1015468,152522,353098,199776,662370
2024-06-02 00:00+03:00,60,BUMSC5/MSCServerFunction:BUMSC5,Reliable,47.103,317,673,317,673,0,0
2024-06-02 00:00+03:00,60,RWMSC6/MSCServerFunction:RWMSC6,Reliable,0.0,0,0,0,0,0,0
2024-06-02 01:00+03:00,60,BUMSC5/MSCServerFunction:BUMSC5,Reliable,47.449,186,392,186,392,0,0
2024-06-02 01:00+03:00,60,RWMSC6/MSCServerFunction:RWMSC6,Reliable,0.0,0,0,0,0,0,0
2024-06-02 02:00+03:00,60,BUMSC5/MSCServerFunction:BUMSC5,Reliable,45.575,103,226,103,226,0,0
2024-06-02 02:00+03:00,60,RWMSC6/MSCServerFunction:RWMSC6,Reliable,0.0,0,0,0,0,0,0
2024-06-02 03:00+03:00,60,BUMSC5/MSCServerFunction:BUMSC5,Reliable,29.114,69,237,69,237,0,0
2024-06-02 03:00+03:00,60,RWMSC6/MSCServerFunction:RWMSC6,Reliable,0.0,0,0,0,0,0,0
2024-06-02 04:00+03:00,60,BUMSC5/MSCServerFunction:BUMSC5,Reliable,39.157,65,166,65,166,0,0
2024-06-02 04:00+03:00,60,RWMSC6/MSCServerFunction:RWMSC6,Reliable,0.0,0,0,0,0,0,0
2024-06-02 05:00+03:00,60,BUMSC5/MSCServerFunction:BUMSC5,Reliable,36.129,56,155,56,155,0,0
2024-06-02 05:00+03:00,60,RWMSC6/MSCServerFunction:RWMSC6,Reliable,0.0,0,0,0,0,0,0
2024-06-02 06:00+03:00,60,BUMSC5/MSCServerFunction:BUMSC5,Reliable,50.0,109,218,109,218,0,0
2024-06-02 06:00+03:00,60,RWMSC6/MSCServerFunction:RWMSC6,Reliable,0.0,0,0,0,0,0,0
2024-06-02 07:00+03:00,60,BUMSC5/MSCServerFunction:BUMSC5,Reliable,46.68600000000001,324,694,324,694,0,0
2024-06-02 07:00+03:00,60,RWMSC6/MSCServerFunction:RWMSC6,Reliable,0.0,0,0,0,0,0,0
2024-06-02 08:00+03:00,60,BUMSC5/MSCServerFunction:BUMSC5,Reliable,47.977,593,1236,593,1236,0,0
2024-06-02 08:00+03:00,60,RWMSC6/MSCServerFunction:RWMSC6,Reliable,0.0,0,0,0,0,0,0
2024-06-02 09:00+03:00,60,BUMSC5/MSCServerFunction:BUMSC5,Reliable,49.637,821,1654,821,1654,0,0
2024-06-02 09:00+03:00,60,RWMSC6/MSCServerFunction:RWMSC6,Reliable,0.0,0,0,0,0,0,0
2024-06-02 10:00+03:00,60,BUMSC5/MSCServerFunction:BUMSC5,Reliable,52.629,1041,1978,1041,1978,0,0
2024-06-02 10:00+03:00,60,RWMSC6/MSCServerFunction:RWMSC6,Reliable,6.25,1,16,1,1,0,15
2024-06-02 11:00+03:00,60,BUMSC5/MSCServerFunction:BUMSC5,Reliable,53.191,1125,2115,1125,2115,0,0
2024-06-02 11:00+03:00,60,RWMSC6/MSCServerFunction:RWMSC6,Reliable,8.333,1,12,0,2,1,10
2024-06-02 12:00+03:00,60,BUMSC5/MSCServerFunction:BUMSC5,Reliable,51.435,1129,2195,1129,2188,0,7
2024-06-02 12:00+03:00,60,RWMSC6/MSCServerFunction:RWMSC6,Reliable,0.0,0,0,0,0,0,0
2024-06-02 13:00+03:00,60,BUMSC5/MSCServerFunction:BUMSC5,Reliable,52.638999999999996,1127,2141,1125,2140,2,1
2024-06-02 13:00+03:00,60,RWMSC6/MSCServerFunction:RWMSC6,Reliable,0.0,0,0,0,0,0,0
2024-06-02 14:00+03:00,60,BUMSC5/MSCServerFunction:BUMSC5,Reliable,51.354,1157,2253,1144,2231,13,22
2024-06-02 15:00+03:00,60,BUMSC5/MSCServerFunction:BUMSC5,Reliable,53.573,1072,2001,1072,2001,0,0
2024-06-02 15:00+03:00,60,RWMSC6/MSCServerFunction:RWMSC6,Reliable,0.0,0,0,0,0,0,0
2024-06-02 16:00+03:00,60,BUMSC5/MSCServerFunction:BUMSC5,Reliable,50.979,1015,1991,1015,1991,0,0
2024-06-02 16:00+03:00,60,RWMSC6/MSCServerFunction:RWMSC6,Reliable,20.0,1,5,0,1,1,4
2024-06-02 17:00+03:00,60,BUMSC5/MSCServerFunction:BUMSC5,Reliable,50.262,959,1908,959,1908,0,0
2024-06-02 17:00+03:00,60,RWMSC6/MSCServerFunction:RWMSC6,Reliable,0.0,0,0,0,0,0,0
2024-06-02 18:00+03:00,60,BUMSC5/MSCServerFunction:BUMSC5,Reliable,52.448,1039,1981,1039,1981,0,0
2024-06-02 18:00+03:00,60,RWMSC6/MSCServerFunction:RWMSC6,Reliable,0.0,0,0,0,0,0,0
2024-06-02 19:00+03:00,60,BUMSC5/MSCServerFunction:BUMSC5,Reliable,50.248000000000005,1114,2217,1114,2217,0,0
2024-06-02 19:00+03:00,60,RWMSC6/MSCServerFunction:RWMSC6,Reliable,66.667,2,3,2,3,0,0
2024-06-02 20:00+03:00,60,BUMSC5/MSCServerFunction:BUMSC5,Reliable,50.592,982,1941,982,1941,0,0
2024-06-02 20:00+03:00,60,RWMSC6/MSCServerFunction:RWMSC6,Reliable,0.0,0,0,0,0,0,0
2024-06-02 21:00+03:00,60,BUMSC5/MSCServerFunction:BUMSC5,Reliable,45.398999999999994,745,1641,745,1641,0,0
2024-06-02 21:00+03:00,60,RWMSC6/MSCServerFunction:RWMSC6,Reliable,0.0,0,0,0,0,0,0
2024-06-02 22:00+03:00,60,BUMSC5/MSCServerFunction:BUMSC5,Reliable,45.093,556,1233,556,1233,0,0
2024-06-02 22:00+03:00,60,RWMSC6/MSCServerFunction:RWMSC6,Reliable,0.0,0,0,0,0,0,0
2024-06-02 23:00+03:00,60,BUMSC5/MSCServerFunction:BUMSC5,Reliable,49.667,373,751,373,751,0,0
2024-06-02 23:00+03:00,60,RWMSC6/MSCServerFunction:RWMSC6,Reliable,0.0,0,0,0,0,0,0
