Result Time,Granularity Period,Object Name,Reliability,CAUSE129_unallocated DN,CAUSE130_no route to the selected transit network,CAUSE131_no route to the callee,CAUSE133_dial wrong prefix of long distance call,CAUSE134_route unacceptable,CAUSE145_user decide to busy,CAUSE146_no response from callee,CAUSE147_no answer from callee,CAUSE149_call rejected,CAUSE155_termination error,CAUSE156_invalid DN format,CAUSE157_facility rejected,CAUSE162_no route available,CAUSE166_network error,CAUSE169_temporary error,CAUSE170_device congestion,CAUSE172_no route or circuit applied available,CAUSE174_precedence call blocked,CAUSE175_no resource available,CAUSE177_no suitable service quality,CAUSE178_facility applied not preserved before,CAUSE216_incompatible terminal,CAUSE219_invalid transit network selection,CAUSE223_invalid message,CAUSE230_recovery of time out,CAUSE231_parameter not exist,CAUSE239_protocol error,CAUSE254_interwork
2024-06-02 00:00+03:00,1440,AHMSC3/MSCServerFunction:AHMSC3,Reliable,5810,0,414032,1,0,1266544,248102,346721,4295,174728,16656,0,19026,29969,5966,2,59006,0,16754,0,3,524,0,12,344392,0,293,28086
2024-06-02 00:00+03:00,1440,BUMSC1/MSCServerFunction:BUMSC1,Reliable,6851,2,399357,0,0,1254606,122224,1061490,3079,168191,46052,0,17921,30669,8982,29,52182,0,7201,1,2,572,0,5,311374,0,209,17470
2024-06-02 00:00+03:00,1440,BUMSC2/MSCServerFunction:BUMSC2,Reliable,4571,2,436123,0,0,1269136,101791,196261,2855,169092,46346,0,11528,29201,4174,0,55608,0,8311,0,0,519,0,2,323468,0,334,34334
2024-06-02 00:00+03:00,1440,AHMSC4/MSCServerFunction:AHMSC4,Reliable,3988,0,262026,0,0,1258019,186841,205257,2379,174022,12359,0,3648,28457,2624,0,56176,0,8210,0,3,394,0,1,133465,0,128,14455
2024-06-02 00:00+03:00,1440,BUMSC5/MSCServerFunction:BUMSC5,Reliable,19,0,0,0,0,0,34,18,7,0,11,0,0,183,43,0,9,0,10,0,0,0,0,0,74,0,0,3580
