Result Time,Granularity Period,Object Name,Reliability,Peak Licensed Traffic
2024-06-02 00:00+03:00,60,AHMGW2/MGWFunction:AHMGW2,Reliable,11621
2024-06-02 00:00+03:00,60,AHMGW3/MGWFunction:AHMGW3,Reliable,9350
2024-06-02 00:00+03:00,60,BUMGW9/MGWFunction:BUMGW9,Reliable,9873
2024-06-02 00:00+03:00,60,MBMGW6/MGWFunction:MBMGW6,Reliable,5696
2024-06-02 00:00+03:00,60,RWMGW10/MGWFunction:RWMGW10,Reliable,2667
2024-06-02 00:00+03:00,60,RWMGW4/MGWFunction:RWMGW4,Reliable,1946
2024-06-02 00:00+03:00,60,AHMGW11/MGWFunction:AHMGW11,Reliable,11250
2024-06-02 01:00+03:00,60,AHMGW2/MGWFunction:AHMGW2,Reliable,5956
2024-06-02 01:00+03:00,60,AHMGW3/MGWFunction:AHMGW3,Reliable,4802
2024-06-02 01:00+03:00,60,BUMGW9/MGWFunction:BUMGW9,Reliable,5026
2024-06-02 01:00+03:00,60,MBMGW6/MGWFunction:MBMGW6,Reliable,2399
2024-06-02 01:00+03:00,60,RWMGW10/MGWFunction:RWMGW10,Reliable,1377
2024-06-02 01:00+03:00,60,RWMGW4/MGWFunction:RWMGW4,Reliable,1080
2024-06-02 01:00+03:00,60,AHMGW11/MGWFunction:AHMGW11,Reliable,5437
2024-06-02 02:00+03:00,60,AHMGW2/MGWFunction:AHMGW2,Reliable,2499
2024-06-02 02:00+03:00,60,AHMGW3/MGWFunction:AHMGW3,Reliable,1984
2024-06-02 02:00+03:00,60,BUMGW9/MGWFunction:BUMGW9,Reliable,2181
2024-06-02 02:00+03:00,60,MBMGW6/MGWFunction:MBMGW6,Reliable,974
2024-06-02 02:00+03:00,60,RWMGW10/MGWFunction:RWMGW10,Reliable,602
2024-06-02 02:00+03:00,60,RWMGW4/MGWFunction:RWMGW4,Reliable,428
2024-06-02 02:00+03:00,60,AHMGW11/MGWFunction:AHMGW11,Reliable,2325
2024-06-02 03:00+03:00,60,AHMGW2/MGWFunction:AHMGW2,Reliable,1382
2024-06-02 03:00+03:00,60,AHMGW3/MGWFunction:AHMGW3,Reliable,1128
2024-06-02 03:00+03:00,60,BUMGW9/MGWFunction:BUMGW9,Reliable,1155
2024-06-02 03:00+03:00,60,MBMGW6/MGWFunction:MBMGW6,Reliable,565
2024-06-02 03:00+03:00,60,RWMGW10/MGWFunction:RWMGW10,Reliable,358
2024-06-02 03:00+03:00,60,RWMGW4/MGWFunction:RWMGW4,Reliable,288
2024-06-02 03:00+03:00,60,AHMGW11/MGWFunction:AHMGW11,Reliable,1261
2024-06-02 04:00+03:00,60,AHMGW2/MGWFunction:AHMGW2,Reliable,1043
2024-06-02 04:00+03:00,60,AHMGW3/MGWFunction:AHMGW3,Reliable,856
2024-06-02 04:00+03:00,60,BUMGW9/MGWFunction:BUMGW9,Reliable,930
2024-06-02 04:00+03:00,60,MBMGW6/MGWFunction:MBMGW6,Reliable,686
2024-06-02 04:00+03:00,60,RWMGW10/MGWFunction:RWMGW10,Reliable,309
2024-06-02 04:00+03:00,60,RWMGW4/MGWFunction:RWMGW4,Reliable,200
2024-06-02 04:00+03:00,60,AHMGW11/MGWFunction:AHMGW11,Reliable,922
2024-06-02 05:00+03:00,60,AHMGW2/MGWFunction:AHMGW2,Reliable,2256
2024-06-02 05:00+03:00,60,AHMGW3/MGWFunction:AHMGW3,Reliable,1685
2024-06-02 05:00+03:00,60,BUMGW9/MGWFunction:BUMGW9,Reliable,1780
2024-06-02 05:00+03:00,60,MBMGW6/MGWFunction:MBMGW6,Reliable,2120
2024-06-02 05:00+03:00,60,RWMGW10/MGWFunction:RWMGW10,Reliable,561
2024-06-02 05:00+03:00,60,RWMGW4/MGWFunction:RWMGW4,Reliable,501
2024-06-02 05:00+03:00,60,AHMGW11/MGWFunction:AHMGW11,Reliable,1898
2024-06-02 06:00+03:00,60,AHMGW2/MGWFunction:AHMGW2,Reliable,10772
2024-06-02 06:00+03:00,60,AHMGW3/MGWFunction:AHMGW3,Reliable,8358
2024-06-02 06:00+03:00,60,BUMGW9/MGWFunction:BUMGW9,Reliable,8574
2024-06-02 06:00+03:00,60,MBMGW6/MGWFunction:MBMGW6,Reliable,9808
2024-06-02 06:00+03:00,60,RWMGW10/MGWFunction:RWMGW10,Reliable,3731
2024-06-02 06:00+03:00,60,RWMGW4/MGWFunction:RWMGW4,Reliable,3075
2024-06-02 06:00+03:00,60,AHMGW11/MGWFunction:AHMGW11,Reliable,9184
2024-06-02 07:00+03:00,60,AHMGW2/MGWFunction:AHMGW2,Reliable,20323
2024-06-02 07:00+03:00,60,AHMGW3/MGWFunction:AHMGW3,Reliable,16742
2024-06-02 07:00+03:00,60,BUMGW9/MGWFunction:BUMGW9,Reliable,16918
2024-06-02 07:00+03:00,60,MBMGW6/MGWFunction:MBMGW6,Reliable,14615
2024-06-02 07:00+03:00,60,RWMGW10/MGWFunction:RWMGW10,Reliable,6976
2024-06-02 07:00+03:00,60,RWMGW4/MGWFunction:RWMGW4,Reliable,5583
2024-06-02 07:00+03:00,60,AHMGW11/MGWFunction:AHMGW11,Reliable,18052
2024-06-02 08:00+03:00,60,AHMGW2/MGWFunction:AHMGW2,Reliable,24497
2024-06-02 08:00+03:00,60,AHMGW3/MGWFunction:AHMGW3,Reliable,20610
2024-06-02 08:00+03:00,60,BUMGW9/MGWFunction:BUMGW9,Reliable,20531
2024-06-02 08:00+03:00,60,MBMGW6/MGWFunction:MBMGW6,Reliable,15332
2024-06-02 08:00+03:00,60,RWMGW10/MGWFunction:RWMGW10,Reliable,7763
2024-06-02 08:00+03:00,60,RWMGW4/MGWFunction:RWMGW4,Reliable,6110
2024-06-02 08:00+03:00,60,AHMGW11/MGWFunction:AHMGW11,Reliable,22296
2024-06-02 09:00+03:00,60,AHMGW2/MGWFunction:AHMGW2,Reliable,26275
2024-06-02 09:00+03:00,60,AHMGW3/MGWFunction:AHMGW3,Reliable,22636
2024-06-02 09:00+03:00,60,BUMGW9/MGWFunction:BUMGW9,Reliable,23245
2024-06-02 09:00+03:00,60,MBMGW6/MGWFunction:MBMGW6,Reliable,15319
2024-06-02 09:00+03:00,60,RWMGW10/MGWFunction:RWMGW10,Reliable,7761
2024-06-02 09:00+03:00,60,RWMGW4/MGWFunction:RWMGW4,Reliable,6145
2024-06-02 09:00+03:00,60,AHMGW11/MGWFunction:AHMGW11,Reliable,24561
2024-06-02 10:00+03:00,60,AHMGW2/MGWFunction:AHMGW2,Reliable,26883
2024-06-02 10:00+03:00,60,AHMGW3/MGWFunction:AHMGW3,Reliable,23047
2024-06-02 10:00+03:00,60,BUMGW9/MGWFunction:BUMGW9,Reliable,23603
2024-06-02 10:00+03:00,60,MBMGW6/MGWFunction:MBMGW6,Reliable,15981
2024-06-02 10:00+03:00,60,RWMGW10/MGWFunction:RWMGW10,Reliable,7597
2024-06-02 10:00+03:00,60,RWMGW4/MGWFunction:RWMGW4,Reliable,6002
2024-06-02 10:00+03:00,60,AHMGW11/MGWFunction:AHMGW11,Reliable,25215
2024-06-02 11:00+03:00,60,AHMGW2/MGWFunction:AHMGW2,Reliable,27392
2024-06-02 11:00+03:00,60,AHMGW3/MGWFunction:AHMGW3,Reliable,23518
2024-06-02 11:00+03:00,60,BUMGW9/MGWFunction:BUMGW9,Reliable,24566
2024-06-02 11:00+03:00,60,MBMGW6/MGWFunction:MBMGW6,Reliable,16657
2024-06-02 11:00+03:00,60,RWMGW10/MGWFunction:RWMGW10,Reliable,7068
2024-06-02 11:00+03:00,60,RWMGW4/MGWFunction:RWMGW4,Reliable,5365
2024-06-02 11:00+03:00,60,AHMGW11/MGWFunction:AHMGW11,Reliable,25791
2024-06-02 12:00+03:00,60,AHMGW2/MGWFunction:AHMGW2,Reliable,27407
2024-06-02 12:00+03:00,60,AHMGW3/MGWFunction:AHMGW3,Reliable,23718
2024-06-02 12:00+03:00,60,BUMGW9/MGWFunction:BUMGW9,Reliable,25015
2024-06-02 12:00+03:00,60,MBMGW6/MGWFunction:MBMGW6,Reliable,17317
2024-06-02 12:00+03:00,60,RWMGW10/MGWFunction:RWMGW10,Reliable,6783
2024-06-02 12:00+03:00,60,RWMGW4/MGWFunction:RWMGW4,Reliable,5316
2024-06-02 12:00+03:00,60,AHMGW11/MGWFunction:AHMGW11,Reliable,25723
2024-06-02 13:00+03:00,60,AHMGW2/MGWFunction:AHMGW2,Reliable,27843
2024-06-02 13:00+03:00,60,AHMGW3/MGWFunction:AHMGW3,Reliable,24170
2024-06-02 13:00+03:00,60,BUMGW9/MGWFunction:BUMGW9,Reliable,25095
2024-06-02 13:00+03:00,60,MBMGW6/MGWFunction:MBMGW6,Reliable,17655
2024-06-02 13:00+03:00,60,RWMGW10/MGWFunction:RWMGW10,Reliable,7511
2024-06-02 13:00+03:00,60,RWMGW4/MGWFunction:RWMGW4,Reliable,5890
2024-06-02 13:00+03:00,60,AHMGW11/MGWFunction:AHMGW11,Reliable,26100
2024-06-02 14:00+03:00,60,AHMGW2/MGWFunction:AHMGW2,Reliable,28412
2024-06-02 14:00+03:00,60,AHMGW3/MGWFunction:AHMGW3,Reliable,24753
2024-06-02 14:00+03:00,60,BUMGW9/MGWFunction:BUMGW9,Reliable,25718
2024-06-02 14:00+03:00,60,MBMGW6/MGWFunction:MBMGW6,Reliable,18171
2024-06-02 14:00+03:00,60,RWMGW10/MGWFunction:RWMGW10,Reliable,8214
2024-06-02 14:00+03:00,60,RWMGW4/MGWFunction:RWMGW4,Reliable,6551
2024-06-02 14:00+03:00,60,AHMGW11/MGWFunction:AHMGW11,Reliable,26363
2024-06-02 15:00+03:00,60,AHMGW2/MGWFunction:AHMGW2,Reliable,29044
2024-06-02 15:00+03:00,60,AHMGW3/MGWFunction:AHMGW3,Reliable,25087
2024-06-02 15:00+03:00,60,BUMGW9/MGWFunction:BUMGW9,Reliable,26010
2024-06-02 15:00+03:00,60,MBMGW6/MGWFunction:MBMGW6,Reliable,18830
2024-06-02 15:00+03:00,60,RWMGW10/MGWFunction:RWMGW10,Reliable,8498
2024-06-02 15:00+03:00,60,RWMGW4/MGWFunction:RWMGW4,Reliable,6870
2024-06-02 15:00+03:00,60,AHMGW11/MGWFunction:AHMGW11,Reliable,27028
2024-06-02 16:00+03:00,60,AHMGW2/MGWFunction:AHMGW2,Reliable,29211
2024-06-02 16:00+03:00,60,AHMGW3/MGWFunction:AHMGW3,Reliable,25186
2024-06-02 16:00+03:00,60,BUMGW9/MGWFunction:BUMGW9,Reliable,26055
2024-06-02 16:00+03:00,60,MBMGW6/MGWFunction:MBMGW6,Reliable,19450
2024-06-02 16:00+03:00,60,RWMGW10/MGWFunction:RWMGW10,Reliable,8694
2024-06-02 16:00+03:00,60,RWMGW4/MGWFunction:RWMGW4,Reliable,6951
2024-06-02 16:00+03:00,60,AHMGW11/MGWFunction:AHMGW11,Reliable,27218
2024-06-02 17:00+03:00,60,AHMGW2/MGWFunction:AHMGW2,Reliable,29612
2024-06-02 17:00+03:00,60,AHMGW3/MGWFunction:AHMGW3,Reliable,26046
2024-06-02 17:00+03:00,60,BUMGW9/MGWFunction:BUMGW9,Reliable,26574
2024-06-02 17:00+03:00,60,MBMGW6/MGWFunction:MBMGW6,Reliable,20923
2024-06-02 17:00+03:00,60,RWMGW10/MGWFunction:RWMGW10,Reliable,8931
2024-06-02 17:00+03:00,60,RWMGW4/MGWFunction:RWMGW4,Reliable,7204
2024-06-02 17:00+03:00,60,AHMGW11/MGWFunction:AHMGW11,Reliable,27973
2024-06-02 18:00+03:00,60,AHMGW2/MGWFunction:AHMGW2,Reliable,31464
2024-06-02 18:00+03:00,60,AHMGW3/MGWFunction:AHMGW3,Reliable,28070
2024-06-02 18:00+03:00,60,BUMGW9/MGWFunction:BUMGW9,Reliable,28138
2024-06-02 18:00+03:00,60,MBMGW6/MGWFunction:MBMGW6,Reliable,23881
2024-06-02 18:00+03:00,60,RWMGW10/MGWFunction:RWMGW10,Reliable,9777
2024-06-02 18:00+03:00,60,RWMGW4/MGWFunction:RWMGW4,Reliable,7840
2024-06-02 18:00+03:00,60,AHMGW11/MGWFunction:AHMGW11,Reliable,29827
2024-06-02 19:00+03:00,60,AHMGW2/MGWFunction:AHMGW2,Reliable,37919
2024-06-02 19:00+03:00,60,AHMGW3/MGWFunction:AHMGW3,Reliable,34229
2024-06-02 19:00+03:00,60,BUMGW9/MGWFunction:BUMGW9,Reliable,34101
2024-06-02 19:00+03:00,60,MBMGW6/MGWFunction:MBMGW6,Reliable,29841
2024-06-02 19:00+03:00,60,RWMGW10/MGWFunction:RWMGW10,Reliable,12263
2024-06-02 19:00+03:00,60,RWMGW4/MGWFunction:RWMGW4,Reliable,10126
2024-06-02 19:00+03:00,60,AHMGW11/MGWFunction:AHMGW11,Reliable,35560
2024-06-02 20:00+03:00,60,AHMGW2/MGWFunction:AHMGW2,Reliable,38710
2024-06-02 20:00+03:00,60,AHMGW3/MGWFunction:AHMGW3,Reliable,34851
2024-06-02 20:00+03:00,60,BUMGW9/MGWFunction:BUMGW9,Reliable,34620
2024-06-02 20:00+03:00,60,MBMGW6/MGWFunction:MBMGW6,Reliable,31570
2024-06-02 20:00+03:00,60,RWMGW10/MGWFunction:RWMGW10,Reliable,12613
2024-06-02 20:00+03:00,60,RWMGW4/MGWFunction:RWMGW4,Reliable,10289
2024-06-02 20:00+03:00,60,AHMGW11/MGWFunction:AHMGW11,Reliable,36530
2024-06-02 21:00+03:00,60,AHMGW2/MGWFunction:AHMGW2,Reliable,38247
2024-06-02 21:00+03:00,60,AHMGW3/MGWFunction:AHMGW3,Reliable,34166
2024-06-02 21:00+03:00,60,BUMGW9/MGWFunction:BUMGW9,Reliable,33792
2024-06-02 21:00+03:00,60,MBMGW6/MGWFunction:MBMGW6,Reliable,31070
2024-06-02 21:00+03:00,60,RWMGW10/MGWFunction:RWMGW10,Reliable,12168
2024-06-02 21:00+03:00,60,RWMGW4/MGWFunction:RWMGW4,Reliable,10193
2024-06-02 21:00+03:00,60,AHMGW11/MGWFunction:AHMGW11,Reliable,35765
2024-06-02 22:00+03:00,60,AHMGW2/MGWFunction:AHMGW2,Reliable,35463
2024-06-02 22:00+03:00,60,AHMGW3/MGWFunction:AHMGW3,Reliable,31163
2024-06-02 22:00+03:00,60,BUMGW9/MGWFunction:BUMGW9,Reliable,31029
2024-06-02 22:00+03:00,60,MBMGW6/MGWFunction:MBMGW6,Reliable,28404
2024-06-02 22:00+03:00,60,RWMGW10/MGWFunction:RWMGW10,Reliable,11240
2024-06-02 22:00+03:00,60,RWMGW4/MGWFunction:RWMGW4,Reliable,9119
2024-06-02 22:00+03:00,60,AHMGW11/MGWFunction:AHMGW11,Reliable,33366
2024-06-02 23:00+03:00,60,AHMGW2/MGWFunction:AHMGW2,Reliable,26067
2024-06-02 23:00+03:00,60,AHMGW3/MGWFunction:AHMGW3,Reliable,22012
2024-06-02 23:00+03:00,60,BUMGW9/MGWFunction:BUMGW9,Reliable,22716
2024-06-02 23:00+03:00,60,MBMGW6/MGWFunction:MBMGW6,Reliable,17430
2024-06-02 23:00+03:00,60,RWMGW10/MGWFunction:RWMGW10,Reliable,7815
2024-06-02 23:00+03:00,60,RWMGW4/MGWFunction:RWMGW4,Reliable,6142
2024-06-02 23:00+03:00,60,AHMGW11/MGWFunction:AHMGW11,Reliable,24904
2024-06-02 00:00+03:00,60,LRMGW12/MGWFunction:LRMGW12,Reliable,1392
2024-06-02 00:00+03:00,60,FPMGW13/MGWFunction:FPMGW13,Reliable,4921
2024-06-02 01:00+03:00,60,LRMGW12/MGWFunction:LRMGW12,Reliable,644
2024-06-02 01:00+03:00,60,FPMGW13/MGWFunction:FPMGW13,Reliable,2470
2024-06-02 02:00+03:00,60,LRMGW12/MGWFunction:LRMGW12,Reliable,247
2024-06-02 02:00+03:00,60,FPMGW13/MGWFunction:FPMGW13,Reliable,1045
2024-06-02 03:00+03:00,60,LRMGW12/MGWFunction:LRMGW12,Reliable,188
2024-06-02 03:00+03:00,60,FPMGW13/MGWFunction:FPMGW13,Reliable,608
2024-06-02 04:00+03:00,60,LRMGW12/MGWFunction:LRMGW12,Reliable,233
2024-06-02 04:00+03:00,60,FPMGW13/MGWFunction:FPMGW13,Reliable,525
2024-06-02 05:00+03:00,60,LRMGW12/MGWFunction:LRMGW12,Reliable,607
2024-06-02 05:00+03:00,60,FPMGW13/MGWFunction:FPMGW13,Reliable,1170
2024-06-02 06:00+03:00,60,LRMGW12/MGWFunction:LRMGW12,Reliable,3058
2024-06-02 06:00+03:00,60,FPMGW13/MGWFunction:FPMGW13,Reliable,6806
2024-06-02 07:00+03:00,60,LRMGW12/MGWFunction:LRMGW12,Reliable,4380
2024-06-02 07:00+03:00,60,FPMGW13/MGWFunction:FPMGW13,Reliable,11532
2024-06-02 08:00+03:00,60,LRMGW12/MGWFunction:LRMGW12,Reliable,4571
2024-06-02 08:00+03:00,60,FPMGW13/MGWFunction:FPMGW13,Reliable,12469
2024-06-02 09:00+03:00,60,LRMGW12/MGWFunction:LRMGW12,Reliable,4516
2024-06-02 09:00+03:00,60,FPMGW13/MGWFunction:FPMGW13,Reliable,12611
2024-06-02 10:00+03:00,60,LRMGW12/MGWFunction:LRMGW12,Reliable,4444
2024-06-02 10:00+03:00,60,FPMGW13/MGWFunction:FPMGW13,Reliable,12150
2024-06-02 11:00+03:00,60,LRMGW12/MGWFunction:LRMGW12,Reliable,4661
2024-06-02 11:00+03:00,60,FPMGW13/MGWFunction:FPMGW13,Reliable,11588
2024-06-02 12:00+03:00,60,LRMGW12/MGWFunction:LRMGW12,Reliable,4812
2024-06-02 12:00+03:00,60,FPMGW13/MGWFunction:FPMGW13,Reliable,11713
2024-06-02 13:00+03:00,60,LRMGW12/MGWFunction:LRMGW12,Reliable,5069
2024-06-02 13:00+03:00,60,FPMGW13/MGWFunction:FPMGW13,Reliable,12542
2024-06-02 14:00+03:00,60,LRMGW12/MGWFunction:LRMGW12,Reliable,5216
2024-06-02 14:00+03:00,60,FPMGW13/MGWFunction:FPMGW13,Reliable,13752
2024-06-02 15:00+03:00,60,LRMGW12/MGWFunction:LRMGW12,Reliable,5354
2024-06-02 15:00+03:00,60,FPMGW13/MGWFunction:FPMGW13,Reliable,14109
2024-06-02 16:00+03:00,60,LRMGW12/MGWFunction:LRMGW12,Reliable,5555
2024-06-02 16:00+03:00,60,FPMGW13/MGWFunction:FPMGW13,Reliable,14340
2024-06-02 17:00+03:00,60,LRMGW12/MGWFunction:LRMGW12,Reliable,5715
2024-06-02 17:00+03:00,60,FPMGW13/MGWFunction:FPMGW13,Reliable,14965
2024-06-02 18:00+03:00,60,LRMGW12/MGWFunction:LRMGW12,Reliable,6383
2024-06-02 18:00+03:00,60,FPMGW13/MGWFunction:FPMGW13,Reliable,16124
2024-06-02 19:00+03:00,60,LRMGW12/MGWFunction:LRMGW12,Reliable,8407
2024-06-02 19:00+03:00,60,FPMGW13/MGWFunction:FPMGW13,Reliable,21206
2024-06-02 20:00+03:00,60,LRMGW12/MGWFunction:LRMGW12,Reliable,8715
2024-06-02 20:00+03:00,60,FPMGW13/MGWFunction:FPMGW13,Reliable,21601
2024-06-02 21:00+03:00,60,LRMGW12/MGWFunction:LRMGW12,Reliable,8562
2024-06-02 21:00+03:00,60,FPMGW13/MGWFunction:FPMGW13,Reliable,21359
2024-06-02 22:00+03:00,60,LRMGW12/MGWFunction:LRMGW12,Reliable,7807
2024-06-02 22:00+03:00,60,FPMGW13/MGWFunction:FPMGW13,Reliable,19161
2024-06-02 23:00+03:00,60,LRMGW12/MGWFunction:LRMGW12,Reliable,4841
2024-06-02 23:00+03:00,60,FPMGW13/MGWFunction:FPMGW13,Reliable,13111
