Result Time,Granularity Period,Object Name,Reliability,BSS Trunk Overflow Times,Call Attempts,Common Resource Application Failures,SCR_2G_3G_DENOM,SCR_2G_3G_KPI,SCR_2G_3G_NOM,Temporary Error,Termination Application Failures
2024-06-02 00:00+03:00,60,"AHMSC3/Local Zone of caller:LABEL=0, STATICAREAX=0",Reliable,0,201235,0,320835,99.366,318802,645,923
2024-06-02 00:00+03:00,60,"BUMSC1/Local Zone of caller:LABEL=0, STATICAREAX=0",Reliable,0,196847,0,314625,99.655,313541,596,22
2024-06-02 00:00+03:00,60,"BUMSC2/Local Zone of caller:LABEL=0, STATICAREAX=0",Reliable,0,199716,0,317937,99.665,316871,581,24
2024-06-02 00:00+03:00,60,"AHMSC4/Local Zone of caller:LABEL=0, STATICAREAX=0",Reliable,0,198221,0,317349,99.662,316275,605,19
2024-06-02 01:00+03:00,60,"AHMSC3/Local Zone of caller:LABEL=0, STATICAREAX=0",Reliable,0,88302,0,141364,99.095,140085,230,906
2024-06-02 01:00+03:00,60,"BUMSC1/Local Zone of caller:LABEL=0, STATICAREAX=0",Reliable,0,87172,0,139238,99.715,138841,191,6
2024-06-02 01:00+03:00,60,"BUMSC2/Local Zone of caller:LABEL=0, STATICAREAX=0",Reliable,0,87032,0,139471,99.67200000000001,139014,245,7
2024-06-02 01:00+03:00,60,"AHMSC4/Local Zone of caller:LABEL=0, STATICAREAX=0",Reliable,0,87317,0,140240,99.67299999999999,139782,230,9
2024-06-02 02:00+03:00,60,"AHMSC3/Local Zone of caller:LABEL=0, STATICAREAX=0",Reliable,0,52598,0,82595,98.818,81619,128,770
2024-06-02 02:00+03:00,60,"BUMSC1/Local Zone of caller:LABEL=0, STATICAREAX=0",Reliable,0,52641,0,82643,99.694,82390,147,3
2024-06-02 02:00+03:00,60,"BUMSC2/Local Zone of caller:LABEL=0, STATICAREAX=0",Reliable,0,51940,0,81812,99.751,81608,105,9
2024-06-02 02:00+03:00,60,"AHMSC4/Local Zone of caller:LABEL=0, STATICAREAX=0",Reliable,0,52706,0,83253,99.699,83002,147,5
2024-06-02 03:00+03:00,60,"AHMSC3/Local Zone of caller:LABEL=0, STATICAREAX=0",Reliable,0,41768,0,65035,98.556,64096,82,795
2024-06-02 03:00+03:00,60,"BUMSC1/Local Zone of caller:LABEL=0, STATICAREAX=0",Reliable,0,41868,0,65336,99.766,65183,87,3
2024-06-02 03:00+03:00,60,"BUMSC2/Local Zone of caller:LABEL=0, STATICAREAX=0",Reliable,0,40966,0,63802,99.757,63647,95,4
2024-06-02 03:00+03:00,60,"AHMSC4/Local Zone of caller:LABEL=0, STATICAREAX=0",Reliable,0,42656,0,66124,99.708,65931,104,5
2024-06-02 04:00+03:00,60,"AHMSC3/Local Zone of caller:LABEL=0, STATICAREAX=0",Reliable,0,42359,0,64081,98.43299999999999,63077,93,825
2024-06-02 04:00+03:00,60,"BUMSC1/Local Zone of caller:LABEL=0, STATICAREAX=0",Reliable,0,41099,0,62467,99.72,62292,110,20
2024-06-02 04:00+03:00,60,"BUMSC2/Local Zone of caller:LABEL=0, STATICAREAX=0",Reliable,0,41229,0,62781,99.76700000000001,62635,91,1
2024-06-02 04:00+03:00,60,"AHMSC4/Local Zone of caller:LABEL=0, STATICAREAX=0",Reliable,0,41483,0,63376,99.749,63217,108,1
2024-06-02 05:00+03:00,60,"AHMSC3/Local Zone of caller:LABEL=0, STATICAREAX=0",Reliable,0,75041,0,107104,98.914,105941,148,928
2024-06-02 05:00+03:00,60,"BUMSC1/Local Zone of caller:LABEL=0, STATICAREAX=0",Reliable,0,74558,0,107367,99.72200000000001,107068,185,2
2024-06-02 05:00+03:00,60,"BUMSC2/Local Zone of caller:LABEL=0, STATICAREAX=0",Reliable,0,75441,0,108040,99.764,107785,185,5
2024-06-02 05:00+03:00,60,"AHMSC4/Local Zone of caller:LABEL=0, STATICAREAX=0",Reliable,0,73562,0,105561,99.65,105192,136,155
2024-06-02 06:00+03:00,60,"AHMSC3/Local Zone of caller:LABEL=0, STATICAREAX=0",Reliable,0,317656,0,433738,99.626,432116,627,734
2024-06-02 06:00+03:00,60,"BUMSC1/Local Zone of caller:LABEL=0, STATICAREAX=0",Reliable,0,318724,0,435370,99.74700000000001,434269,725,37
2024-06-02 06:00+03:00,60,"BUMSC2/Local Zone of caller:LABEL=0, STATICAREAX=0",Reliable,0,318530,0,434884,99.762,433850,705,31
2024-06-02 06:00+03:00,60,"AHMSC4/Local Zone of caller:LABEL=0, STATICAREAX=0",Reliable,0,315804,0,431313,99.77,430319,718,17
2024-06-02 07:00+03:00,60,"AHMSC3/Local Zone of caller:LABEL=0, STATICAREAX=0",Reliable,0,755100,0,1070730,99.677,1067276,1787,814
2024-06-02 07:00+03:00,60,"BUMSC1/Local Zone of caller:LABEL=0, STATICAREAX=0",Reliable,0,751965,0,1067627,99.756,1065023,1712,76
2024-06-02 07:00+03:00,60,"BUMSC2/Local Zone of caller:LABEL=0, STATICAREAX=0",Reliable,0,754227,0,1070990,99.749,1068298,1812,77
2024-06-02 07:00+03:00,60,"AHMSC4/Local Zone of caller:LABEL=0, STATICAREAX=0",Reliable,0,752594,0,1066277,99.75399999999999,1063650,1784,57
2024-06-02 08:00+03:00,60,"AHMSC3/Local Zone of caller:LABEL=0, STATICAREAX=0",Reliable,0,948507,0,1400799,99.65,1395901,2547,903
2024-06-02 08:00+03:00,60,"BUMSC1/Local Zone of caller:LABEL=0, STATICAREAX=0",Reliable,0,942062,0,1393103,99.711,1389078,2617,94
2024-06-02 08:00+03:00,60,"BUMSC2/Local Zone of caller:LABEL=0, STATICAREAX=0",Reliable,0,937322,0,1389340,99.714,1385365,2536,70
2024-06-02 08:00+03:00,60,"AHMSC4/Local Zone of caller:LABEL=0, STATICAREAX=0",Reliable,0,945555,0,1396264,99.712,1392241,2621,103
2024-06-02 09:00+03:00,60,"AHMSC3/Local Zone of caller:LABEL=0, STATICAREAX=0",Reliable,0,1017987,0,1543261,99.611,1537251,3128,1027
2024-06-02 09:00+03:00,60,"BUMSC1/Local Zone of caller:LABEL=0, STATICAREAX=0",Reliable,0,1016565,0,1540622,99.679,1535679,2950,120
2024-06-02 09:00+03:00,60,"BUMSC2/Local Zone of caller:LABEL=0, STATICAREAX=0",Reliable,0,1011779,0,1539323,99.679,1534388,3014,79
2024-06-02 09:00+03:00,60,"AHMSC4/Local Zone of caller:LABEL=0, STATICAREAX=0",Reliable,0,1015031,0,1538853,99.68,1533924,2945,112
2024-06-02 10:00+03:00,60,"AHMSC3/Local Zone of caller:LABEL=0, STATICAREAX=0",Reliable,0,1053723,0,1610259,99.60799999999999,1603945,3234,1005
2024-06-02 10:00+03:00,60,"BUMSC1/Local Zone of caller:LABEL=0, STATICAREAX=0",Reliable,0,1044170,0,1607415,99.67299999999999,1602154,3039,109
2024-06-02 10:00+03:00,60,"BUMSC2/Local Zone of caller:LABEL=0, STATICAREAX=0",Reliable,0,1047254,0,1609209,99.671,1603914,3096,101
2024-06-02 10:00+03:00,60,"AHMSC4/Local Zone of caller:LABEL=0, STATICAREAX=0",Reliable,0,1047829,0,1605530,99.66799999999999,1600204,3146,113
2024-06-02 11:00+03:00,60,"AHMSC3/Local Zone of caller:LABEL=0, STATICAREAX=0",Reliable,0,1069963,0,1634467,99.631,1628443,3064,1039
2024-06-02 11:00+03:00,60,"BUMSC1/Local Zone of caller:LABEL=0, STATICAREAX=0",Reliable,0,1064305,0,1634270,99.685,1629116,3113,90
2024-06-02 11:00+03:00,60,"BUMSC2/Local Zone of caller:LABEL=0, STATICAREAX=0",Reliable,0,1069203,0,1638031,99.684,1632856,3060,98
2024-06-02 11:00+03:00,60,"AHMSC4/Local Zone of caller:LABEL=0, STATICAREAX=0",Reliable,0,1067581,0,1631683,99.693,1626667,3006,101
2024-06-02 12:00+03:00,60,"AHMSC3/Local Zone of caller:LABEL=0, STATICAREAX=0",Reliable,0,1090271,0,1656714,99.601,1650111,3348,1017
2024-06-02 12:00+03:00,60,"BUMSC1/Local Zone of caller:LABEL=0, STATICAREAX=0",Reliable,0,1089432,0,1656788,99.654,1651055,3357,103
2024-06-02 12:00+03:00,60,"BUMSC2/Local Zone of caller:LABEL=0, STATICAREAX=0",Reliable,0,1090672,0,1658012,99.666,1652477,3231,113
2024-06-02 12:00+03:00,60,"AHMSC4/Local Zone of caller:LABEL=0, STATICAREAX=0",Reliable,0,1088581,0,1655123,99.656,1649424,3383,139
2024-06-02 13:00+03:00,60,"AHMSC3/Local Zone of caller:LABEL=0, STATICAREAX=0",Reliable,0,1132447,0,1710198,99.58200000000001,1703043,3749,989
2024-06-02 13:00+03:00,60,"BUMSC1/Local Zone of caller:LABEL=0, STATICAREAX=0",Reliable,0,1129318,0,1709635,99.64,1703473,3685,97
2024-06-02 13:00+03:00,60,"BUMSC2/Local Zone of caller:LABEL=0, STATICAREAX=0",Reliable,0,1131715,0,1713845,99.645,1707765,3547,179
2024-06-02 13:00+03:00,60,"AHMSC4/Local Zone of caller:LABEL=0, STATICAREAX=0",Reliable,0,1131069,0,1709163,99.633,1702888,3694,128
2024-06-02 14:00+03:00,60,"AHMSC3/Local Zone of caller:LABEL=0, STATICAREAX=0",Reliable,0,1177782,0,1768437,99.57600000000001,1760940,3814,1100
2024-06-02 14:00+03:00,60,"BUMSC1/Local Zone of caller:LABEL=0, STATICAREAX=0",Reliable,0,1174008,0,1763484,99.62,1756782,4024,131
2024-06-02 14:00+03:00,60,"BUMSC2/Local Zone of caller:LABEL=0, STATICAREAX=0",Reliable,0,1176848,0,1768434,99.631,1761911,3947,130
2024-06-02 14:00+03:00,60,"AHMSC4/Local Zone of caller:LABEL=0, STATICAREAX=0",Reliable,0,1172982,0,1761306,99.62700000000001,1754728,3996,95
2024-06-02 15:00+03:00,60,"AHMSC3/Local Zone of caller:LABEL=0, STATICAREAX=0",Reliable,0,1201035,0,1778709,99.58,1771240,4026,933
2024-06-02 15:00+03:00,60,"BUMSC1/Local Zone of caller:LABEL=0, STATICAREAX=0",Reliable,0,1190512,0,1771056,99.62899999999999,1764481,3952,131
2024-06-02 15:00+03:00,60,"BUMSC2/Local Zone of caller:LABEL=0, STATICAREAX=0",Reliable,0,1199371,0,1780676,99.624,1773986,4091,154
2024-06-02 15:00+03:00,60,"AHMSC4/Local Zone of caller:LABEL=0, STATICAREAX=0",Reliable,0,1198560,0,1776371,99.618,1769578,4112,116
2024-06-02 16:00+03:00,60,"AHMSC3/Local Zone of caller:LABEL=0, STATICAREAX=0",Reliable,0,1224117,0,1801913,99.56700000000001,1794104,4183,1031
2024-06-02 16:00+03:00,60,"BUMSC1/Local Zone of caller:LABEL=0, STATICAREAX=0",Reliable,0,1214106,0,1793849,99.611,1786871,4197,169
2024-06-02 16:00+03:00,60,"BUMSC2/Local Zone of caller:LABEL=0, STATICAREAX=0",Reliable,0,1225366,0,1806950,99.609,1799888,4286,102
2024-06-02 16:00+03:00,60,"AHMSC4/Local Zone of caller:LABEL=0, STATICAREAX=0",Reliable,0,1218772,0,1796745,99.604,1789624,4294,134
2024-06-02 17:00+03:00,60,"AHMSC3/Local Zone of caller:LABEL=0, STATICAREAX=0",Reliable,0,1251998,0,1845671,99.54899999999999,1837344,4657,972
2024-06-02 17:00+03:00,60,"BUMSC1/Local Zone of caller:LABEL=0, STATICAREAX=0",Reliable,0,1250547,0,1841847,99.611,1834681,4380,146
2024-06-02 17:00+03:00,60,"BUMSC2/Local Zone of caller:LABEL=0, STATICAREAX=0",Reliable,0,1257266,0,1851053,99.59899999999999,1843635,4606,136
2024-06-02 17:00+03:00,60,"AHMSC4/Local Zone of caller:LABEL=0, STATICAREAX=0",Reliable,0,1256564,0,1848178,99.596,1840712,4629,125
2024-06-02 18:00+03:00,60,"AHMSC3/Local Zone of caller:LABEL=0, STATICAREAX=0",Reliable,0,1348797,0,1977025,99.605,1969216,4352,827
2024-06-02 18:00+03:00,60,"BUMSC1/Local Zone of caller:LABEL=0, STATICAREAX=0",Reliable,0,1347703,0,1976802,99.64299999999999,1969754,4360,164
2024-06-02 18:00+03:00,60,"BUMSC2/Local Zone of caller:LABEL=0, STATICAREAX=0",Reliable,0,1353840,0,1985632,99.641,1978500,4407,134
2024-06-02 18:00+03:00,60,"AHMSC4/Local Zone of caller:LABEL=0, STATICAREAX=0",Reliable,0,1349000,0,1977600,99.648,1970647,4219,164
2024-06-02 19:00+03:00,60,"AHMSC3/Local Zone of caller:LABEL=0, STATICAREAX=0",Reliable,0,1732631,0,2484459,99.589,2474242,6092,635
2024-06-02 19:00+03:00,60,"BUMSC1/Local Zone of caller:LABEL=0, STATICAREAX=0",Reliable,0,1721309,0,2470563,99.611,2460956,6068,214
2024-06-02 19:00+03:00,60,"BUMSC2/Local Zone of caller:LABEL=0, STATICAREAX=0",Reliable,0,1735992,0,2490552,99.618,2481045,6163,215
2024-06-02 19:00+03:00,60,"AHMSC4/Local Zone of caller:LABEL=0, STATICAREAX=0",Reliable,0,1725551,0,2476435,99.611,2466811,6065,223
2024-06-02 20:00+03:00,60,"AHMSC3/Local Zone of caller:LABEL=0, STATICAREAX=0",Reliable,0,1721166,0,2424517,99.197,2405055,12183,794
2024-06-02 20:00+03:00,60,"BUMSC1/Local Zone of caller:LABEL=0, STATICAREAX=0",Reliable,0,1708463,0,2410650,99.3,2393767,11144,214
2024-06-02 20:00+03:00,60,"BUMSC2/Local Zone of caller:LABEL=0, STATICAREAX=0",Reliable,0,1721610,0,2428520,99.229,2409802,12498,240
2024-06-02 20:00+03:00,60,"AHMSC4/Local Zone of caller:LABEL=0, STATICAREAX=0",Reliable,0,1715718,0,2418288,99.23200000000001,2399727,12118,234
2024-06-02 21:00+03:00,60,"AHMSC3/Local Zone of caller:LABEL=0, STATICAREAX=0",Reliable,0,1444562,0,2028309,99.43700000000001,2016898,6825,903
2024-06-02 21:00+03:00,60,"BUMSC1/Local Zone of caller:LABEL=0, STATICAREAX=0",Reliable,0,1427057,0,2011588,99.493,2001391,6497,212
2024-06-02 21:00+03:00,60,"BUMSC2/Local Zone of caller:LABEL=0, STATICAREAX=0",Reliable,0,1442959,0,2029138,99.478,2018551,6706,225
2024-06-02 21:00+03:00,60,"AHMSC4/Local Zone of caller:LABEL=0, STATICAREAX=0",Reliable,0,1436642,0,2018571,99.48200000000001,2008116,6644,197
2024-06-02 22:00+03:00,60,"AHMSC3/Local Zone of caller:LABEL=0, STATICAREAX=0",Reliable,0,986286,0,1408524,99.491,1401356,4085,897
2024-06-02 22:00+03:00,60,"BUMSC1/Local Zone of caller:LABEL=0, STATICAREAX=0",Reliable,0,973300,0,1396251,99.556,1390048,3937,134
2024-06-02 22:00+03:00,60,"BUMSC2/Local Zone of caller:LABEL=0, STATICAREAX=0",Reliable,0,988483,0,1411390,99.544,1404957,4080,167
2024-06-02 22:00+03:00,60,"AHMSC4/Local Zone of caller:LABEL=0, STATICAREAX=0",Reliable,0,985897,0,1406606,99.552,1400304,4039,117
2024-06-02 23:00+03:00,60,"AHMSC3/Local Zone of caller:LABEL=0, STATICAREAX=0",Reliable,0,444444,0,658662,99.491,655312,1569,809
2024-06-02 23:00+03:00,60,"BUMSC1/Local Zone of caller:LABEL=0, STATICAREAX=0",Reliable,0,436878,0,652126,99.59100000000001,649461,1610,47
2024-06-02 23:00+03:00,60,"BUMSC2/Local Zone of caller:LABEL=0, STATICAREAX=0",Reliable,0,446480,0,661833,99.61,659254,1528,51
2024-06-02 23:00+03:00,60,"AHMSC4/Local Zone of caller:LABEL=0, STATICAREAX=0",Reliable,0,446317,0,662718,99.598,660055,1636,50
