Result Time,Granularity Period,Object Name,Reliability,Call Attempts,Global BHCA,Incoming Answer Times,Originated Answer Times,Peak_Processor_Load,Peak_Processor_Load_Denom,Peak_Processor_Load_Nom
2024-06-02 00:00+03:00,60,AHMSC3/MSCServerFunction:AHMSC3,Reliable,617650,588721,95303,95762,30.934,617650,191065
2024-06-02 00:00+03:00,60,BUMSC1/MSCServerFunction:BUMSC1,Reliable,665497,631006,84543,94075,26.84,665497,178618
2024-06-02 00:00+03:00,60,BUMSC2/MSCServerFunction:BUMSC2,Reliable,540541,513055,87860,95891,33.994,540541,183751
2024-06-02 00:00+03:00,60,AHMSC4/MSCServerFunction:AHMSC4,Reliable,504651,480634,75709,95607,33.946999999999996,504651,171316
2024-06-02 01:00+03:00,60,AHMSC3/MSCServerFunction:AHMSC3,Reliable,274470,261297,40309,39669,29.139,274470,79978
2024-06-02 01:00+03:00,60,BUMSC1/MSCServerFunction:BUMSC1,Reliable,291123,275590,35462,38647,25.456,291123,74109
2024-06-02 01:00+03:00,60,BUMSC2/MSCServerFunction:BUMSC2,Reliable,237681,225210,36670,39417,32.012,237681,76087
2024-06-02 01:00+03:00,60,AHMSC4/MSCServerFunction:AHMSC4,Reliable,221293,210488,31472,40064,32.326,221293,71536
2024-06-02 02:00+03:00,60,AHMSC3/MSCServerFunction:AHMSC3,Reliable,161513,153663,22509,22252,27.714000000000002,161513,44761
2024-06-02 02:00+03:00,60,BUMSC1/MSCServerFunction:BUMSC1,Reliable,171079,161823,19843,21581,24.213,171079,41424
2024-06-02 02:00+03:00,60,BUMSC2/MSCServerFunction:BUMSC2,Reliable,139227,131754,20369,21576,30.127,139227,41945
2024-06-02 02:00+03:00,60,AHMSC4/MSCServerFunction:AHMSC4,Reliable,130391,123950,17549,22170,30.461,130391,39719
2024-06-02 03:00+03:00,60,AHMSC3/MSCServerFunction:AHMSC3,Reliable,126597,120378,17761,17142,27.57,126597,34903
2024-06-02 03:00+03:00,60,BUMSC1/MSCServerFunction:BUMSC1,Reliable,134631,127261,15313,17049,24.038,134631,32362
2024-06-02 03:00+03:00,60,BUMSC2/MSCServerFunction:BUMSC2,Reliable,108835,103029,15927,16737,30.011999999999997,108835,32664
2024-06-02 03:00+03:00,60,AHMSC4/MSCServerFunction:AHMSC4,Reliable,103313,98020,13442,17482,29.932,103313,30924
2024-06-02 04:00+03:00,60,AHMSC3/MSCServerFunction:AHMSC3,Reliable,122935,116639,18188,17660,29.16,122935,35848
2024-06-02 04:00+03:00,60,BUMSC1/MSCServerFunction:BUMSC1,Reliable,129536,122490,15664,17393,25.52,129536,33057
2024-06-02 04:00+03:00,60,BUMSC2/MSCServerFunction:BUMSC2,Reliable,106847,101050,16319,17735,31.872,106847,34054
2024-06-02 04:00+03:00,60,AHMSC4/MSCServerFunction:AHMSC4,Reliable,99692,94631,13985,17844,31.927,99692,31829
2024-06-02 05:00+03:00,60,AHMSC3/MSCServerFunction:AHMSC3,Reliable,205822,195034,32186,32300,31.331,205822,64486
2024-06-02 05:00+03:00,60,BUMSC1/MSCServerFunction:BUMSC1,Reliable,224000,210916,28450,32121,27.041,224000,60571
2024-06-02 05:00+03:00,60,BUMSC2/MSCServerFunction:BUMSC2,Reliable,180448,170216,29168,32704,34.288000000000004,180448,61872
2024-06-02 05:00+03:00,60,AHMSC4/MSCServerFunction:AHMSC4,Reliable,166737,158059,25625,32209,34.686,166737,57834
2024-06-02 06:00+03:00,60,AHMSC3/MSCServerFunction:AHMSC3,Reliable,824347,780788,133013,137858,32.859,824347,270871
2024-06-02 06:00+03:00,60,BUMSC1/MSCServerFunction:BUMSC1,Reliable,925281,869776,119879,137388,27.804000000000002,925281,257267
2024-06-02 06:00+03:00,60,BUMSC2/MSCServerFunction:BUMSC2,Reliable,715842,673421,121344,137928,36.219,715842,259272
2024-06-02 06:00+03:00,60,AHMSC4/MSCServerFunction:AHMSC4,Reliable,667467,630346,106782,138525,36.751999999999995,667467,245307
2024-06-02 07:00+03:00,60,AHMSC3/MSCServerFunction:AHMSC3,Reliable,2034554,1935052,348097,365814,35.089,2034554,713911
2024-06-02 07:00+03:00,60,BUMSC1/MSCServerFunction:BUMSC1,Reliable,2233225,2111114,313355,361412,30.215,2233225,674767
2024-06-02 07:00+03:00,60,BUMSC2/MSCServerFunction:BUMSC2,Reliable,1776510,1679740,318620,362917,38.364000000000004,1776510,681537
2024-06-02 07:00+03:00,60,AHMSC4/MSCServerFunction:AHMSC4,Reliable,1667272,1581118,281320,362534,38.617,1667272,643854
2024-06-02 08:00+03:00,60,AHMSC3/MSCServerFunction:AHMSC3,Reliable,2661349,2540252,479005,499311,36.76,2661349,978316
2024-06-02 08:00+03:00,60,BUMSC1/MSCServerFunction:BUMSC1,Reliable,2873779,2728664,429669,492767,32.098,2873779,922436
2024-06-02 08:00+03:00,60,BUMSC2/MSCServerFunction:BUMSC2,Reliable,2330651,2213700,436524,492872,39.876999999999995,2330651,929396
2024-06-02 08:00+03:00,60,AHMSC4/MSCServerFunction:AHMSC4,Reliable,2204463,2099116,387180,496812,40.1,2204463,883992
2024-06-02 09:00+03:00,60,AHMSC3/MSCServerFunction:AHMSC3,Reliable,2940656,2811772,542988,564406,37.658,2940656,1107394
2024-06-02 09:00+03:00,60,BUMSC1/MSCServerFunction:BUMSC1,Reliable,3154473,3001826,487936,557652,33.146,3154473,1045588
2024-06-02 09:00+03:00,60,BUMSC2/MSCServerFunction:BUMSC2,Reliable,2592965,2467787,495367,558807,40.655,2592965,1054174
2024-06-02 09:00+03:00,60,AHMSC4/MSCServerFunction:AHMSC4,Reliable,2439875,2328024,439084,561226,40.998000000000005,2439875,1000310
2024-06-02 10:00+03:00,60,AHMSC3/MSCServerFunction:AHMSC3,Reliable,3062578,2928808,569914,591673,37.928000000000004,3062578,1161587
2024-06-02 10:00+03:00,60,BUMSC1/MSCServerFunction:BUMSC1,Reliable,3261398,3105613,510437,586122,33.622,3261398,1096559
2024-06-02 10:00+03:00,60,BUMSC2/MSCServerFunction:BUMSC2,Reliable,2713229,2583711,521742,587635,40.888000000000005,2713229,1109377
2024-06-02 10:00+03:00,60,AHMSC4/MSCServerFunction:AHMSC4,Reliable,2546588,2430829,459784,589771,41.214,2546588,1049555
2024-06-02 11:00+03:00,60,AHMSC3/MSCServerFunction:AHMSC3,Reliable,3099313,2964224,575306,596318,37.803000000000004,3099313,1171624
2024-06-02 11:00+03:00,60,BUMSC1/MSCServerFunction:BUMSC1,Reliable,3290512,3133521,514337,590100,33.564,3290512,1104437
2024-06-02 11:00+03:00,60,BUMSC2/MSCServerFunction:BUMSC2,Reliable,2762859,2630648,526850,593736,40.559,2762859,1120586
2024-06-02 11:00+03:00,60,AHMSC4/MSCServerFunction:AHMSC4,Reliable,2579815,2462177,463330,594992,41.023,2579815,1058322
2024-06-02 12:00+03:00,60,AHMSC3/MSCServerFunction:AHMSC3,Reliable,3135817,2995909,579777,600234,37.63,3135817,1180011
2024-06-02 12:00+03:00,60,BUMSC1/MSCServerFunction:BUMSC1,Reliable,3313651,3152324,517426,594014,33.541,3313651,1111440
2024-06-02 12:00+03:00,60,BUMSC2/MSCServerFunction:BUMSC2,Reliable,2785453,2648582,528983,598983,40.495,2785453,1127966
2024-06-02 12:00+03:00,60,AHMSC4/MSCServerFunction:AHMSC4,Reliable,2610501,2488572,468529,599929,40.929,2610501,1068458
2024-06-02 13:00+03:00,60,AHMSC3/MSCServerFunction:AHMSC3,Reliable,3238929,3094904,597204,616744,37.48,3238929,1213948
2024-06-02 13:00+03:00,60,BUMSC1/MSCServerFunction:BUMSC1,Reliable,3407730,3241843,531182,612040,33.548,3407730,1143222
2024-06-02 13:00+03:00,60,BUMSC2/MSCServerFunction:BUMSC2,Reliable,2876052,2734556,544448,615775,40.341,2876052,1160223
2024-06-02 13:00+03:00,60,AHMSC4/MSCServerFunction:AHMSC4,Reliable,2690014,2564096,482799,615536,40.83,2690014,1098335
2024-06-02 14:00+03:00,60,AHMSC3/MSCServerFunction:AHMSC3,Reliable,3343858,3193963,616414,636733,37.476,3343858,1253147
2024-06-02 14:00+03:00,60,BUMSC1/MSCServerFunction:BUMSC1,Reliable,3504030,3332069,548804,629785,33.635,3504030,1178589
2024-06-02 14:00+03:00,60,BUMSC2/MSCServerFunction:BUMSC2,Reliable,2956034,2809427,559471,634010,40.374,2956034,1193481
2024-06-02 14:00+03:00,60,AHMSC4/MSCServerFunction:AHMSC4,Reliable,2767489,2636810,494764,634045,40.788000000000004,2767489,1128809
2024-06-02 15:00+03:00,60,AHMSC3/MSCServerFunction:AHMSC3,Reliable,3351338,3197264,612191,631804,37.119,3351338,1243995
2024-06-02 15:00+03:00,60,BUMSC1/MSCServerFunction:BUMSC1,Reliable,3496842,3321907,543911,624842,33.423,3496842,1168753
2024-06-02 15:00+03:00,60,BUMSC2/MSCServerFunction:BUMSC2,Reliable,2965879,2815755,555983,629683,39.977,2965879,1185666
2024-06-02 15:00+03:00,60,AHMSC4/MSCServerFunction:AHMSC4,Reliable,2778012,2643224,491582,631873,40.441,2778012,1123455
2024-06-02 16:00+03:00,60,AHMSC3/MSCServerFunction:AHMSC3,Reliable,3387320,3230213,611768,633487,36.762,3387320,1245255
2024-06-02 16:00+03:00,60,BUMSC1/MSCServerFunction:BUMSC1,Reliable,3519686,3343342,543981,627410,33.281,3519686,1171391
2024-06-02 16:00+03:00,60,BUMSC2/MSCServerFunction:BUMSC2,Reliable,2996475,2842100,555913,632205,39.650999999999996,2996475,1188118
2024-06-02 16:00+03:00,60,AHMSC4/MSCServerFunction:AHMSC4,Reliable,2805598,2667924,493402,631439,40.093,2805598,1124841
2024-06-02 17:00+03:00,60,AHMSC3/MSCServerFunction:AHMSC3,Reliable,3475947,3315166,626371,645278,36.584,3475947,1271649
2024-06-02 17:00+03:00,60,BUMSC1/MSCServerFunction:BUMSC1,Reliable,3604908,3424968,555721,640534,33.184,3604908,1196255
2024-06-02 17:00+03:00,60,BUMSC2/MSCServerFunction:BUMSC2,Reliable,3071627,2914065,566767,645784,39.476,3071627,1212551
2024-06-02 17:00+03:00,60,AHMSC4/MSCServerFunction:AHMSC4,Reliable,2880776,2739940,502410,646332,39.876,2880776,1148742
2024-06-02 18:00+03:00,60,AHMSC3/MSCServerFunction:AHMSC3,Reliable,3715072,3545625,665487,689260,36.466,3715072,1354747
2024-06-02 18:00+03:00,60,BUMSC1/MSCServerFunction:BUMSC1,Reliable,3860938,3670447,591813,684076,33.046,3860938,1275889
2024-06-02 18:00+03:00,60,BUMSC2/MSCServerFunction:BUMSC2,Reliable,3285091,3119020,603366,689127,39.344,3285091,1292493
2024-06-02 18:00+03:00,60,AHMSC4/MSCServerFunction:AHMSC4,Reliable,3088506,2939439,537358,690794,39.765,3088506,1228152
2024-06-02 19:00+03:00,60,AHMSC3/MSCServerFunction:AHMSC3,Reliable,4646599,4444063,824132,860777,36.260999999999996,4646599,1684909
2024-06-02 19:00+03:00,60,BUMSC1/MSCServerFunction:BUMSC1,Reliable,4853300,4614410,737878,851099,32.74,4853300,1588977
2024-06-02 19:00+03:00,60,BUMSC2/MSCServerFunction:BUMSC2,Reliable,4110176,3901222,750104,858481,39.137,4110176,1608585
2024-06-02 19:00+03:00,60,AHMSC4/MSCServerFunction:AHMSC4,Reliable,3858891,3671062,665093,859275,39.503,3858891,1524368
2024-06-02 20:00+03:00,60,AHMSC3/MSCServerFunction:AHMSC3,Reliable,4498789,4294327,781262,819895,35.591,4498789,1601157
2024-06-02 20:00+03:00,60,BUMSC1/MSCServerFunction:BUMSC1,Reliable,4668777,4426967,706660,811097,32.509,4668777,1517757
2024-06-02 20:00+03:00,60,BUMSC2/MSCServerFunction:BUMSC2,Reliable,3979280,3765565,715002,816299,38.482,3979280,1531301
2024-06-02 20:00+03:00,60,AHMSC4/MSCServerFunction:AHMSC4,Reliable,3731885,3537833,631897,816285,38.806,3731885,1448182
2024-06-02 21:00+03:00,60,AHMSC3/MSCServerFunction:AHMSC3,Reliable,3726952,3539599,632110,666691,34.849000000000004,3726952,1298801
2024-06-02 21:00+03:00,60,BUMSC1/MSCServerFunction:BUMSC1,Reliable,3814190,3606349,567694,658202,32.14,3814190,1225896
2024-06-02 21:00+03:00,60,BUMSC2/MSCServerFunction:BUMSC2,Reliable,3307714,3120021,578526,664284,37.573,3307714,1242810
2024-06-02 21:00+03:00,60,AHMSC4/MSCServerFunction:AHMSC4,Reliable,3103675,2933926,514821,663958,37.98,3103675,1178779
2024-06-02 22:00+03:00,60,AHMSC3/MSCServerFunction:AHMSC3,Reliable,2573158,2440303,415277,443976,33.393,2573158,859253
2024-06-02 22:00+03:00,60,BUMSC1/MSCServerFunction:BUMSC1,Reliable,2617414,2474665,374590,437805,31.038,2617414,812395
2024-06-02 22:00+03:00,60,BUMSC2/MSCServerFunction:BUMSC2,Reliable,2301005,2170443,383582,442374,35.895,2301005,825956
2024-06-02 22:00+03:00,60,AHMSC4/MSCServerFunction:AHMSC4,Reliable,2153816,2035438,341066,443430,36.424,2153816,784496
2024-06-02 23:00+03:00,60,AHMSC3/MSCServerFunction:AHMSC3,Reliable,1216220,1154156,189795,198971,31.965,1216220,388766
2024-06-02 23:00+03:00,60,BUMSC1/MSCServerFunction:BUMSC1,Reliable,1227443,1161291,168948,195735,29.711,1227443,364683
2024-06-02 23:00+03:00,60,BUMSC2/MSCServerFunction:BUMSC2,Reliable,1079577,1018732,172739,198774,34.413000000000004,1079577,371513
2024-06-02 23:00+03:00,60,AHMSC4/MSCServerFunction:AHMSC4,Reliable,1015468,960641,152522,199776,34.693000000000005,1015468,352298
2024-06-02 00:00+03:00,60,BUMSC5/MSCServerFunction:BUMSC5,Reliable,673,651,317,0,47.103,673,317
2024-06-02 00:00+03:00,60,RWMSC6/MSCServerFunction:RWMSC6,Reliable,0,1,0,0,,0,0
2024-06-02 01:00+03:00,60,BUMSC5/MSCServerFunction:BUMSC5,Reliable,392,380,186,0,47.449,392,186
2024-06-02 01:00+03:00,60,RWMSC6/MSCServerFunction:RWMSC6,Reliable,0,0,0,0,,0,0
2024-06-02 02:00+03:00,60,BUMSC5/MSCServerFunction:BUMSC5,Reliable,226,217,103,0,45.575,226,103
2024-06-02 02:00+03:00,60,RWMSC6/MSCServerFunction:RWMSC6,Reliable,0,0,0,0,,0,0
2024-06-02 03:00+03:00,60,BUMSC5/MSCServerFunction:BUMSC5,Reliable,237,226,69,0,29.114,237,69
2024-06-02 03:00+03:00,60,RWMSC6/MSCServerFunction:RWMSC6,Reliable,0,0,0,0,,0,0
2024-06-02 04:00+03:00,60,BUMSC5/MSCServerFunction:BUMSC5,Reliable,166,157,65,0,39.157,166,65
2024-06-02 04:00+03:00,60,RWMSC6/MSCServerFunction:RWMSC6,Reliable,0,0,0,0,,0,0
2024-06-02 05:00+03:00,60,BUMSC5/MSCServerFunction:BUMSC5,Reliable,155,144,56,0,36.129,155,56
2024-06-02 05:00+03:00,60,RWMSC6/MSCServerFunction:RWMSC6,Reliable,0,0,0,0,,0,0
2024-06-02 06:00+03:00,60,BUMSC5/MSCServerFunction:BUMSC5,Reliable,218,213,109,0,50.0,218,109
2024-06-02 06:00+03:00,60,RWMSC6/MSCServerFunction:RWMSC6,Reliable,0,3,0,0,,0,0
2024-06-02 07:00+03:00,60,BUMSC5/MSCServerFunction:BUMSC5,Reliable,694,655,324,0,46.68600000000001,694,324
2024-06-02 07:00+03:00,60,RWMSC6/MSCServerFunction:RWMSC6,Reliable,0,12,0,0,,0,0
2024-06-02 08:00+03:00,60,BUMSC5/MSCServerFunction:BUMSC5,Reliable,1236,1179,593,0,47.977,1236,593
2024-06-02 08:00+03:00,60,RWMSC6/MSCServerFunction:RWMSC6,Reliable,0,6,0,0,,0,0
2024-06-02 09:00+03:00,60,BUMSC5/MSCServerFunction:BUMSC5,Reliable,1654,1584,821,0,49.637,1654,821
2024-06-02 09:00+03:00,60,RWMSC6/MSCServerFunction:RWMSC6,Reliable,0,3,0,0,,0,0
2024-06-02 10:00+03:00,60,BUMSC5/MSCServerFunction:BUMSC5,Reliable,1978,1905,1041,0,52.629,1978,1041
2024-06-02 10:00+03:00,60,RWMSC6/MSCServerFunction:RWMSC6,Reliable,16,18,1,0,6.25,16,1
2024-06-02 11:00+03:00,60,BUMSC5/MSCServerFunction:BUMSC5,Reliable,2115,2019,1125,0,53.191,2115,1125
2024-06-02 11:00+03:00,60,RWMSC6/MSCServerFunction:RWMSC6,Reliable,12,25,0,1,8.333,12,1
2024-06-02 12:00+03:00,60,BUMSC5/MSCServerFunction:BUMSC5,Reliable,2195,2112,1129,0,51.435,2195,1129
2024-06-02 12:00+03:00,60,RWMSC6/MSCServerFunction:RWMSC6,Reliable,0,9,0,0,,0,0
2024-06-02 13:00+03:00,60,BUMSC5/MSCServerFunction:BUMSC5,Reliable,2141,2072,1125,2,52.638999999999996,2141,1127
2024-06-02 13:00+03:00,60,RWMSC6/MSCServerFunction:RWMSC6,Reliable,0,4,0,0,,0,0
2024-06-02 14:00+03:00,60,BUMSC5/MSCServerFunction:BUMSC5,Reliable,2253,2178,1144,13,51.354,2253,1157
2024-06-02 15:00+03:00,60,BUMSC5/MSCServerFunction:BUMSC5,Reliable,2001,1920,1072,0,53.573,2001,1072
2024-06-02 15:00+03:00,60,RWMSC6/MSCServerFunction:RWMSC6,Reliable,0,7,0,0,,0,0
2024-06-02 16:00+03:00,60,BUMSC5/MSCServerFunction:BUMSC5,Reliable,1991,1891,1015,0,50.979,1991,1015
2024-06-02 16:00+03:00,60,RWMSC6/MSCServerFunction:RWMSC6,Reliable,5,11,0,1,20.0,5,1
2024-06-02 17:00+03:00,60,BUMSC5/MSCServerFunction:BUMSC5,Reliable,1908,1819,959,0,50.262,1908,959
2024-06-02 17:00+03:00,60,RWMSC6/MSCServerFunction:RWMSC6,Reliable,0,9,0,0,,0,0
2024-06-02 18:00+03:00,60,BUMSC5/MSCServerFunction:BUMSC5,Reliable,1981,1905,1039,0,52.448,1981,1039
2024-06-02 18:00+03:00,60,RWMSC6/MSCServerFunction:RWMSC6,Reliable,0,11,0,0,,0,0
2024-06-02 19:00+03:00,60,BUMSC5/MSCServerFunction:BUMSC5,Reliable,2217,2128,1114,0,50.248000000000005,2217,1114
2024-06-02 19:00+03:00,60,RWMSC6/MSCServerFunction:RWMSC6,Reliable,3,16,2,0,66.667,3,2
2024-06-02 20:00+03:00,60,BUMSC5/MSCServerFunction:BUMSC5,Reliable,1941,1862,982,0,50.592,1941,982
2024-06-02 20:00+03:00,60,RWMSC6/MSCServerFunction:RWMSC6,Reliable,0,21,0,0,,0,0
2024-06-02 21:00+03:00,60,BUMSC5/MSCServerFunction:BUMSC5,Reliable,1641,1559,745,0,45.398999999999994,1641,745
2024-06-02 21:00+03:00,60,RWMSC6/MSCServerFunction:RWMSC6,Reliable,0,2,0,0,,0,0
2024-06-02 22:00+03:00,60,BUMSC5/MSCServerFunction:BUMSC5,Reliable,1233,1165,556,0,45.093,1233,556
2024-06-02 22:00+03:00,60,RWMSC6/MSCServerFunction:RWMSC6,Reliable,0,10,0,0,,0,0
2024-06-02 23:00+03:00,60,BUMSC5/MSCServerFunction:BUMSC5,Reliable,751,716,373,0,49.667,751,373
2024-06-02 23:00+03:00,60,RWMSC6/MSCServerFunction:RWMSC6,Reliable,0,0,0,0,,0,0
