Result Time,Granularity Period,Object Name,Reliability,Call Attempts,Global BHCA,Incoming Answer Times,Originated Answer Times,Peak_Processor_Load,Peak_Processor_Load_Denom,Peak_Processor_Load_Nom
2024-06-01 00:00+03:00,60,AHMSC3/MSCServerFunction:AHMSC3,Reliable,506027,481809,76667,78796,30.721999999999998,506027,155463
2024-06-01 00:00+03:00,60,BUMSC1/MSCServerFunction:BUMSC1,Reliable,542323,513724,68486,77349,26.891,542323,145835
2024-06-01 00:00+03:00,60,BUMSC2/MSCServerFunction:BUMSC2,Reliable,443379,420441,69983,78333,33.451,443379,148316
2024-06-01 00:00+03:00,60,AHMSC4/MSCServerFunction:AHMSC4,Reliable,416211,395730,61575,78356,33.62,416211,139931
2024-06-01 01:00+03:00,60,AHMSC3/MSCServerFunction:AHMSC3,Reliable,237579,225777,34622,34774,29.21,237579,69396
2024-06-01 01:00+03:00,60,BUMSC1/MSCServerFunction:BUMSC1,Reliable,249520,236224,30440,33761,25.73,249520,64201
2024-06-01 01:00+03:00,60,BUMSC2/MSCServerFunction:BUMSC2,Reliable,204984,194182,31223,34508,32.066,204984,65731
2024-06-01 01:00+03:00,60,AHMSC4/MSCServerFunction:AHMSC4,Reliable,191525,181964,26890,34252,31.924,191525,61142
2024-06-01 02:00+03:00,60,AHMSC3/MSCServerFunction:AHMSC3,Reliable,145887,138453,20458,20475,28.058000000000003,145887,40933
2024-06-01 02:00+03:00,60,BUMSC1/MSCServerFunction:BUMSC1,Reliable,154735,146256,17993,19933,24.51,154735,37926
2024-06-01 02:00+03:00,60,BUMSC2/MSCServerFunction:BUMSC2,Reliable,129967,123004,18552,20639,30.155,129967,39191
2024-06-01 02:00+03:00,60,AHMSC4/MSCServerFunction:AHMSC4,Reliable,118816,112840,15937,20317,30.513,118816,36254
2024-06-01 03:00+03:00,60,AHMSC3/MSCServerFunction:AHMSC3,Reliable,121319,115205,16595,16702,27.445999999999998,121319,33297
2024-06-01 03:00+03:00,60,BUMSC1/MSCServerFunction:BUMSC1,Reliable,127187,120185,14630,15918,24.018,127187,30548
2024-06-01 03:00+03:00,60,BUMSC2/MSCServerFunction:BUMSC2,Reliable,107862,102343,15066,16840,29.58,107862,31906
2024-06-01 03:00+03:00,60,AHMSC4/MSCServerFunction:AHMSC4,Reliable,98348,93590,12923,16731,30.151999999999997,98348,29654
2024-06-01 04:00+03:00,60,AHMSC3/MSCServerFunction:AHMSC3,Reliable,125017,118533,19345,18948,30.63,125017,38293
2024-06-01 04:00+03:00,60,BUMSC1/MSCServerFunction:BUMSC1,Reliable,130093,122952,16836,18898,27.468000000000004,130093,35734
2024-06-01 04:00+03:00,60,BUMSC2/MSCServerFunction:BUMSC2,Reliable,107822,101973,16993,19367,33.722,107822,36360
2024-06-01 04:00+03:00,60,AHMSC4/MSCServerFunction:AHMSC4,Reliable,101210,96167,14934,19383,33.907,101210,34317
2024-06-01 05:00+03:00,60,AHMSC3/MSCServerFunction:AHMSC3,Reliable,235616,223850,38673,39597,33.219,235616,78270
2024-06-01 05:00+03:00,60,BUMSC1/MSCServerFunction:BUMSC1,Reliable,252721,238729,34187,39408,29.121,252721,73595
2024-06-01 05:00+03:00,60,BUMSC2/MSCServerFunction:BUMSC2,Reliable,206171,194660,35203,40064,36.507,206171,75267
2024-06-01 05:00+03:00,60,AHMSC4/MSCServerFunction:AHMSC4,Reliable,191707,181931,31143,39436,36.816,191707,70579
2024-06-01 06:00+03:00,60,AHMSC3/MSCServerFunction:AHMSC3,Reliable,928363,880460,156126,164218,34.506,928363,320344
2024-06-01 06:00+03:00,60,BUMSC1/MSCServerFunction:BUMSC1,Reliable,1022935,963458,140733,163456,29.737,1022935,304189
2024-06-01 06:00+03:00,60,BUMSC2/MSCServerFunction:BUMSC2,Reliable,811894,765134,142544,165243,37.91,811894,307787
2024-06-01 06:00+03:00,60,AHMSC4/MSCServerFunction:AHMSC4,Reliable,763797,722625,127779,164685,38.291,763797,292464
2024-06-01 07:00+03:00,60,AHMSC3/MSCServerFunction:AHMSC3,Reliable,2183751,2081938,397034,417027,37.278,2183751,814061
2024-06-01 07:00+03:00,60,BUMSC1/MSCServerFunction:BUMSC1,Reliable,2377047,2253479,356596,413547,32.399,2377047,770143
2024-06-01 07:00+03:00,60,BUMSC2/MSCServerFunction:BUMSC2,Reliable,1928411,1828156,362800,415284,40.348,1928411,778084
2024-06-01 07:00+03:00,60,AHMSC4/MSCServerFunction:AHMSC4,Reliable,1814916,1726182,322822,418045,40.821,1814916,740867
2024-06-01 08:00+03:00,60,AHMSC3/MSCServerFunction:AHMSC3,Reliable,2805447,2686027,541195,563152,39.364000000000004,2805447,1104347
2024-06-01 08:00+03:00,60,BUMSC1/MSCServerFunction:BUMSC1,Reliable,2997624,2856405,484517,556876,34.741,2997624,1041393
2024-06-01 08:00+03:00,60,BUMSC2/MSCServerFunction:BUMSC2,Reliable,2486452,2369799,492485,558511,42.269,2486452,1050996
2024-06-01 08:00+03:00,60,AHMSC4/MSCServerFunction:AHMSC4,Reliable,2341611,2236897,436099,562742,42.656000000000006,2341611,998841
2024-06-01 09:00+03:00,60,AHMSC3/MSCServerFunction:AHMSC3,Reliable,3121693,2992863,617212,638807,40.235,3121693,1256019
2024-06-01 09:00+03:00,60,BUMSC1/MSCServerFunction:BUMSC1,Reliable,3303600,3153696,552775,634295,35.933,3303600,1187070
2024-06-01 09:00+03:00,60,BUMSC2/MSCServerFunction:BUMSC2,Reliable,2777533,2651899,564453,634807,43.177,2777533,1199260
2024-06-01 09:00+03:00,60,AHMSC4/MSCServerFunction:AHMSC4,Reliable,2604580,2492585,498323,635992,43.551,2604580,1134315
2024-06-01 10:00+03:00,60,AHMSC3/MSCServerFunction:AHMSC3,Reliable,3278406,3143243,654366,675259,40.556999999999995,3278406,1329625
2024-06-01 10:00+03:00,60,BUMSC1/MSCServerFunction:BUMSC1,Reliable,3461553,3305537,587205,670486,36.333,3461553,1257691
2024-06-01 10:00+03:00,60,BUMSC2/MSCServerFunction:BUMSC2,Reliable,2933054,2800863,601135,674445,43.49,2933054,1275580
2024-06-01 10:00+03:00,60,AHMSC4/MSCServerFunction:AHMSC4,Reliable,2747262,2630319,528314,677208,43.881,2747262,1205522
2024-06-01 11:00+03:00,60,AHMSC3/MSCServerFunction:AHMSC3,Reliable,3297413,3160240,657438,676359,40.45,3297413,1333797
2024-06-01 11:00+03:00,60,BUMSC1/MSCServerFunction:BUMSC1,Reliable,3462771,3304575,588457,669384,36.325,3462771,1257841
2024-06-01 11:00+03:00,60,BUMSC2/MSCServerFunction:BUMSC2,Reliable,2947078,2812197,601710,674879,43.317,2947078,1276589
2024-06-01 11:00+03:00,60,AHMSC4/MSCServerFunction:AHMSC4,Reliable,2749153,2630424,527968,676185,43.801,2749153,1204153
2024-06-01 12:00+03:00,60,AHMSC3/MSCServerFunction:AHMSC3,Reliable,3306299,3167014,655447,673624,40.198,3306299,1329071
2024-06-01 12:00+03:00,60,BUMSC1/MSCServerFunction:BUMSC1,Reliable,3452149,3293797,583615,665698,36.189,3452149,1249313
2024-06-01 12:00+03:00,60,BUMSC2/MSCServerFunction:BUMSC2,Reliable,2946696,2810086,600283,669805,43.102,2946696,1270088
2024-06-01 12:00+03:00,60,AHMSC4/MSCServerFunction:AHMSC4,Reliable,2756357,2634918,525527,673094,43.486000000000004,2756357,1198621
2024-06-01 13:00+03:00,60,AHMSC3/MSCServerFunction:AHMSC3,Reliable,3304237,3164453,650230,669336,39.936,3304237,1319566
2024-06-01 13:00+03:00,60,BUMSC1/MSCServerFunction:BUMSC1,Reliable,3450656,3291344,581292,662903,36.056999999999995,3450656,1244195
2024-06-01 13:00+03:00,60,BUMSC2/MSCServerFunction:BUMSC2,Reliable,2944024,2806662,597064,663605,42.821000000000005,2944024,1260669
2024-06-01 13:00+03:00,60,AHMSC4/MSCServerFunction:AHMSC4,Reliable,2758259,2635792,521667,670026,43.205,2758259,1191693
2024-06-01 14:00+03:00,60,AHMSC3/MSCServerFunction:AHMSC3,Reliable,3312489,3170551,646276,662567,39.512,3312489,1308843
2024-06-01 14:00+03:00,60,BUMSC1/MSCServerFunction:BUMSC1,Reliable,3450038,3287721,576013,655666,35.7,3450038,1231679
2024-06-01 14:00+03:00,60,BUMSC2/MSCServerFunction:BUMSC2,Reliable,2950013,2809997,592213,657336,42.357,2950013,1249549
2024-06-01 14:00+03:00,60,AHMSC4/MSCServerFunction:AHMSC4,Reliable,2756708,2632230,516582,663753,42.817,2756708,1180335
2024-06-01 15:00+03:00,60,AHMSC3/MSCServerFunction:AHMSC3,Reliable,3274696,3129996,627705,647451,38.94,3274696,1275156
2024-06-01 15:00+03:00,60,BUMSC1/MSCServerFunction:BUMSC1,Reliable,3398230,3235139,559421,638318,35.246,3398230,1197739
2024-06-01 15:00+03:00,60,BUMSC2/MSCServerFunction:BUMSC2,Reliable,2907015,2765046,573564,641250,41.788999999999994,2907015,1214814
2024-06-01 15:00+03:00,60,AHMSC4/MSCServerFunction:AHMSC4,Reliable,2721228,2595562,503770,644743,42.206,2721228,1148513
2024-06-01 16:00+03:00,60,AHMSC3/MSCServerFunction:AHMSC3,Reliable,3312990,3165562,626350,646195,38.411,3312990,1272545
2024-06-01 16:00+03:00,60,BUMSC1/MSCServerFunction:BUMSC1,Reliable,3427101,3262122,558782,639198,34.955999999999996,3427101,1197980
2024-06-01 16:00+03:00,60,BUMSC2/MSCServerFunction:BUMSC2,Reliable,2939340,2794700,573975,643639,41.425,2939340,1217614
2024-06-01 16:00+03:00,60,AHMSC4/MSCServerFunction:AHMSC4,Reliable,2754677,2625673,502348,645459,41.668,2754677,1147807
2024-06-01 17:00+03:00,60,AHMSC3/MSCServerFunction:AHMSC3,Reliable,3476862,3323525,651582,677655,38.231,3476862,1329237
2024-06-01 17:00+03:00,60,BUMSC1/MSCServerFunction:BUMSC1,Reliable,3601611,3429739,583369,666759,34.71,3601611,1250128
2024-06-01 17:00+03:00,60,BUMSC2/MSCServerFunction:BUMSC2,Reliable,3094631,2942947,597099,673507,41.058,3094631,1270606
2024-06-01 17:00+03:00,60,AHMSC4/MSCServerFunction:AHMSC4,Reliable,2892211,2757772,526219,673529,41.482,2892211,1199748
2024-06-01 18:00+03:00,60,AHMSC3/MSCServerFunction:AHMSC3,Reliable,3743690,3580410,693997,720654,37.788000000000004,3743690,1414651
2024-06-01 18:00+03:00,60,BUMSC1/MSCServerFunction:BUMSC1,Reliable,3884294,3700372,620984,711514,34.305,3884294,1332498
2024-06-01 18:00+03:00,60,BUMSC2/MSCServerFunction:BUMSC2,Reliable,3325603,3164542,635313,719288,40.732,3325603,1354601
2024-06-01 18:00+03:00,60,AHMSC4/MSCServerFunction:AHMSC4,Reliable,3116555,2972372,558858,719865,41.03,3116555,1278723
2024-06-01 19:00+03:00,60,AHMSC3/MSCServerFunction:AHMSC3,Reliable,4640776,4443522,842505,882352,37.167,4640776,1724857
2024-06-01 19:00+03:00,60,BUMSC1/MSCServerFunction:BUMSC1,Reliable,4855103,4622409,757626,873530,33.597,4855103,1631156
2024-06-01 19:00+03:00,60,BUMSC2/MSCServerFunction:BUMSC2,Reliable,4119224,3916923,771794,878358,40.06,4119224,1650152
2024-06-01 19:00+03:00,60,AHMSC4/MSCServerFunction:AHMSC4,Reliable,3865227,3682529,679531,882397,40.41,3865227,1561928
2024-06-01 20:00+03:00,60,AHMSC3/MSCServerFunction:AHMSC3,Reliable,4378434,4181540,771276,813290,36.19,4378434,1584566
2024-06-01 20:00+03:00,60,BUMSC1/MSCServerFunction:BUMSC1,Reliable,4575892,4346102,696490,802913,32.766999999999996,4575892,1499403
2024-06-01 20:00+03:00,60,BUMSC2/MSCServerFunction:BUMSC2,Reliable,3871400,3671419,709968,807776,39.204,3871400,1517744
2024-06-01 20:00+03:00,60,AHMSC4/MSCServerFunction:AHMSC4,Reliable,3631196,3449787,625518,810507,39.547,3631196,1436025
2024-06-01 21:00+03:00,60,AHMSC3/MSCServerFunction:AHMSC3,Reliable,3470103,3307476,587284,603631,34.319,3470103,1190915
2024-06-01 21:00+03:00,60,BUMSC1/MSCServerFunction:BUMSC1,Reliable,3671145,3483836,532995,594492,30.712,3671145,1127487
2024-06-01 21:00+03:00,60,BUMSC2/MSCServerFunction:BUMSC2,Reliable,3050421,2890462,546310,602048,37.646,3050421,1148358
2024-06-01 21:00+03:00,60,AHMSC4/MSCServerFunction:AHMSC4,Reliable,2832518,2689874,469416,601511,37.808,2832518,1070927
2024-06-01 22:00+03:00,60,AHMSC3/MSCServerFunction:AHMSC3,Reliable,2286941,2177673,372607,384933,33.125,2286941,757540
2024-06-01 22:00+03:00,60,BUMSC1/MSCServerFunction:BUMSC1,Reliable,2391341,2268617,339149,380914,30.111,2391341,720063
2024-06-01 22:00+03:00,60,BUMSC2/MSCServerFunction:BUMSC2,Reliable,2016099,1909702,349980,384262,36.419000000000004,2016099,734242
2024-06-01 22:00+03:00,60,AHMSC4/MSCServerFunction:AHMSC4,Reliable,1867935,1773533,300127,383211,36.583,1867935,683338
2024-06-01 23:00+03:00,60,AHMSC3/MSCServerFunction:AHMSC3,Reliable,1093754,1041313,174211,179674,32.355,1093754,353885
2024-06-01 23:00+03:00,60,BUMSC1/MSCServerFunction:BUMSC1,Reliable,1118797,1061191,155472,176073,29.634,1118797,331545
2024-06-01 23:00+03:00,60,BUMSC2/MSCServerFunction:BUMSC2,Reliable,968528,916843,161732,178682,35.148,968528,340414
2024-06-01 23:00+03:00,60,AHMSC4/MSCServerFunction:AHMSC4,Reliable,895997,851139,139506,178655,35.509,895997,318161
2024-06-01 00:00+03:00,60,BUMSC5/MSCServerFunction:BUMSC5,Reliable,526,501,237,0,45.056999999999995,526,237
2024-06-01 00:00+03:00,60,RWMSC6/MSCServerFunction:RWMSC6,Reliable,0,0,0,0,,0,0
2024-06-01 01:00+03:00,60,BUMSC5/MSCServerFunction:BUMSC5,Reliable,266,249,115,0,43.233000000000004,266,115
2024-06-01 01:00+03:00,60,RWMSC6/MSCServerFunction:RWMSC6,Reliable,0,1,0,0,,0,0
2024-06-01 02:00+03:00,60,BUMSC5/MSCServerFunction:BUMSC5,Reliable,201,193,82,0,40.796,201,82
2024-06-01 02:00+03:00,60,RWMSC6/MSCServerFunction:RWMSC6,Reliable,0,0,0,0,,0,0
2024-06-01 03:00+03:00,60,BUMSC5/MSCServerFunction:BUMSC5,Reliable,156,149,60,0,38.461999999999996,156,60
2024-06-01 03:00+03:00,60,RWMSC6/MSCServerFunction:RWMSC6,Reliable,0,0,0,0,,0,0
2024-06-01 04:00+03:00,60,BUMSC5/MSCServerFunction:BUMSC5,Reliable,157,150,59,0,37.58,157,59
2024-06-01 04:00+03:00,60,RWMSC6/MSCServerFunction:RWMSC6,Reliable,0,0,0,0,,0,0
2024-06-01 05:00+03:00,60,BUMSC5/MSCServerFunction:BUMSC5,Reliable,213,205,94,0,44.131,213,94
2024-06-01 05:00+03:00,60,RWMSC6/MSCServerFunction:RWMSC6,Reliable,0,0,0,0,,0,0
2024-06-01 06:00+03:00,60,BUMSC5/MSCServerFunction:BUMSC5,Reliable,326,310,152,0,46.626000000000005,326,152
2024-06-01 06:00+03:00,60,RWMSC6/MSCServerFunction:RWMSC6,Reliable,0,3,0,0,,0,0
2024-06-01 07:00+03:00,60,BUMSC5/MSCServerFunction:BUMSC5,Reliable,886,851,450,0,50.79,886,450
2024-06-01 07:00+03:00,60,RWMSC6/MSCServerFunction:RWMSC6,Reliable,0,6,0,0,,0,0
2024-06-01 08:00+03:00,60,BUMSC5/MSCServerFunction:BUMSC5,Reliable,1842,1766,919,0,49.891000000000005,1842,919
2024-06-01 08:00+03:00,60,RWMSC6/MSCServerFunction:RWMSC6,Reliable,0,13,0,0,,0,0
2024-06-01 09:00+03:00,60,BUMSC5/MSCServerFunction:BUMSC5,Reliable,2565,2477,1420,0,55.361000000000004,2565,1420
2024-06-01 09:00+03:00,60,RWMSC6/MSCServerFunction:RWMSC6,Reliable,0,3,0,0,,0,0
2024-06-01 10:00+03:00,60,BUMSC5/MSCServerFunction:BUMSC5,Reliable,2951,2875,1748,0,59.233999999999995,2951,1748
2024-06-01 10:00+03:00,60,RWMSC6/MSCServerFunction:RWMSC6,Reliable,0,10,0,0,,0,0
2024-06-01 11:00+03:00,60,BUMSC5/MSCServerFunction:BUMSC5,Reliable,3320,3200,1848,0,55.663000000000004,3320,1848
2024-06-01 11:00+03:00,60,RWMSC6/MSCServerFunction:RWMSC6,Reliable,4,23,0,2,50.0,4,2
2024-06-01 12:00+03:00,60,BUMSC5/MSCServerFunction:BUMSC5,Reliable,3047,2944,1644,0,53.955,3047,1644
2024-06-01 12:00+03:00,60,RWMSC6/MSCServerFunction:RWMSC6,Reliable,1,16,0,0,0.0,1,0
2024-06-01 13:00+03:00,60,BUMSC5/MSCServerFunction:BUMSC5,Reliable,3325,3214,1921,0,57.773999999999994,3325,1921
2024-06-01 13:00+03:00,60,RWMSC6/MSCServerFunction:RWMSC6,Reliable,4,25,0,4,100.0,4,4
2024-06-01 14:00+03:00,60,BUMSC5/MSCServerFunction:BUMSC5,Reliable,3169,3070,1801,0,56.832,3169,1801
2024-06-01 14:00+03:00,60,RWMSC6/MSCServerFunction:RWMSC6,Reliable,1,26,0,0,0.0,1,0
2024-06-01 15:00+03:00,60,BUMSC5/MSCServerFunction:BUMSC5,Reliable,3018,2935,1678,1,55.633,3018,1679
2024-06-01 15:00+03:00,60,RWMSC6/MSCServerFunction:RWMSC6,Reliable,6,28,1,1,33.333,6,2
2024-06-01 16:00+03:00,60,BUMSC5/MSCServerFunction:BUMSC5,Reliable,2891,2797,1570,0,54.306000000000004,2891,1570
2024-06-01 16:00+03:00,60,RWMSC6/MSCServerFunction:RWMSC6,Reliable,20,31,3,6,45.0,20,9
2024-06-01 17:00+03:00,60,BUMSC5/MSCServerFunction:BUMSC5,Reliable,2929,2810,1495,0,51.041000000000004,2929,1495
2024-06-01 17:00+03:00,60,RWMSC6/MSCServerFunction:RWMSC6,Reliable,0,21,0,0,,0,0
2024-06-01 18:00+03:00,60,BUMSC5/MSCServerFunction:BUMSC5,Reliable,2857,2752,1569,0,54.918,2857,1569
2024-06-01 18:00+03:00,60,RWMSC6/MSCServerFunction:RWMSC6,Reliable,8,17,0,0,0.0,8,0
2024-06-01 19:00+03:00,60,BUMSC5/MSCServerFunction:BUMSC5,Reliable,2720,2611,1391,1,51.176,2720,1392
2024-06-01 19:00+03:00,60,RWMSC6/MSCServerFunction:RWMSC6,Reliable,0,27,0,0,,0,0
2024-06-01 20:00+03:00,60,BUMSC5/MSCServerFunction:BUMSC5,Reliable,2214,2133,1184,0,53.478,2214,1184
2024-06-01 20:00+03:00,60,RWMSC6/MSCServerFunction:RWMSC6,Reliable,0,11,0,0,,0,0
2024-06-01 21:00+03:00,60,BUMSC5/MSCServerFunction:BUMSC5,Reliable,1993,1908,1038,0,52.082,1993,1038
2024-06-01 21:00+03:00,60,RWMSC6/MSCServerFunction:RWMSC6,Reliable,0,18,0,0,,0,0
2024-06-01 22:00+03:00,60,BUMSC5/MSCServerFunction:BUMSC5,Reliable,1445,1394,724,0,50.104,1445,724
2024-06-01 22:00+03:00,60,RWMSC6/MSCServerFunction:RWMSC6,Reliable,0,6,0,0,,0,0
2024-06-01 23:00+03:00,60,BUMSC5/MSCServerFunction:BUMSC5,Reliable,889,855,410,0,46.119,889,410
2024-06-01 23:00+03:00,60,RWMSC6/MSCServerFunction:RWMSC6,Reliable,0,0,0,0,,0,0
