Result Time,Granularity Period,Object Name,Reliability,Average System Load
2024-06-01 00:00+03:00,60,"BUMGW01/Software System:System ID=0, System name=CloudSE2980",Reliable,5.315
2024-06-01 00:00+03:00,60,"MDMGW08/Software System:System ID=0, System name=CloudSE2980",Reliable,4.228
2024-06-01 00:00+03:00,60,"MKMGW05/Software System:System ID=0, System name=CloudSE2980",Reliable,4.803
2024-06-01 00:00+03:00,60,"JNMGW07/Software System:System ID=0, System name=CloudSE2980",Reliable,4.762
2024-06-01 01:00+03:00,60,"BUMGW01/Software System:System ID=0, System name=CloudSE2980",Reliable,3.472
2024-06-01 01:00+03:00,60,"MDMGW08/Software System:System ID=0, System name=CloudSE2980",Reliable,3.4989999999999997
2024-06-01 01:00+03:00,60,"MKMGW05/Software System:System ID=0, System name=CloudSE2980",Reliable,3.7760000000000002
2024-06-01 01:00+03:00,60,"JNMGW07/Software System:System ID=0, System name=CloudSE2980",Reliable,3.2889999999999997
2024-06-01 02:00+03:00,60,"BUMGW01/Software System:System ID=0, System name=CloudSE2980",Reliable,3.077
2024-06-01 02:00+03:00,60,"MDMGW08/Software System:System ID=0, System name=CloudSE2980",Reliable,3.052
2024-06-01 02:00+03:00,60,"MKMGW05/Software System:System ID=0, System name=CloudSE2980",Reliable,3.403
2024-06-01 02:00+03:00,60,"JNMGW07/Software System:System ID=0, System name=CloudSE2980",Reliable,2.9419999999999997
2024-06-01 03:00+03:00,60,"BUMGW01/Software System:System ID=0, System name=CloudSE2980",Reliable,2.79
2024-06-01 03:00+03:00,60,"MDMGW08/Software System:System ID=0, System name=CloudSE2980",Reliable,2.951
2024-06-01 03:00+03:00,60,"MKMGW05/Software System:System ID=0, System name=CloudSE2980",Reliable,3.1689999999999996
2024-06-01 03:00+03:00,60,"JNMGW07/Software System:System ID=0, System name=CloudSE2980",Reliable,2.739
2024-06-01 04:00+03:00,60,"BUMGW01/Software System:System ID=0, System name=CloudSE2980",Reliable,2.727
2024-06-01 04:00+03:00,60,"MDMGW08/Software System:System ID=0, System name=CloudSE2980",Reliable,2.932
2024-06-01 04:00+03:00,60,"MKMGW05/Software System:System ID=0, System name=CloudSE2980",Reliable,3.0639999999999996
2024-06-01 04:00+03:00,60,"JNMGW07/Software System:System ID=0, System name=CloudSE2980",Reliable,2.822
2024-06-01 05:00+03:00,60,"BUMGW01/Software System:System ID=0, System name=CloudSE2980",Reliable,3.0580000000000003
2024-06-01 05:00+03:00,60,"MDMGW08/Software System:System ID=0, System name=CloudSE2980",Reliable,3.137
2024-06-01 05:00+03:00,60,"MKMGW05/Software System:System ID=0, System name=CloudSE2980",Reliable,3.373
2024-06-01 05:00+03:00,60,"JNMGW07/Software System:System ID=0, System name=CloudSE2980",Reliable,3.216
2024-06-01 06:00+03:00,60,"BUMGW01/Software System:System ID=0, System name=CloudSE2980",Reliable,4.1160000000000005
2024-06-01 06:00+03:00,60,"MDMGW08/Software System:System ID=0, System name=CloudSE2980",Reliable,4.218999999999999
2024-06-01 06:00+03:00,60,"MKMGW05/Software System:System ID=0, System name=CloudSE2980",Reliable,4.553999999999999
2024-06-01 06:00+03:00,60,"JNMGW07/Software System:System ID=0, System name=CloudSE2980",Reliable,5.252999999999999
2024-06-01 07:00+03:00,60,"BUMGW01/Software System:System ID=0, System name=CloudSE2980",Reliable,7.426
2024-06-01 07:00+03:00,60,"MDMGW08/Software System:System ID=0, System name=CloudSE2980",Reliable,6.426
2024-06-01 07:00+03:00,60,"MKMGW05/Software System:System ID=0, System name=CloudSE2980",Reliable,7.825
2024-06-01 07:00+03:00,60,"JNMGW07/Software System:System ID=0, System name=CloudSE2980",Reliable,9.461
2024-06-01 08:00+03:00,60,"BUMGW01/Software System:System ID=0, System name=CloudSE2980",Reliable,9.757
2024-06-01 08:00+03:00,60,"MDMGW08/Software System:System ID=0, System name=CloudSE2980",Reliable,7.327999999999999
2024-06-01 08:00+03:00,60,"MKMGW05/Software System:System ID=0, System name=CloudSE2980",Reliable,9.337
2024-06-01 08:00+03:00,60,"JNMGW07/Software System:System ID=0, System name=CloudSE2980",Reliable,11.552999999999999
2024-06-01 09:00+03:00,60,"BUMGW01/Software System:System ID=0, System name=CloudSE2980",Reliable,10.868
2024-06-01 09:00+03:00,60,"MDMGW08/Software System:System ID=0, System name=CloudSE2980",Reliable,7.6
2024-06-01 09:00+03:00,60,"MKMGW05/Software System:System ID=0, System name=CloudSE2980",Reliable,9.72
2024-06-01 09:00+03:00,60,"JNMGW07/Software System:System ID=0, System name=CloudSE2980",Reliable,12.175
2024-06-01 10:00+03:00,60,"BUMGW01/Software System:System ID=0, System name=CloudSE2980",Reliable,11.665
2024-06-01 10:00+03:00,60,"MDMGW08/Software System:System ID=0, System name=CloudSE2980",Reliable,7.619
2024-06-01 10:00+03:00,60,"MKMGW05/Software System:System ID=0, System name=CloudSE2980",Reliable,9.843
2024-06-01 10:00+03:00,60,"JNMGW07/Software System:System ID=0, System name=CloudSE2980",Reliable,12.517000000000001
2024-06-01 11:00+03:00,60,"BUMGW01/Software System:System ID=0, System name=CloudSE2980",Reliable,11.637
2024-06-01 11:00+03:00,60,"MDMGW08/Software System:System ID=0, System name=CloudSE2980",Reliable,7.517
2024-06-01 11:00+03:00,60,"MKMGW05/Software System:System ID=0, System name=CloudSE2980",Reliable,9.657
2024-06-01 11:00+03:00,60,"JNMGW07/Software System:System ID=0, System name=CloudSE2980",Reliable,12.497
2024-06-01 12:00+03:00,60,"BUMGW01/Software System:System ID=0, System name=CloudSE2980",Reliable,11.527999999999999
2024-06-01 12:00+03:00,60,"MDMGW08/Software System:System ID=0, System name=CloudSE2980",Reliable,7.59
2024-06-01 12:00+03:00,60,"MKMGW05/Software System:System ID=0, System name=CloudSE2980",Reliable,9.46
2024-06-01 12:00+03:00,60,"JNMGW07/Software System:System ID=0, System name=CloudSE2980",Reliable,12.257
2024-06-01 13:00+03:00,60,"BUMGW01/Software System:System ID=0, System name=CloudSE2980",Reliable,11.186
2024-06-01 13:00+03:00,60,"MDMGW08/Software System:System ID=0, System name=CloudSE2980",Reliable,7.4879999999999995
2024-06-01 13:00+03:00,60,"MKMGW05/Software System:System ID=0, System name=CloudSE2980",Reliable,9.419
2024-06-01 13:00+03:00,60,"JNMGW07/Software System:System ID=0, System name=CloudSE2980",Reliable,11.942
2024-06-01 14:00+03:00,60,"BUMGW01/Software System:System ID=0, System name=CloudSE2980",Reliable,11.161
2024-06-01 14:00+03:00,60,"MDMGW08/Software System:System ID=0, System name=CloudSE2980",Reliable,7.565
2024-06-01 14:00+03:00,60,"MKMGW05/Software System:System ID=0, System name=CloudSE2980",Reliable,9.532
2024-06-01 14:00+03:00,60,"JNMGW07/Software System:System ID=0, System name=CloudSE2980",Reliable,11.865
2024-06-01 15:00+03:00,60,"BUMGW01/Software System:System ID=0, System name=CloudSE2980",Reliable,11.232000000000001
2024-06-01 15:00+03:00,60,"MDMGW08/Software System:System ID=0, System name=CloudSE2980",Reliable,7.606
2024-06-01 15:00+03:00,60,"MKMGW05/Software System:System ID=0, System name=CloudSE2980",Reliable,9.58
2024-06-01 15:00+03:00,60,"JNMGW07/Software System:System ID=0, System name=CloudSE2980",Reliable,12.029000000000002
2024-06-01 16:00+03:00,60,"BUMGW01/Software System:System ID=0, System name=CloudSE2980",Reliable,11.167
2024-06-01 16:00+03:00,60,"MDMGW08/Software System:System ID=0, System name=CloudSE2980",Reliable,7.692
2024-06-01 16:00+03:00,60,"MKMGW05/Software System:System ID=0, System name=CloudSE2980",Reliable,9.677999999999999
2024-06-01 16:00+03:00,60,"JNMGW07/Software System:System ID=0, System name=CloudSE2980",Reliable,12.244000000000002
2024-06-01 17:00+03:00,60,"BUMGW01/Software System:System ID=0, System name=CloudSE2980",Reliable,11.49
2024-06-01 17:00+03:00,60,"MDMGW08/Software System:System ID=0, System name=CloudSE2980",Reliable,7.985
2024-06-01 17:00+03:00,60,"MKMGW05/Software System:System ID=0, System name=CloudSE2980",Reliable,9.862
2024-06-01 17:00+03:00,60,"JNMGW07/Software System:System ID=0, System name=CloudSE2980",Reliable,12.796
2024-06-01 18:00+03:00,60,"BUMGW01/Software System:System ID=0, System name=CloudSE2980",Reliable,11.839
2024-06-01 18:00+03:00,60,"MDMGW08/Software System:System ID=0, System name=CloudSE2980",Reliable,8.357999999999999
2024-06-01 18:00+03:00,60,"MKMGW05/Software System:System ID=0, System name=CloudSE2980",Reliable,10.202
2024-06-01 18:00+03:00,60,"JNMGW07/Software System:System ID=0, System name=CloudSE2980",Reliable,13.479000000000001
2024-06-01 19:00+03:00,60,"BUMGW01/Software System:System ID=0, System name=CloudSE2980",Reliable,13.304
2024-06-01 19:00+03:00,60,"MDMGW08/Software System:System ID=0, System name=CloudSE2980",Reliable,9.714
2024-06-01 19:00+03:00,60,"MKMGW05/Software System:System ID=0, System name=CloudSE2980",Reliable,11.649000000000001
2024-06-01 19:00+03:00,60,"JNMGW07/Software System:System ID=0, System name=CloudSE2980",Reliable,16.292
2024-06-01 20:00+03:00,60,"BUMGW01/Software System:System ID=0, System name=CloudSE2980",Reliable,14.363
2024-06-01 20:00+03:00,60,"MDMGW08/Software System:System ID=0, System name=CloudSE2980",Reliable,10.504000000000001
2024-06-01 20:00+03:00,60,"MKMGW05/Software System:System ID=0, System name=CloudSE2980",Reliable,12.527000000000001
2024-06-01 20:00+03:00,60,"JNMGW07/Software System:System ID=0, System name=CloudSE2980",Reliable,17.777
2024-06-01 21:00+03:00,60,"BUMGW01/Software System:System ID=0, System name=CloudSE2980",Reliable,12.763
2024-06-01 21:00+03:00,60,"MDMGW08/Software System:System ID=0, System name=CloudSE2980",Reliable,9.328
2024-06-01 21:00+03:00,60,"MKMGW05/Software System:System ID=0, System name=CloudSE2980",Reliable,11.12
2024-06-01 21:00+03:00,60,"JNMGW07/Software System:System ID=0, System name=CloudSE2980",Reliable,15.552
2024-06-01 22:00+03:00,60,"BUMGW01/Software System:System ID=0, System name=CloudSE2980",Reliable,10.591
2024-06-01 22:00+03:00,60,"MDMGW08/Software System:System ID=0, System name=CloudSE2980",Reliable,7.662000000000001
2024-06-01 22:00+03:00,60,"MKMGW05/Software System:System ID=0, System name=CloudSE2980",Reliable,9.467
2024-06-01 22:00+03:00,60,"JNMGW07/Software System:System ID=0, System name=CloudSE2980",Reliable,12.24
2024-06-01 23:00+03:00,60,"BUMGW01/Software System:System ID=0, System name=CloudSE2980",Reliable,7.692
2024-06-01 23:00+03:00,60,"MDMGW08/Software System:System ID=0, System name=CloudSE2980",Reliable,5.546
2024-06-01 23:00+03:00,60,"MKMGW05/Software System:System ID=0, System name=CloudSE2980",Reliable,6.902
2024-06-01 23:00+03:00,60,"JNMGW07/Software System:System ID=0, System name=CloudSE2980",Reliable,7.705
