Result Time,Granularity Period,Object Name,Reliability,Answer Rate,Answer Times,Call Attempts,Incoming Answer Times,Incoming Call Attempts,Originated Answer Times,Originated Call Attempts
2024-06-01 00:00+03:00,60,AHMSC3/MSCServerFunction:AHMSC3,Reliable,30.721999999999998,155463,506027,76667,241452,78796,264575
2024-06-01 00:00+03:00,60,BUMSC1/MSCServerFunction:BUMSC1,Reliable,26.891,145835,542323,68486,280308,77349,262015
2024-06-01 00:00+03:00,60,BUMSC2/MSCServerFunction:BUMSC2,Reliable,33.451,148316,443379,69983,179294,78333,264085
2024-06-01 00:00+03:00,60,AHMSC4/MSCServerFunction:AHMSC4,Reliable,33.62,139931,416211,61575,153011,78356,263200
2024-06-01 01:00+03:00,60,AHMSC3/MSCServerFunction:AHMSC3,Reliable,29.21,69396,237579,34622,113537,34774,124042
2024-06-01 01:00+03:00,60,BUMSC1/MSCServerFunction:BUMSC1,Reliable,25.73,64201,249520,30440,127990,33761,121530
2024-06-01 01:00+03:00,60,BUMSC2/MSCServerFunction:BUMSC2,Reliable,32.066,65731,204984,31223,82956,34508,122028
2024-06-01 01:00+03:00,60,AHMSC4/MSCServerFunction:AHMSC4,Reliable,31.924,61142,191525,26890,70242,34252,121283
2024-06-01 02:00+03:00,60,AHMSC3/MSCServerFunction:AHMSC3,Reliable,28.058000000000003,40933,145887,20458,68999,20475,76888
2024-06-01 02:00+03:00,60,BUMSC1/MSCServerFunction:BUMSC1,Reliable,24.51,37926,154735,17993,79556,19933,75179
2024-06-01 02:00+03:00,60,BUMSC2/MSCServerFunction:BUMSC2,Reliable,30.155,39191,129967,18552,53715,20639,76252
2024-06-01 02:00+03:00,60,AHMSC4/MSCServerFunction:AHMSC4,Reliable,30.513,36254,118816,15937,41911,20317,76905
2024-06-01 03:00+03:00,60,AHMSC3/MSCServerFunction:AHMSC3,Reliable,27.445999999999998,33297,121319,16595,57673,16702,63646
2024-06-01 03:00+03:00,60,BUMSC1/MSCServerFunction:BUMSC1,Reliable,24.018,30548,127187,14630,63813,15918,63374
2024-06-01 03:00+03:00,60,BUMSC2/MSCServerFunction:BUMSC2,Reliable,29.58,31906,107862,15066,45804,16840,62058
2024-06-01 03:00+03:00,60,AHMSC4/MSCServerFunction:AHMSC4,Reliable,30.151999999999997,29654,98348,12923,35055,16731,63293
2024-06-01 04:00+03:00,60,AHMSC3/MSCServerFunction:AHMSC3,Reliable,30.63,38293,125017,19345,59737,18948,65280
2024-06-01 04:00+03:00,60,BUMSC1/MSCServerFunction:BUMSC1,Reliable,27.468000000000004,35734,130093,16836,66292,18898,63801
2024-06-01 04:00+03:00,60,BUMSC2/MSCServerFunction:BUMSC2,Reliable,33.722,36360,107822,16993,43111,19367,64711
2024-06-01 04:00+03:00,60,AHMSC4/MSCServerFunction:AHMSC4,Reliable,33.907,34317,101210,14934,35981,19383,65229
2024-06-01 05:00+03:00,60,AHMSC3/MSCServerFunction:AHMSC3,Reliable,33.219,78270,235616,38673,112403,39597,123213
2024-06-01 05:00+03:00,60,BUMSC1/MSCServerFunction:BUMSC1,Reliable,29.121,73595,252721,34187,130819,39408,121902
2024-06-01 05:00+03:00,60,BUMSC2/MSCServerFunction:BUMSC2,Reliable,36.507,75267,206171,35203,81524,40064,124647
2024-06-01 05:00+03:00,60,AHMSC4/MSCServerFunction:AHMSC4,Reliable,36.816,70579,191707,31143,69235,39436,122472
2024-06-01 06:00+03:00,60,AHMSC3/MSCServerFunction:AHMSC3,Reliable,34.506,320344,928363,156126,436705,164218,491658
2024-06-01 06:00+03:00,60,BUMSC1/MSCServerFunction:BUMSC1,Reliable,29.737,304189,1022935,140733,532204,163456,490731
2024-06-01 06:00+03:00,60,BUMSC2/MSCServerFunction:BUMSC2,Reliable,37.91,307787,811894,142544,318304,165243,493590
2024-06-01 06:00+03:00,60,AHMSC4/MSCServerFunction:AHMSC4,Reliable,38.291,292464,763797,127779,273060,164685,490737
2024-06-01 07:00+03:00,60,AHMSC3/MSCServerFunction:AHMSC3,Reliable,37.278,814061,2183751,397034,1030693,417027,1153058
2024-06-01 07:00+03:00,60,BUMSC1/MSCServerFunction:BUMSC1,Reliable,32.399,770143,2377047,356596,1225160,413547,1151887
2024-06-01 07:00+03:00,60,BUMSC2/MSCServerFunction:BUMSC2,Reliable,40.348,778084,1928411,362800,771720,415284,1156691
2024-06-01 07:00+03:00,60,AHMSC4/MSCServerFunction:AHMSC4,Reliable,40.821,740867,1814916,322822,662288,418045,1152628
2024-06-01 08:00+03:00,60,AHMSC3/MSCServerFunction:AHMSC3,Reliable,39.364000000000004,1104347,2805447,541195,1334169,563152,1471278
2024-06-01 08:00+03:00,60,BUMSC1/MSCServerFunction:BUMSC1,Reliable,34.741,1041393,2997624,484517,1528355,556876,1469269
2024-06-01 08:00+03:00,60,BUMSC2/MSCServerFunction:BUMSC2,Reliable,42.269,1050996,2486452,492485,1019169,558511,1467283
2024-06-01 08:00+03:00,60,AHMSC4/MSCServerFunction:AHMSC4,Reliable,42.656000000000006,998841,2341611,436099,867152,562742,1474459
2024-06-01 09:00+03:00,60,AHMSC3/MSCServerFunction:AHMSC3,Reliable,40.235,1256019,3121693,617212,1486358,638807,1635335
2024-06-01 09:00+03:00,60,BUMSC1/MSCServerFunction:BUMSC1,Reliable,35.933,1187070,3303600,552775,1674927,634295,1628673
2024-06-01 09:00+03:00,60,BUMSC2/MSCServerFunction:BUMSC2,Reliable,43.177,1199260,2777533,564453,1149491,634807,1628042
2024-06-01 09:00+03:00,60,AHMSC4/MSCServerFunction:AHMSC4,Reliable,43.551,1134315,2604580,498323,974866,635992,1629714
2024-06-01 10:00+03:00,60,AHMSC3/MSCServerFunction:AHMSC3,Reliable,40.556999999999995,1329625,3278406,654366,1559535,675259,1718871
2024-06-01 10:00+03:00,60,BUMSC1/MSCServerFunction:BUMSC1,Reliable,36.333,1257691,3461553,587205,1745699,670486,1715854
2024-06-01 10:00+03:00,60,BUMSC2/MSCServerFunction:BUMSC2,Reliable,43.49,1275580,2933054,601135,1211458,674445,1721596
2024-06-01 10:00+03:00,60,AHMSC4/MSCServerFunction:AHMSC4,Reliable,43.881,1205522,2747262,528314,1027322,677208,1719940
2024-06-01 11:00+03:00,60,AHMSC3/MSCServerFunction:AHMSC3,Reliable,40.45,1333797,3297413,657438,1567346,676359,1730067
2024-06-01 11:00+03:00,60,BUMSC1/MSCServerFunction:BUMSC1,Reliable,36.325,1257841,3462771,588457,1736518,669384,1726253
2024-06-01 11:00+03:00,60,BUMSC2/MSCServerFunction:BUMSC2,Reliable,43.317,1276589,2947078,601710,1212113,674879,1734965
2024-06-01 11:00+03:00,60,AHMSC4/MSCServerFunction:AHMSC4,Reliable,43.801,1204153,2749153,527968,1023161,676185,1725992
2024-06-01 12:00+03:00,60,AHMSC3/MSCServerFunction:AHMSC3,Reliable,40.198,1329071,3306299,655447,1569355,673624,1736944
2024-06-01 12:00+03:00,60,BUMSC1/MSCServerFunction:BUMSC1,Reliable,36.189,1249313,3452149,583615,1723093,665698,1729056
2024-06-01 12:00+03:00,60,BUMSC2/MSCServerFunction:BUMSC2,Reliable,43.102,1270088,2946696,600283,1209219,669805,1737477
2024-06-01 12:00+03:00,60,AHMSC4/MSCServerFunction:AHMSC4,Reliable,43.486000000000004,1198621,2756357,525527,1020414,673094,1735943
2024-06-01 13:00+03:00,60,AHMSC3/MSCServerFunction:AHMSC3,Reliable,39.936,1319566,3304237,650230,1566514,669336,1737723
2024-06-01 13:00+03:00,60,BUMSC1/MSCServerFunction:BUMSC1,Reliable,36.056999999999995,1244195,3450656,581292,1716079,662903,1734577
2024-06-01 13:00+03:00,60,BUMSC2/MSCServerFunction:BUMSC2,Reliable,42.821000000000005,1260669,2944024,597064,1206661,663605,1737363
2024-06-01 13:00+03:00,60,AHMSC4/MSCServerFunction:AHMSC4,Reliable,43.205,1191693,2758259,521667,1015631,670026,1742628
2024-06-01 14:00+03:00,60,AHMSC3/MSCServerFunction:AHMSC3,Reliable,39.512,1308843,3312489,646276,1566651,662567,1745838
2024-06-01 14:00+03:00,60,BUMSC1/MSCServerFunction:BUMSC1,Reliable,35.7,1231679,3450038,576013,1708958,655666,1741080
2024-06-01 14:00+03:00,60,BUMSC2/MSCServerFunction:BUMSC2,Reliable,42.357,1249549,2950013,592213,1206381,657336,1743632
2024-06-01 14:00+03:00,60,AHMSC4/MSCServerFunction:AHMSC4,Reliable,42.817,1180335,2756708,516582,1011583,663753,1745125
2024-06-01 15:00+03:00,60,AHMSC3/MSCServerFunction:AHMSC3,Reliable,38.94,1275156,3274696,627705,1542349,647451,1732347
2024-06-01 15:00+03:00,60,BUMSC1/MSCServerFunction:BUMSC1,Reliable,35.246,1197739,3398230,559421,1675151,638318,1723079
2024-06-01 15:00+03:00,60,BUMSC2/MSCServerFunction:BUMSC2,Reliable,41.788999999999994,1214814,2907015,573564,1174240,641250,1732775
2024-06-01 15:00+03:00,60,AHMSC4/MSCServerFunction:AHMSC4,Reliable,42.206,1148513,2721228,503770,994121,644743,1727107
2024-06-01 16:00+03:00,60,AHMSC3/MSCServerFunction:AHMSC3,Reliable,38.411,1272545,3312990,626350,1557083,646195,1755907
2024-06-01 16:00+03:00,60,BUMSC1/MSCServerFunction:BUMSC1,Reliable,34.955999999999996,1197980,3427101,558782,1682765,639198,1744336
2024-06-01 16:00+03:00,60,BUMSC2/MSCServerFunction:BUMSC2,Reliable,41.425,1217614,2939340,573975,1182671,643639,1756669
2024-06-01 16:00+03:00,60,AHMSC4/MSCServerFunction:AHMSC4,Reliable,41.668,1147807,2754677,502348,1000919,645459,1753758
2024-06-01 17:00+03:00,60,AHMSC3/MSCServerFunction:AHMSC3,Reliable,38.231,1329237,3476862,651582,1629942,677655,1846920
2024-06-01 17:00+03:00,60,BUMSC1/MSCServerFunction:BUMSC1,Reliable,34.71,1250128,3601611,583369,1763600,666759,1838011
2024-06-01 17:00+03:00,60,BUMSC2/MSCServerFunction:BUMSC2,Reliable,41.058,1270606,3094631,597099,1246012,673507,1848619
2024-06-01 17:00+03:00,60,AHMSC4/MSCServerFunction:AHMSC4,Reliable,41.482,1199748,2892211,526219,1051082,673529,1841129
2024-06-01 18:00+03:00,60,AHMSC3/MSCServerFunction:AHMSC3,Reliable,37.788000000000004,1414651,3743690,693997,1756914,720654,1986776
2024-06-01 18:00+03:00,60,BUMSC1/MSCServerFunction:BUMSC1,Reliable,34.305,1332498,3884294,620984,1899484,711514,1984810
2024-06-01 18:00+03:00,60,BUMSC2/MSCServerFunction:BUMSC2,Reliable,40.732,1354601,3325603,635313,1332294,719288,1993309
2024-06-01 18:00+03:00,60,AHMSC4/MSCServerFunction:AHMSC4,Reliable,41.03,1278723,3116555,558858,1131803,719865,1984752
2024-06-01 19:00+03:00,60,AHMSC3/MSCServerFunction:AHMSC3,Reliable,37.167,1724857,4640776,842505,2167447,882352,2473329
2024-06-01 19:00+03:00,60,BUMSC1/MSCServerFunction:BUMSC1,Reliable,33.597,1631156,4855103,757626,2387722,873530,2467381
2024-06-01 19:00+03:00,60,BUMSC2/MSCServerFunction:BUMSC2,Reliable,40.06,1650152,4119224,771794,1634288,878358,2484936
2024-06-01 19:00+03:00,60,AHMSC4/MSCServerFunction:AHMSC4,Reliable,40.41,1561928,3865227,679531,1391544,882397,2473683
2024-06-01 20:00+03:00,60,AHMSC3/MSCServerFunction:AHMSC3,Reliable,36.19,1584566,4378434,771276,2033167,813290,2345267
2024-06-01 20:00+03:00,60,BUMSC1/MSCServerFunction:BUMSC1,Reliable,32.766999999999996,1499403,4575892,696490,2241060,802913,2334832
2024-06-01 20:00+03:00,60,BUMSC2/MSCServerFunction:BUMSC2,Reliable,39.204,1517744,3871400,709968,1520958,807776,2350442
2024-06-01 20:00+03:00,60,AHMSC4/MSCServerFunction:AHMSC4,Reliable,39.547,1436025,3631196,625518,1291312,810507,2339884
2024-06-01 21:00+03:00,60,AHMSC3/MSCServerFunction:AHMSC3,Reliable,34.319,1190915,3470103,587284,1634426,603631,1835677
2024-06-01 21:00+03:00,60,BUMSC1/MSCServerFunction:BUMSC1,Reliable,30.712,1127487,3671145,532995,1844803,594492,1826342
2024-06-01 21:00+03:00,60,BUMSC2/MSCServerFunction:BUMSC2,Reliable,37.646,1148358,3050421,546310,1207957,602048,1842464
2024-06-01 21:00+03:00,60,AHMSC4/MSCServerFunction:AHMSC4,Reliable,37.808,1070927,2832518,469416,1003331,601511,1829187
2024-06-01 22:00+03:00,60,AHMSC3/MSCServerFunction:AHMSC3,Reliable,33.125,757540,2286941,372607,1071079,384933,1215862
2024-06-01 22:00+03:00,60,BUMSC1/MSCServerFunction:BUMSC1,Reliable,30.111,720063,2391341,339149,1184473,380914,1206868
2024-06-01 22:00+03:00,60,BUMSC2/MSCServerFunction:BUMSC2,Reliable,36.419000000000004,734242,2016099,349980,797906,384262,1218193
2024-06-01 22:00+03:00,60,AHMSC4/MSCServerFunction:AHMSC4,Reliable,36.583,683338,1867935,300127,660257,383211,1207678
2024-06-01 23:00+03:00,60,AHMSC3/MSCServerFunction:AHMSC3,Reliable,32.355,353885,1093754,174211,511071,179674,582683
2024-06-01 23:00+03:00,60,BUMSC1/MSCServerFunction:BUMSC1,Reliable,29.634,331545,1118797,155472,540960,176073,577837
2024-06-01 23:00+03:00,60,BUMSC2/MSCServerFunction:BUMSC2,Reliable,35.148,340414,968528,161732,382325,178682,586203
2024-06-01 23:00+03:00,60,AHMSC4/MSCServerFunction:AHMSC4,Reliable,35.509,318161,895997,139506,317803,178655,578194
2024-06-01 00:00+03:00,60,BUMSC5/MSCServerFunction:BUMSC5,Reliable,45.056999999999995,237,526,237,526,0,0
2024-06-01 00:00+03:00,60,RWMSC6/MSCServerFunction:RWMSC6,Reliable,0.0,0,0,0,0,0,0
2024-06-01 01:00+03:00,60,BUMSC5/MSCServerFunction:BUMSC5,Reliable,43.233000000000004,115,266,115,266,0,0
2024-06-01 01:00+03:00,60,RWMSC6/MSCServerFunction:RWMSC6,Reliable,0.0,0,0,0,0,0,0
2024-06-01 02:00+03:00,60,BUMSC5/MSCServerFunction:BUMSC5,Reliable,40.796,82,201,82,201,0,0
2024-06-01 02:00+03:00,60,RWMSC6/MSCServerFunction:RWMSC6,Reliable,0.0,0,0,0,0,0,0
2024-06-01 03:00+03:00,60,BUMSC5/MSCServerFunction:BUMSC5,Reliable,38.461999999999996,60,156,60,156,0,0
2024-06-01 03:00+03:00,60,RWMSC6/MSCServerFunction:RWMSC6,Reliable,0.0,0,0,0,0,0,0
2024-06-01 04:00+03:00,60,BUMSC5/MSCServerFunction:BUMSC5,Reliable,37.58,59,157,59,157,0,0
2024-06-01 04:00+03:00,60,RWMSC6/MSCServerFunction:RWMSC6,Reliable,0.0,0,0,0,0,0,0
2024-06-01 05:00+03:00,60,BUMSC5/MSCServerFunction:BUMSC5,Reliable,44.131,94,213,94,213,0,0
2024-06-01 05:00+03:00,60,RWMSC6/MSCServerFunction:RWMSC6,Reliable,0.0,0,0,0,0,0,0
2024-06-01 06:00+03:00,60,BUMSC5/MSCServerFunction:BUMSC5,Reliable,46.626000000000005,152,326,152,326,0,0
2024-06-01 06:00+03:00,60,RWMSC6/MSCServerFunction:RWMSC6,Reliable,0.0,0,0,0,0,0,0
2024-06-01 07:00+03:00,60,BUMSC5/MSCServerFunction:BUMSC5,Reliable,50.79,450,886,450,886,0,0
2024-06-01 07:00+03:00,60,RWMSC6/MSCServerFunction:RWMSC6,Reliable,0.0,0,0,0,0,0,0
2024-06-01 08:00+03:00,60,BUMSC5/MSCServerFunction:BUMSC5,Reliable,49.891000000000005,919,1842,919,1842,0,0
2024-06-01 08:00+03:00,60,RWMSC6/MSCServerFunction:RWMSC6,Reliable,0.0,0,0,0,0,0,0
2024-06-01 09:00+03:00,60,BUMSC5/MSCServerFunction:BUMSC5,Reliable,55.361000000000004,1420,2565,1420,2565,0,0
2024-06-01 09:00+03:00,60,RWMSC6/MSCServerFunction:RWMSC6,Reliable,0.0,0,0,0,0,0,0
2024-06-01 10:00+03:00,60,BUMSC5/MSCServerFunction:BUMSC5,Reliable,59.233999999999995,1748,2951,1748,2951,0,0
2024-06-01 10:00+03:00,60,RWMSC6/MSCServerFunction:RWMSC6,Reliable,0.0,0,0,0,0,0,0
2024-06-01 11:00+03:00,60,BUMSC5/MSCServerFunction:BUMSC5,Reliable,55.663000000000004,1848,3320,1848,3320,0,0
2024-06-01 11:00+03:00,60,RWMSC6/MSCServerFunction:RWMSC6,Reliable,50.0,2,4,0,0,2,4
2024-06-01 12:00+03:00,60,BUMSC5/MSCServerFunction:BUMSC5,Reliable,53.955,1644,3047,1644,3047,0,0
2024-06-01 12:00+03:00,60,RWMSC6/MSCServerFunction:RWMSC6,Reliable,0.0,0,1,0,0,0,1
2024-06-01 13:00+03:00,60,BUMSC5/MSCServerFunction:BUMSC5,Reliable,57.773999999999994,1921,3325,1921,3325,0,0
2024-06-01 13:00+03:00,60,RWMSC6/MSCServerFunction:RWMSC6,Reliable,100.0,4,4,0,0,4,4
2024-06-01 14:00+03:00,60,BUMSC5/MSCServerFunction:BUMSC5,Reliable,56.832,1801,3169,1801,3169,0,0
2024-06-01 14:00+03:00,60,RWMSC6/MSCServerFunction:RWMSC6,Reliable,0.0,0,1,0,1,0,0
2024-06-01 15:00+03:00,60,BUMSC5/MSCServerFunction:BUMSC5,Reliable,55.633,1679,3018,1678,3015,1,3
2024-06-01 15:00+03:00,60,RWMSC6/MSCServerFunction:RWMSC6,Reliable,33.333,2,6,1,1,1,5
2024-06-01 16:00+03:00,60,BUMSC5/MSCServerFunction:BUMSC5,Reliable,54.306000000000004,1570,2891,1570,2891,0,0
2024-06-01 16:00+03:00,60,RWMSC6/MSCServerFunction:RWMSC6,Reliable,45.0,9,20,3,3,6,17
2024-06-01 17:00+03:00,60,BUMSC5/MSCServerFunction:BUMSC5,Reliable,51.041000000000004,1495,2929,1495,2929,0,0
2024-06-01 17:00+03:00,60,RWMSC6/MSCServerFunction:RWMSC6,Reliable,0.0,0,0,0,0,0,0
2024-06-01 18:00+03:00,60,BUMSC5/MSCServerFunction:BUMSC5,Reliable,54.918,1569,2857,1569,2857,0,0
2024-06-01 18:00+03:00,60,RWMSC6/MSCServerFunction:RWMSC6,Reliable,0.0,0,8,0,0,0,8
2024-06-01 19:00+03:00,60,BUMSC5/MSCServerFunction:BUMSC5,Reliable,51.176,1392,2720,1391,2718,1,2
2024-06-01 19:00+03:00,60,RWMSC6/MSCServerFunction:RWMSC6,Reliable,0.0,0,0,0,0,0,0
2024-06-01 20:00+03:00,60,BUMSC5/MSCServerFunction:BUMSC5,Reliable,53.478,1184,2214,1184,2214,0,0
2024-06-01 20:00+03:00,60,RWMSC6/MSCServerFunction:RWMSC6,Reliable,0.0,0,0,0,0,0,0
2024-06-01 21:00+03:00,60,BUMSC5/MSCServerFunction:BUMSC5,Reliable,52.082,1038,1993,1038,1993,0,0
2024-06-01 21:00+03:00,60,RWMSC6/MSCServerFunction:RWMSC6,Reliable,0.0,0,0,0,0,0,0
2024-06-01 22:00+03:00,60,BUMSC5/MSCServerFunction:BUMSC5,Reliable,50.104,724,1445,724,1445,0,0
2024-06-01 22:00+03:00,60,RWMSC6/MSCServerFunction:RWMSC6,Reliable,0.0,0,0,0,0,0,0
2024-06-01 23:00+03:00,60,BUMSC5/MSCServerFunction:BUMSC5,Reliable,46.119,410,889,410,889,0,0
2024-06-01 23:00+03:00,60,RWMSC6/MSCServerFunction:RWMSC6,Reliable,0.0,0,0,0,0,0,0
