Result Time,Granularity Period,Object Name,Reliability,BSS Trunk Overflow Times,Call Attempts,Common Resource Application Failures,SCR_2G_3G_DENOM,SCR_2G_3G_KPI,SCR_2G_3G_NOM,Temporary Error,Termination Application Failures
2024-06-01 00:00+03:00,60,"AHMSC3/Local Zone of caller:LABEL=0, STATICAREAX=0",Reliable,0,170472,0,264698,99.43,263190,449,834
2024-06-01 00:00+03:00,60,"BUMSC1/Local Zone of caller:LABEL=0, STATICAREAX=0",Reliable,0,167728,0,262140,99.711,261382,457,19
2024-06-01 00:00+03:00,60,"BUMSC2/Local Zone of caller:LABEL=0, STATICAREAX=0",Reliable,0,170126,0,264199,99.74700000000001,263530,393,26
2024-06-01 00:00+03:00,60,"AHMSC4/Local Zone of caller:LABEL=0, STATICAREAX=0",Reliable,0,168800,0,263328,99.742,262648,379,25
2024-06-01 01:00+03:00,60,"AHMSC3/Local Zone of caller:LABEL=0, STATICAREAX=0",Reliable,0,80719,0,124114,99.185,123103,125,783
2024-06-01 01:00+03:00,60,"BUMSC1/Local Zone of caller:LABEL=0, STATICAREAX=0",Reliable,0,78857,0,121597,99.795,121348,166,6
2024-06-01 01:00+03:00,60,"BUMSC2/Local Zone of caller:LABEL=0, STATICAREAX=0",Reliable,0,79357,0,122103,99.79,121846,137,4
2024-06-01 01:00+03:00,60,"AHMSC4/Local Zone of caller:LABEL=0, STATICAREAX=0",Reliable,0,77937,0,121363,99.773,121087,168,8
2024-06-01 02:00+03:00,60,"AHMSC3/Local Zone of caller:LABEL=0, STATICAREAX=0",Reliable,0,51017,0,76928,98.751,75967,91,811
2024-06-01 02:00+03:00,60,"BUMSC1/Local Zone of caller:LABEL=0, STATICAREAX=0",Reliable,0,49742,0,75222,99.818,75085,84,1
2024-06-01 02:00+03:00,60,"BUMSC2/Local Zone of caller:LABEL=0, STATICAREAX=0",Reliable,0,50756,0,76294,99.78399999999999,76129,91,4
2024-06-01 02:00+03:00,60,"AHMSC4/Local Zone of caller:LABEL=0, STATICAREAX=0",Reliable,0,50927,0,76956,99.809,76809,90,6
2024-06-01 03:00+03:00,60,"AHMSC3/Local Zone of caller:LABEL=0, STATICAREAX=0",Reliable,0,43105,0,63676,98.635,62807,82,746
2024-06-01 03:00+03:00,60,"BUMSC1/Local Zone of caller:LABEL=0, STATICAREAX=0",Reliable,0,42780,0,63401,99.836,63297,64,4
2024-06-01 03:00+03:00,60,"BUMSC2/Local Zone of caller:LABEL=0, STATICAREAX=0",Reliable,0,41317,0,62089,99.81,61971,73,3
2024-06-01 03:00+03:00,60,"AHMSC4/Local Zone of caller:LABEL=0, STATICAREAX=0",Reliable,0,42157,0,63323,99.82600000000001,63213,76,1
2024-06-01 04:00+03:00,60,"AHMSC3/Local Zone of caller:LABEL=0, STATICAREAX=0",Reliable,0,44347,0,65312,98.602,64399,67,803
2024-06-01 04:00+03:00,60,"BUMSC1/Local Zone of caller:LABEL=0, STATICAREAX=0",Reliable,0,42418,0,63830,99.81700000000001,63713,68,0
2024-06-01 04:00+03:00,60,"BUMSC2/Local Zone of caller:LABEL=0, STATICAREAX=0",Reliable,0,43347,0,64747,99.859,64656,65,1
2024-06-01 04:00+03:00,60,"AHMSC4/Local Zone of caller:LABEL=0, STATICAREAX=0",Reliable,0,43666,0,65268,99.807,65142,86,0
2024-06-01 05:00+03:00,60,"AHMSC3/Local Zone of caller:LABEL=0, STATICAREAX=0",Reliable,0,86141,0,123271,99.262,122361,126,734
2024-06-01 05:00+03:00,60,"BUMSC1/Local Zone of caller:LABEL=0, STATICAREAX=0",Reliable,0,84535,0,121975,99.829,121766,143,2
2024-06-01 05:00+03:00,60,"BUMSC2/Local Zone of caller:LABEL=0, STATICAREAX=0",Reliable,0,86840,0,124702,99.82600000000001,124485,146,6
2024-06-01 05:00+03:00,60,"AHMSC4/Local Zone of caller:LABEL=0, STATICAREAX=0",Reliable,0,84528,0,122529,99.79700000000001,122280,131,5
2024-06-01 06:00+03:00,60,"AHMSC3/Local Zone of caller:LABEL=0, STATICAREAX=0",Reliable,0,356387,0,491863,99.62,489995,683,862
2024-06-01 06:00+03:00,60,"BUMSC1/Local Zone of caller:LABEL=0, STATICAREAX=0",Reliable,0,354253,0,490928,99.789,489894,742,28
2024-06-01 06:00+03:00,60,"BUMSC2/Local Zone of caller:LABEL=0, STATICAREAX=0",Reliable,0,356638,0,493784,99.79,492749,713,29
2024-06-01 06:00+03:00,60,"AHMSC4/Local Zone of caller:LABEL=0, STATICAREAX=0",Reliable,0,354189,0,490956,99.79899999999999,489970,657,20
2024-06-01 07:00+03:00,60,"AHMSC3/Local Zone of caller:LABEL=0, STATICAREAX=0",Reliable,0,795912,0,1153520,99.66799999999999,1149694,1939,944
2024-06-01 07:00+03:00,60,"BUMSC1/Local Zone of caller:LABEL=0, STATICAREAX=0",Reliable,0,792015,0,1152386,99.75200000000001,1149531,1906,60
2024-06-01 07:00+03:00,60,"BUMSC2/Local Zone of caller:LABEL=0, STATICAREAX=0",Reliable,0,794673,0,1157170,99.762,1154418,1808,71
2024-06-01 07:00+03:00,60,"AHMSC4/Local Zone of caller:LABEL=0, STATICAREAX=0",Reliable,0,793609,0,1153122,99.74700000000001,1150203,1953,49
2024-06-01 08:00+03:00,60,"AHMSC3/Local Zone of caller:LABEL=0, STATICAREAX=0",Reliable,0,958458,0,1471808,99.664,1466865,2563,955
2024-06-01 08:00+03:00,60,"BUMSC1/Local Zone of caller:LABEL=0, STATICAREAX=0",Reliable,0,956889,0,1469813,99.73,1465839,2433,108
2024-06-01 08:00+03:00,60,"BUMSC2/Local Zone of caller:LABEL=0, STATICAREAX=0",Reliable,0,953914,0,1467820,99.729,1463842,2417,83
2024-06-01 08:00+03:00,60,"AHMSC4/Local Zone of caller:LABEL=0, STATICAREAX=0",Reliable,0,958716,0,1474955,99.71799999999999,1470802,2505,84
2024-06-01 09:00+03:00,60,"AHMSC3/Local Zone of caller:LABEL=0, STATICAREAX=0",Reliable,0,1034866,0,1635882,99.65,1630158,3001,762
2024-06-01 09:00+03:00,60,"BUMSC1/Local Zone of caller:LABEL=0, STATICAREAX=0",Reliable,0,1028175,0,1629263,99.708,1624501,2773,100
2024-06-01 09:00+03:00,60,"BUMSC2/Local Zone of caller:LABEL=0, STATICAREAX=0",Reliable,0,1027442,0,1628603,99.72,1624046,2680,88
2024-06-01 09:00+03:00,60,"AHMSC4/Local Zone of caller:LABEL=0, STATICAREAX=0",Reliable,0,1032439,0,1630249,99.704,1625424,2890,99
2024-06-01 10:00+03:00,60,"AHMSC3/Local Zone of caller:LABEL=0, STATICAREAX=0",Reliable,0,1083636,0,1719585,99.678,1714047,3005,507
2024-06-01 10:00+03:00,60,"BUMSC1/Local Zone of caller:LABEL=0, STATICAREAX=0",Reliable,0,1078496,0,1716575,99.709,1711578,2861,91
2024-06-01 10:00+03:00,60,"BUMSC2/Local Zone of caller:LABEL=0, STATICAREAX=0",Reliable,0,1085360,0,1722347,99.699,1717166,2980,114
2024-06-01 10:00+03:00,60,"AHMSC4/Local Zone of caller:LABEL=0, STATICAREAX=0",Reliable,0,1083513,0,1720633,99.695,1715384,3111,132
2024-06-01 11:00+03:00,60,"AHMSC3/Local Zone of caller:LABEL=0, STATICAREAX=0",Reliable,0,1096357,0,1730699,99.64399999999999,1724541,3236,742
2024-06-01 11:00+03:00,60,"BUMSC1/Local Zone of caller:LABEL=0, STATICAREAX=0",Reliable,0,1089147,0,1726933,99.699,1721739,2899,127
2024-06-01 11:00+03:00,60,"BUMSC2/Local Zone of caller:LABEL=0, STATICAREAX=0",Reliable,0,1094155,0,1735673,99.69,1730293,3076,100
2024-06-01 11:00+03:00,60,"AHMSC4/Local Zone of caller:LABEL=0, STATICAREAX=0",Reliable,0,1090948,0,1726620,99.698,1721397,2903,114
2024-06-01 12:00+03:00,60,"AHMSC3/Local Zone of caller:LABEL=0, STATICAREAX=0",Reliable,0,1106805,0,1737643,99.652,1731603,3114,828
2024-06-01 12:00+03:00,60,"BUMSC1/Local Zone of caller:LABEL=0, STATICAREAX=0",Reliable,0,1098307,0,1729844,99.705,1724734,2950,125
2024-06-01 12:00+03:00,60,"BUMSC2/Local Zone of caller:LABEL=0, STATICAREAX=0",Reliable,0,1107077,0,1738205,99.69,1732824,3110,93
2024-06-01 12:00+03:00,60,"AHMSC4/Local Zone of caller:LABEL=0, STATICAREAX=0",Reliable,0,1106050,0,1736715,99.696,1731433,3032,120
2024-06-01 13:00+03:00,60,"AHMSC3/Local Zone of caller:LABEL=0, STATICAREAX=0",Reliable,0,1111587,0,1738578,99.619,1731956,3362,901
2024-06-01 13:00+03:00,60,"BUMSC1/Local Zone of caller:LABEL=0, STATICAREAX=0",Reliable,0,1104612,0,1735365,99.669,1729619,3255,121
2024-06-01 13:00+03:00,60,"BUMSC2/Local Zone of caller:LABEL=0, STATICAREAX=0",Reliable,0,1109843,0,1738179,99.67299999999999,1732490,3234,102
2024-06-01 13:00+03:00,60,"AHMSC4/Local Zone of caller:LABEL=0, STATICAREAX=0",Reliable,0,1117051,0,1743449,99.669,1737677,3148,104
2024-06-01 14:00+03:00,60,"AHMSC3/Local Zone of caller:LABEL=0, STATICAREAX=0",Reliable,0,1128182,0,1746656,99.641,1740390,3331,622
2024-06-01 14:00+03:00,60,"BUMSC1/Local Zone of caller:LABEL=0, STATICAREAX=0",Reliable,0,1121132,0,1741808,99.663,1735946,3462,110
2024-06-01 14:00+03:00,60,"BUMSC2/Local Zone of caller:LABEL=0, STATICAREAX=0",Reliable,0,1123696,0,1744366,99.65899999999999,1738412,3538,137
2024-06-01 14:00+03:00,60,"AHMSC4/Local Zone of caller:LABEL=0, STATICAREAX=0",Reliable,0,1127276,0,1745839,99.664,1739976,3461,133
2024-06-01 15:00+03:00,60,"AHMSC3/Local Zone of caller:LABEL=0, STATICAREAX=0",Reliable,0,1133479,0,1733112,99.60700000000001,1726293,3664,678
2024-06-01 15:00+03:00,60,"BUMSC1/Local Zone of caller:LABEL=0, STATICAREAX=0",Reliable,0,1123004,0,1723894,99.633,1717563,3706,137
2024-06-01 15:00+03:00,60,"BUMSC2/Local Zone of caller:LABEL=0, STATICAREAX=0",Reliable,0,1134397,0,1733564,99.64200000000001,1727364,3574,129
2024-06-01 15:00+03:00,60,"AHMSC4/Local Zone of caller:LABEL=0, STATICAREAX=0",Reliable,0,1128010,0,1727884,99.634,1721562,3643,121
2024-06-01 16:00+03:00,60,"AHMSC3/Local Zone of caller:LABEL=0, STATICAREAX=0",Reliable,0,1156801,0,1756681,99.62299999999999,1750065,3576,622
2024-06-01 16:00+03:00,60,"BUMSC1/Local Zone of caller:LABEL=0, STATICAREAX=0",Reliable,0,1145362,0,1745095,99.646,1738913,3580,119
2024-06-01 16:00+03:00,60,"BUMSC2/Local Zone of caller:LABEL=0, STATICAREAX=0",Reliable,0,1156093,0,1757461,99.667,1751614,3369,123
2024-06-01 16:00+03:00,60,"AHMSC4/Local Zone of caller:LABEL=0, STATICAREAX=0",Reliable,0,1156466,0,1754582,99.64299999999999,1748312,3648,126
2024-06-01 17:00+03:00,60,"AHMSC3/Local Zone of caller:LABEL=0, STATICAREAX=0",Reliable,0,1218824,0,1847754,99.57700000000001,1839941,4115,741
2024-06-01 17:00+03:00,60,"BUMSC1/Local Zone of caller:LABEL=0, STATICAREAX=0",Reliable,0,1206606,0,1838836,99.609,1831645,4151,123
2024-06-01 17:00+03:00,60,"BUMSC2/Local Zone of caller:LABEL=0, STATICAREAX=0",Reliable,0,1220708,0,1849425,99.604,1842108,4254,157
2024-06-01 17:00+03:00,60,"AHMSC4/Local Zone of caller:LABEL=0, STATICAREAX=0",Reliable,0,1217227,0,1841957,99.605,1834676,4224,117
2024-06-01 18:00+03:00,60,"AHMSC3/Local Zone of caller:LABEL=0, STATICAREAX=0",Reliable,0,1321598,0,1987573,99.618,1979987,4279,526
2024-06-01 18:00+03:00,60,"BUMSC1/Local Zone of caller:LABEL=0, STATICAREAX=0",Reliable,0,1318480,0,1985566,99.649,1978594,4144,151
2024-06-01 18:00+03:00,60,"BUMSC2/Local Zone of caller:LABEL=0, STATICAREAX=0",Reliable,0,1326985,0,1994119,99.645,1987046,4234,134
2024-06-01 18:00+03:00,60,"AHMSC4/Local Zone of caller:LABEL=0, STATICAREAX=0",Reliable,0,1321930,0,1985580,99.64200000000001,1978475,4330,171
2024-06-01 19:00+03:00,60,"AHMSC3/Local Zone of caller:LABEL=0, STATICAREAX=0",Reliable,0,1701955,0,2474486,99.581,2464123,5968,972
2024-06-01 19:00+03:00,60,"BUMSC1/Local Zone of caller:LABEL=0, STATICAREAX=0",Reliable,0,1694061,0,2468594,99.617,2459139,5946,223
2024-06-01 19:00+03:00,60,"BUMSC2/Local Zone of caller:LABEL=0, STATICAREAX=0",Reliable,0,1712460,0,2486187,99.625,2476852,5850,182
2024-06-01 19:00+03:00,60,"AHMSC4/Local Zone of caller:LABEL=0, STATICAREAX=0",Reliable,0,1704408,0,2474866,99.61200000000001,2465262,6021,208
2024-06-01 20:00+03:00,60,"AHMSC3/Local Zone of caller:LABEL=0, STATICAREAX=0",Reliable,0,1639846,0,2346526,99.552,2336025,6415,664
2024-06-01 20:00+03:00,60,"BUMSC1/Local Zone of caller:LABEL=0, STATICAREAX=0",Reliable,0,1627083,0,2336031,99.588,2326411,6152,187
2024-06-01 20:00+03:00,60,"BUMSC2/Local Zone of caller:LABEL=0, STATICAREAX=0",Reliable,0,1644504,0,2351638,99.602,2342269,5933,164
2024-06-01 20:00+03:00,60,"AHMSC4/Local Zone of caller:LABEL=0, STATICAREAX=0",Reliable,0,1634898,0,2341083,99.581,2331272,6317,197
2024-06-01 21:00+03:00,60,"AHMSC3/Local Zone of caller:LABEL=0, STATICAREAX=0",Reliable,0,1267219,0,1836670,99.55799999999999,1828546,4697,838
2024-06-01 21:00+03:00,60,"BUMSC1/Local Zone of caller:LABEL=0, STATICAREAX=0",Reliable,0,1257268,0,1827357,99.61200000000001,1820260,4493,95
2024-06-01 21:00+03:00,60,"BUMSC2/Local Zone of caller:LABEL=0, STATICAREAX=0",Reliable,0,1268945,0,1843454,99.6,1836081,4736,119
2024-06-01 21:00+03:00,60,"AHMSC4/Local Zone of caller:LABEL=0, STATICAREAX=0",Reliable,0,1260104,0,1830220,99.60600000000001,1823006,4556,98
2024-06-01 22:00+03:00,60,"AHMSC3/Local Zone of caller:LABEL=0, STATICAREAX=0",Reliable,0,819642,0,1216452,99.545,1210918,2763,959
2024-06-01 22:00+03:00,60,"BUMSC1/Local Zone of caller:LABEL=0, STATICAREAX=0",Reliable,0,807860,0,1207440,99.625,1202911,2683,120
2024-06-01 22:00+03:00,60,"BUMSC2/Local Zone of caller:LABEL=0, STATICAREAX=0",Reliable,0,820282,0,1218781,99.63,1214274,2723,134
2024-06-01 22:00+03:00,60,"AHMSC4/Local Zone of caller:LABEL=0, STATICAREAX=0",Reliable,0,813484,0,1208306,99.604,1203523,2979,106
2024-06-01 23:00+03:00,60,"AHMSC3/Local Zone of caller:LABEL=0, STATICAREAX=0",Reliable,0,379012,0,582942,99.47200000000001,579862,1304,877
2024-06-01 23:00+03:00,60,"BUMSC1/Local Zone of caller:LABEL=0, STATICAREAX=0",Reliable,0,373604,0,578125,99.61200000000001,575883,1285,62
2024-06-01 23:00+03:00,60,"BUMSC2/Local Zone of caller:LABEL=0, STATICAREAX=0",Reliable,0,382413,0,586529,99.625,584329,1361,30
2024-06-01 23:00+03:00,60,"AHMSC4/Local Zone of caller:LABEL=0, STATICAREAX=0",Reliable,0,376037,0,578509,99.632,576379,1213,57
