Result Time,Granularity Period,Object Name,Reliability,Peak Licensed Traffic
2024-06-01 00:00+03:00,60,AHMGW2/MGWFunction:AHMGW2,Reliable,12966
2024-06-01 00:00+03:00,60,AHMGW3/MGWFunction:AHMGW3,Reliable,10571
2024-06-01 00:00+03:00,60,BUMGW9/MGWFunction:BUMGW9,Reliable,11389
2024-06-01 00:00+03:00,60,MBMGW6/MGWFunction:MBMGW6,Reliable,6024
2024-06-01 00:00+03:00,60,RWMGW10/MGWFunction:RWMGW10,Reliable,3057
2024-06-01 00:00+03:00,60,RWMGW4/MGWFunction:RWMGW4,Reliable,2292
2024-06-01 00:00+03:00,60,AHMGW11/MGWFunction:AHMGW11,Reliable,12943
2024-06-01 01:00+03:00,60,AHMGW2/MGWFunction:AHMGW2,Reliable,5131
2024-06-01 01:00+03:00,60,AHMGW3/MGWFunction:AHMGW3,Reliable,4146
2024-06-01 01:00+03:00,60,BUMGW9/MGWFunction:BUMGW9,Reliable,4418
2024-06-01 01:00+03:00,60,MBMGW6/MGWFunction:MBMGW6,Reliable,1950
2024-06-01 01:00+03:00,60,RWMGW10/MGWFunction:RWMGW10,Reliable,1206
2024-06-01 01:00+03:00,60,RWMGW4/MGWFunction:RWMGW4,Reliable,929
2024-06-01 01:00+03:00,60,AHMGW11/MGWFunction:AHMGW11,Reliable,5138
2024-06-01 02:00+03:00,60,AHMGW2/MGWFunction:AHMGW2,Reliable,2092
2024-06-01 02:00+03:00,60,AHMGW3/MGWFunction:AHMGW3,Reliable,1686
2024-06-01 02:00+03:00,60,BUMGW9/MGWFunction:BUMGW9,Reliable,1841
2024-06-01 02:00+03:00,60,MBMGW6/MGWFunction:MBMGW6,Reliable,894
2024-06-01 02:00+03:00,60,RWMGW10/MGWFunction:RWMGW10,Reliable,558
2024-06-01 02:00+03:00,60,RWMGW4/MGWFunction:RWMGW4,Reliable,415
2024-06-01 02:00+03:00,60,AHMGW11/MGWFunction:AHMGW11,Reliable,2123
2024-06-01 03:00+03:00,60,AHMGW2/MGWFunction:AHMGW2,Reliable,1291
2024-06-01 03:00+03:00,60,AHMGW3/MGWFunction:AHMGW3,Reliable,1035
2024-06-01 03:00+03:00,60,BUMGW9/MGWFunction:BUMGW9,Reliable,1150
2024-06-01 03:00+03:00,60,MBMGW6/MGWFunction:MBMGW6,Reliable,622
2024-06-01 03:00+03:00,60,RWMGW10/MGWFunction:RWMGW10,Reliable,355
2024-06-01 03:00+03:00,60,RWMGW4/MGWFunction:RWMGW4,Reliable,253
2024-06-01 03:00+03:00,60,AHMGW11/MGWFunction:AHMGW11,Reliable,1227
2024-06-01 04:00+03:00,60,AHMGW2/MGWFunction:AHMGW2,Reliable,1102
2024-06-01 04:00+03:00,60,AHMGW3/MGWFunction:AHMGW3,Reliable,912
2024-06-01 04:00+03:00,60,BUMGW9/MGWFunction:BUMGW9,Reliable,1021
2024-06-01 04:00+03:00,60,MBMGW6/MGWFunction:MBMGW6,Reliable,833
2024-06-01 04:00+03:00,60,RWMGW10/MGWFunction:RWMGW10,Reliable,319
2024-06-01 04:00+03:00,60,RWMGW4/MGWFunction:RWMGW4,Reliable,231
2024-06-01 04:00+03:00,60,AHMGW11/MGWFunction:AHMGW11,Reliable,960
2024-06-01 05:00+03:00,60,AHMGW2/MGWFunction:AHMGW2,Reliable,2555
2024-06-01 05:00+03:00,60,AHMGW3/MGWFunction:AHMGW3,Reliable,2040
2024-06-01 05:00+03:00,60,BUMGW9/MGWFunction:BUMGW9,Reliable,2206
2024-06-01 05:00+03:00,60,MBMGW6/MGWFunction:MBMGW6,Reliable,2523
2024-06-01 05:00+03:00,60,RWMGW10/MGWFunction:RWMGW10,Reliable,756
2024-06-01 05:00+03:00,60,RWMGW4/MGWFunction:RWMGW4,Reliable,587
2024-06-01 05:00+03:00,60,AHMGW11/MGWFunction:AHMGW11,Reliable,2281
2024-06-01 06:00+03:00,60,AHMGW2/MGWFunction:AHMGW2,Reliable,12355
2024-06-01 06:00+03:00,60,AHMGW3/MGWFunction:AHMGW3,Reliable,9521
2024-06-01 06:00+03:00,60,BUMGW9/MGWFunction:BUMGW9,Reliable,10142
2024-06-01 06:00+03:00,60,MBMGW6/MGWFunction:MBMGW6,Reliable,10424
2024-06-01 06:00+03:00,60,RWMGW10/MGWFunction:RWMGW10,Reliable,4191
2024-06-01 06:00+03:00,60,RWMGW4/MGWFunction:RWMGW4,Reliable,3373
2024-06-01 06:00+03:00,60,AHMGW11/MGWFunction:AHMGW11,Reliable,10316
2024-06-01 07:00+03:00,60,AHMGW2/MGWFunction:AHMGW2,Reliable,22293
2024-06-01 07:00+03:00,60,AHMGW3/MGWFunction:AHMGW3,Reliable,18587
2024-06-01 07:00+03:00,60,BUMGW9/MGWFunction:BUMGW9,Reliable,19345
2024-06-01 07:00+03:00,60,MBMGW6/MGWFunction:MBMGW6,Reliable,14856
2024-06-01 07:00+03:00,60,RWMGW10/MGWFunction:RWMGW10,Reliable,7068
2024-06-01 07:00+03:00,60,RWMGW4/MGWFunction:RWMGW4,Reliable,5586
2024-06-01 07:00+03:00,60,AHMGW11/MGWFunction:AHMGW11,Reliable,20078
2024-06-01 08:00+03:00,60,AHMGW2/MGWFunction:AHMGW2,Reliable,26219
2024-06-01 08:00+03:00,60,AHMGW3/MGWFunction:AHMGW3,Reliable,22934
2024-06-01 08:00+03:00,60,BUMGW9/MGWFunction:BUMGW9,Reliable,24281
2024-06-01 08:00+03:00,60,MBMGW6/MGWFunction:MBMGW6,Reliable,16120
2024-06-01 08:00+03:00,60,RWMGW10/MGWFunction:RWMGW10,Reliable,7991
2024-06-01 08:00+03:00,60,RWMGW4/MGWFunction:RWMGW4,Reliable,6107
2024-06-01 08:00+03:00,60,AHMGW11/MGWFunction:AHMGW11,Reliable,24389
2024-06-01 09:00+03:00,60,AHMGW2/MGWFunction:AHMGW2,Reliable,28352
2024-06-01 09:00+03:00,60,AHMGW3/MGWFunction:AHMGW3,Reliable,24852
2024-06-01 09:00+03:00,60,BUMGW9/MGWFunction:BUMGW9,Reliable,28153
2024-06-01 09:00+03:00,60,MBMGW6/MGWFunction:MBMGW6,Reliable,16549
2024-06-01 09:00+03:00,60,RWMGW10/MGWFunction:RWMGW10,Reliable,8023
2024-06-01 09:00+03:00,60,RWMGW4/MGWFunction:RWMGW4,Reliable,6255
2024-06-01 09:00+03:00,60,AHMGW11/MGWFunction:AHMGW11,Reliable,26872
2024-06-01 10:00+03:00,60,AHMGW2/MGWFunction:AHMGW2,Reliable,29634
2024-06-01 10:00+03:00,60,AHMGW3/MGWFunction:AHMGW3,Reliable,25329
2024-06-01 10:00+03:00,60,BUMGW9/MGWFunction:BUMGW9,Reliable,29310
2024-06-01 10:00+03:00,60,MBMGW6/MGWFunction:MBMGW6,Reliable,17327
2024-06-01 10:00+03:00,60,RWMGW10/MGWFunction:RWMGW10,Reliable,8135
2024-06-01 10:00+03:00,60,RWMGW4/MGWFunction:RWMGW4,Reliable,6230
2024-06-01 10:00+03:00,60,AHMGW11/MGWFunction:AHMGW11,Reliable,27677
2024-06-01 11:00+03:00,60,AHMGW2/MGWFunction:AHMGW2,Reliable,29173
2024-06-01 11:00+03:00,60,AHMGW3/MGWFunction:AHMGW3,Reliable,25321
2024-06-01 11:00+03:00,60,BUMGW9/MGWFunction:BUMGW9,Reliable,29499
2024-06-01 11:00+03:00,60,MBMGW6/MGWFunction:MBMGW6,Reliable,17566
2024-06-01 11:00+03:00,60,RWMGW10/MGWFunction:RWMGW10,Reliable,8048
2024-06-01 11:00+03:00,60,RWMGW4/MGWFunction:RWMGW4,Reliable,6086
2024-06-01 11:00+03:00,60,AHMGW11/MGWFunction:AHMGW11,Reliable,27171
2024-06-01 12:00+03:00,60,AHMGW2/MGWFunction:AHMGW2,Reliable,29018
2024-06-01 12:00+03:00,60,AHMGW3/MGWFunction:AHMGW3,Reliable,25133
2024-06-01 12:00+03:00,60,BUMGW9/MGWFunction:BUMGW9,Reliable,29427
2024-06-01 12:00+03:00,60,MBMGW6/MGWFunction:MBMGW6,Reliable,17380
2024-06-01 12:00+03:00,60,RWMGW10/MGWFunction:RWMGW10,Reliable,7957
2024-06-01 12:00+03:00,60,RWMGW4/MGWFunction:RWMGW4,Reliable,6034
2024-06-01 12:00+03:00,60,AHMGW11/MGWFunction:AHMGW11,Reliable,26655
2024-06-01 13:00+03:00,60,AHMGW2/MGWFunction:AHMGW2,Reliable,28173
2024-06-01 13:00+03:00,60,AHMGW3/MGWFunction:AHMGW3,Reliable,24597
2024-06-01 13:00+03:00,60,BUMGW9/MGWFunction:BUMGW9,Reliable,28910
2024-06-01 13:00+03:00,60,MBMGW6/MGWFunction:MBMGW6,Reliable,17010
2024-06-01 13:00+03:00,60,RWMGW10/MGWFunction:RWMGW10,Reliable,7888
2024-06-01 13:00+03:00,60,RWMGW4/MGWFunction:RWMGW4,Reliable,6050
2024-06-01 13:00+03:00,60,AHMGW11/MGWFunction:AHMGW11,Reliable,26263
2024-06-01 14:00+03:00,60,AHMGW2/MGWFunction:AHMGW2,Reliable,27844
2024-06-01 14:00+03:00,60,AHMGW3/MGWFunction:AHMGW3,Reliable,24200
2024-06-01 14:00+03:00,60,BUMGW9/MGWFunction:BUMGW9,Reliable,28390
2024-06-01 14:00+03:00,60,MBMGW6/MGWFunction:MBMGW6,Reliable,17275
2024-06-01 14:00+03:00,60,RWMGW10/MGWFunction:RWMGW10,Reliable,7980
2024-06-01 14:00+03:00,60,RWMGW4/MGWFunction:RWMGW4,Reliable,6168
2024-06-01 14:00+03:00,60,AHMGW11/MGWFunction:AHMGW11,Reliable,25756
2024-06-01 15:00+03:00,60,AHMGW2/MGWFunction:AHMGW2,Reliable,27753
2024-06-01 15:00+03:00,60,AHMGW3/MGWFunction:AHMGW3,Reliable,24009
2024-06-01 15:00+03:00,60,BUMGW9/MGWFunction:BUMGW9,Reliable,28017
2024-06-01 15:00+03:00,60,MBMGW6/MGWFunction:MBMGW6,Reliable,17911
2024-06-01 15:00+03:00,60,RWMGW10/MGWFunction:RWMGW10,Reliable,7934
2024-06-01 15:00+03:00,60,RWMGW4/MGWFunction:RWMGW4,Reliable,6314
2024-06-01 15:00+03:00,60,AHMGW11/MGWFunction:AHMGW11,Reliable,25350
2024-06-01 16:00+03:00,60,AHMGW2/MGWFunction:AHMGW2,Reliable,27909
2024-06-01 16:00+03:00,60,AHMGW3/MGWFunction:AHMGW3,Reliable,23819
2024-06-01 16:00+03:00,60,BUMGW9/MGWFunction:BUMGW9,Reliable,27853
2024-06-01 16:00+03:00,60,MBMGW6/MGWFunction:MBMGW6,Reliable,18746
2024-06-01 16:00+03:00,60,RWMGW10/MGWFunction:RWMGW10,Reliable,8121
2024-06-01 16:00+03:00,60,RWMGW4/MGWFunction:RWMGW4,Reliable,6413
2024-06-01 16:00+03:00,60,AHMGW11/MGWFunction:AHMGW11,Reliable,25679
2024-06-01 17:00+03:00,60,AHMGW2/MGWFunction:AHMGW2,Reliable,29096
2024-06-01 17:00+03:00,60,AHMGW3/MGWFunction:AHMGW3,Reliable,25295
2024-06-01 17:00+03:00,60,BUMGW9/MGWFunction:BUMGW9,Reliable,28749
2024-06-01 17:00+03:00,60,MBMGW6/MGWFunction:MBMGW6,Reliable,20035
2024-06-01 17:00+03:00,60,RWMGW10/MGWFunction:RWMGW10,Reliable,8579
2024-06-01 17:00+03:00,60,RWMGW4/MGWFunction:RWMGW4,Reliable,6718
2024-06-01 17:00+03:00,60,AHMGW11/MGWFunction:AHMGW11,Reliable,26794
2024-06-01 18:00+03:00,60,AHMGW2/MGWFunction:AHMGW2,Reliable,30734
2024-06-01 18:00+03:00,60,AHMGW3/MGWFunction:AHMGW3,Reliable,26770
2024-06-01 18:00+03:00,60,BUMGW9/MGWFunction:BUMGW9,Reliable,29474
2024-06-01 18:00+03:00,60,MBMGW6/MGWFunction:MBMGW6,Reliable,23423
2024-06-01 18:00+03:00,60,RWMGW10/MGWFunction:RWMGW10,Reliable,9300
2024-06-01 18:00+03:00,60,RWMGW4/MGWFunction:RWMGW4,Reliable,7538
2024-06-01 18:00+03:00,60,AHMGW11/MGWFunction:AHMGW11,Reliable,28496
2024-06-01 19:00+03:00,60,AHMGW2/MGWFunction:AHMGW2,Reliable,36816
2024-06-01 19:00+03:00,60,AHMGW3/MGWFunction:AHMGW3,Reliable,32662
2024-06-01 19:00+03:00,60,BUMGW9/MGWFunction:BUMGW9,Reliable,34426
2024-06-01 19:00+03:00,60,MBMGW6/MGWFunction:MBMGW6,Reliable,29342
2024-06-01 19:00+03:00,60,RWMGW10/MGWFunction:RWMGW10,Reliable,11764
2024-06-01 19:00+03:00,60,RWMGW4/MGWFunction:RWMGW4,Reliable,9599
2024-06-01 19:00+03:00,60,AHMGW11/MGWFunction:AHMGW11,Reliable,34404
2024-06-01 20:00+03:00,60,AHMGW2/MGWFunction:AHMGW2,Reliable,36982
2024-06-01 20:00+03:00,60,AHMGW3/MGWFunction:AHMGW3,Reliable,33415
2024-06-01 20:00+03:00,60,BUMGW9/MGWFunction:BUMGW9,Reliable,34114
2024-06-01 20:00+03:00,60,MBMGW6/MGWFunction:MBMGW6,Reliable,30085
2024-06-01 20:00+03:00,60,RWMGW10/MGWFunction:RWMGW10,Reliable,11927
2024-06-01 20:00+03:00,60,RWMGW4/MGWFunction:RWMGW4,Reliable,9703
2024-06-01 20:00+03:00,60,AHMGW11/MGWFunction:AHMGW11,Reliable,34706
2024-06-01 21:00+03:00,60,AHMGW2/MGWFunction:AHMGW2,Reliable,34545
2024-06-01 21:00+03:00,60,AHMGW3/MGWFunction:AHMGW3,Reliable,30859
2024-06-01 21:00+03:00,60,BUMGW9/MGWFunction:BUMGW9,Reliable,31517
2024-06-01 21:00+03:00,60,MBMGW6/MGWFunction:MBMGW6,Reliable,28047
2024-06-01 21:00+03:00,60,RWMGW10/MGWFunction:RWMGW10,Reliable,10930
2024-06-01 21:00+03:00,60,RWMGW4/MGWFunction:RWMGW4,Reliable,8883
2024-06-01 21:00+03:00,60,AHMGW11/MGWFunction:AHMGW11,Reliable,32489
2024-06-01 22:00+03:00,60,AHMGW2/MGWFunction:AHMGW2,Reliable,29048
2024-06-01 22:00+03:00,60,AHMGW3/MGWFunction:AHMGW3,Reliable,24648
2024-06-01 22:00+03:00,60,BUMGW9/MGWFunction:BUMGW9,Reliable,25203
2024-06-01 22:00+03:00,60,MBMGW6/MGWFunction:MBMGW6,Reliable,21396
2024-06-01 22:00+03:00,60,RWMGW10/MGWFunction:RWMGW10,Reliable,7944
2024-06-01 22:00+03:00,60,RWMGW4/MGWFunction:RWMGW4,Reliable,6573
2024-06-01 22:00+03:00,60,AHMGW11/MGWFunction:AHMGW11,Reliable,25877
2024-06-01 23:00+03:00,60,AHMGW2/MGWFunction:AHMGW2,Reliable,22915
2024-06-01 23:00+03:00,60,AHMGW3/MGWFunction:AHMGW3,Reliable,19066
2024-06-01 23:00+03:00,60,BUMGW9/MGWFunction:BUMGW9,Reliable,19960
2024-06-01 23:00+03:00,60,MBMGW6/MGWFunction:MBMGW6,Reliable,15321
2024-06-01 23:00+03:00,60,RWMGW10/MGWFunction:RWMGW10,Reliable,6039
2024-06-01 23:00+03:00,60,RWMGW4/MGWFunction:RWMGW4,Reliable,4641
2024-06-01 23:00+03:00,60,AHMGW11/MGWFunction:AHMGW11,Reliable,21160
2024-06-01 00:00+03:00,60,LRMGW12/MGWFunction:LRMGW12,Reliable,1795
2024-06-01 00:00+03:00,60,FPMGW13/MGWFunction:FPMGW13,Reliable,5008
2024-06-01 01:00+03:00,60,LRMGW12/MGWFunction:LRMGW12,Reliable,606
2024-06-01 01:00+03:00,60,FPMGW13/MGWFunction:FPMGW13,Reliable,2026
2024-06-01 02:00+03:00,60,LRMGW12/MGWFunction:LRMGW12,Reliable,279
2024-06-01 02:00+03:00,60,FPMGW13/MGWFunction:FPMGW13,Reliable,945
2024-06-01 03:00+03:00,60,LRMGW12/MGWFunction:LRMGW12,Reliable,192
2024-06-01 03:00+03:00,60,FPMGW13/MGWFunction:FPMGW13,Reliable,574
2024-06-01 04:00+03:00,60,LRMGW12/MGWFunction:LRMGW12,Reliable,227
2024-06-01 04:00+03:00,60,FPMGW13/MGWFunction:FPMGW13,Reliable,503
2024-06-01 05:00+03:00,60,LRMGW12/MGWFunction:LRMGW12,Reliable,775
2024-06-01 05:00+03:00,60,FPMGW13/MGWFunction:FPMGW13,Reliable,1241
2024-06-01 06:00+03:00,60,LRMGW12/MGWFunction:LRMGW12,Reliable,3199
2024-06-01 06:00+03:00,60,FPMGW13/MGWFunction:FPMGW13,Reliable,7510
2024-06-01 07:00+03:00,60,LRMGW12/MGWFunction:LRMGW12,Reliable,4397
2024-06-01 07:00+03:00,60,FPMGW13/MGWFunction:FPMGW13,Reliable,11964
2024-06-01 08:00+03:00,60,LRMGW12/MGWFunction:LRMGW12,Reliable,4680
2024-06-01 08:00+03:00,60,FPMGW13/MGWFunction:FPMGW13,Reliable,12779
2024-06-01 09:00+03:00,60,LRMGW12/MGWFunction:LRMGW12,Reliable,4931
2024-06-01 09:00+03:00,60,FPMGW13/MGWFunction:FPMGW13,Reliable,12832
2024-06-01 10:00+03:00,60,LRMGW12/MGWFunction:LRMGW12,Reliable,4962
2024-06-01 10:00+03:00,60,FPMGW13/MGWFunction:FPMGW13,Reliable,12800
2024-06-01 11:00+03:00,60,LRMGW12/MGWFunction:LRMGW12,Reliable,5044
2024-06-01 11:00+03:00,60,FPMGW13/MGWFunction:FPMGW13,Reliable,12349
2024-06-01 12:00+03:00,60,LRMGW12/MGWFunction:LRMGW12,Reliable,5125
2024-06-01 12:00+03:00,60,FPMGW13/MGWFunction:FPMGW13,Reliable,12276
2024-06-01 13:00+03:00,60,LRMGW12/MGWFunction:LRMGW12,Reliable,4985
2024-06-01 13:00+03:00,60,FPMGW13/MGWFunction:FPMGW13,Reliable,12222
2024-06-01 14:00+03:00,60,LRMGW12/MGWFunction:LRMGW12,Reliable,5059
2024-06-01 14:00+03:00,60,FPMGW13/MGWFunction:FPMGW13,Reliable,12659
2024-06-01 15:00+03:00,60,LRMGW12/MGWFunction:LRMGW12,Reliable,5091
2024-06-01 15:00+03:00,60,FPMGW13/MGWFunction:FPMGW13,Reliable,12876
2024-06-01 16:00+03:00,60,LRMGW12/MGWFunction:LRMGW12,Reliable,5389
2024-06-01 16:00+03:00,60,FPMGW13/MGWFunction:FPMGW13,Reliable,13326
2024-06-01 17:00+03:00,60,LRMGW12/MGWFunction:LRMGW12,Reliable,5608
2024-06-01 17:00+03:00,60,FPMGW13/MGWFunction:FPMGW13,Reliable,13974
2024-06-01 18:00+03:00,60,LRMGW12/MGWFunction:LRMGW12,Reliable,6304
2024-06-01 18:00+03:00,60,FPMGW13/MGWFunction:FPMGW13,Reliable,15659
2024-06-01 19:00+03:00,60,LRMGW12/MGWFunction:LRMGW12,Reliable,8001
2024-06-01 19:00+03:00,60,FPMGW13/MGWFunction:FPMGW13,Reliable,20546
2024-06-01 20:00+03:00,60,LRMGW12/MGWFunction:LRMGW12,Reliable,8526
2024-06-01 20:00+03:00,60,FPMGW13/MGWFunction:FPMGW13,Reliable,20918
2024-06-01 21:00+03:00,60,LRMGW12/MGWFunction:LRMGW12,Reliable,7684
2024-06-01 21:00+03:00,60,FPMGW13/MGWFunction:FPMGW13,Reliable,18731
2024-06-01 22:00+03:00,60,LRMGW12/MGWFunction:LRMGW12,Reliable,5648
2024-06-01 22:00+03:00,60,FPMGW13/MGWFunction:FPMGW13,Reliable,13799
2024-06-01 23:00+03:00,60,LRMGW12/MGWFunction:LRMGW12,Reliable,3726
2024-06-01 23:00+03:00,60,FPMGW13/MGWFunction:FPMGW13,Reliable,10567
