Result Time,Granularity Period,Object Name,Reliability,CAUSE129_unallocated DN,CAUSE130_no route to the selected transit network,CAUSE131_no route to the callee,CAUSE133_dial wrong prefix of long distance call,CAUSE134_route unacceptable,CAUSE145_user decide to busy,CAUSE146_no response from callee,CAUSE147_no answer from callee,CAUSE149_call rejected,CAUSE155_termination error,CAUSE156_invalid DN format,CAUSE157_facility rejected,CAUSE162_no route available,CAUSE166_network error,CAUSE169_temporary error,CAUSE170_device congestion,CAUSE172_no route or circuit applied available,CAUSE174_precedence call blocked,CAUSE175_no resource available,CAUSE177_no suitable service quality,CAUSE178_facility applied not preserved before,CAUSE216_incompatible terminal,CAUSE219_invalid transit network selection,CAUSE223_invalid message,CAUSE230_recovery of time out,CAUSE231_parameter not exist,CAUSE239_protocol error,CAUSE254_interwork
2024-06-01 00:00+03:00,1440,AHMSC3/MSCServerFunction:AHMSC3,Reliable,6566,1,384684,0,0,1223905,229010,340228,4479,166052,16214,0,12971,33716,5609,7,51095,0,917,0,1,564,0,14,320743,0,217,30208
2024-06-01 00:00+03:00,1440,BUMSC1/MSCServerFunction:BUMSC1,Reliable,6918,0,373098,1,0,1213157,108881,1039088,3276,160113,45639,1,13118,35312,7580,38,41081,0,927,0,1,460,0,4,290899,0,152,23344
2024-06-01 00:00+03:00,1440,BUMSC2/MSCServerFunction:BUMSC2,Reliable,4657,0,407321,0,0,1227157,91857,196144,3706,163075,44807,1,12260,33594,4901,0,46606,0,303,0,0,607,0,1,303686,0,277,43050
2024-06-01 00:00+03:00,1440,AHMSC4/MSCServerFunction:AHMSC4,Reliable,3818,0,246118,0,0,1216874,174395,202636,2596,166431,11495,0,3377,31508,2452,0,43695,0,369,0,0,407,0,4,121739,0,84,16492
2024-06-01 00:00+03:00,1440,BUMSC5/MSCServerFunction:BUMSC5,Reliable,11,0,1,0,0,0,41,35,15,2,9,0,1,326,150,0,3,0,0,0,0,0,0,0,85,0,0,4492
2024-06-01 00:00+03:00,1440,RWMSC6/MSCServerFunction:RWMSC6,Reliable,0,0,13,0,0,1,0,0,0,0,0,0,6,370,0,0,0,0,0,0,0,0,0,0,0,0,0,0
