Result Time,Granularity Period,Object Name,Reliability,Answer Rate,Answer Times,Call Attempts,Incoming Answer Times,Incoming Call Attempts,Originated Answer Times,Originated Call Attempts
2024-06-07 00:00+03:00,60,AHMSC3/MSCServerFunction:AHMSC3,Reliable,30.448,125890,413458,62731,197768,63159,215690
2024-06-07 00:00+03:00,60,BUMSC1/MSCServerFunction:BUMSC1,Reliable,26.314,124737,474026,61518,257583,63219,216443
2024-06-07 00:00+03:00,60,BUMSC2/MSCServerFunction:BUMSC2,Reliable,32.663000000000004,97926,299809,48853,128241,49073,171568
2024-06-07 00:00+03:00,60,AHMSC4/MSCServerFunction:AHMSC4,Reliable,33.248000000000005,113266,340671,49715,125043,63551,215628
2024-06-07 01:00+03:00,60,AHMSC3/MSCServerFunction:AHMSC3,Reliable,29.44,53612,182105,26716,87377,26896,94728
2024-06-07 01:00+03:00,60,BUMSC1/MSCServerFunction:BUMSC1,Reliable,25.409000000000002,52519,206696,26117,112755,26402,93941
2024-06-07 01:00+03:00,60,BUMSC2/MSCServerFunction:BUMSC2,Reliable,31.258000000000003,41502,132772,20642,56370,20860,76402
2024-06-07 01:00+03:00,60,AHMSC4/MSCServerFunction:AHMSC4,Reliable,32.605,48144,147659,21404,53909,26740,93750
2024-06-07 02:00+03:00,60,AHMSC3/MSCServerFunction:AHMSC3,Reliable,28.273000000000003,32420,114667,16424,55108,15996,59559
2024-06-07 02:00+03:00,60,BUMSC1/MSCServerFunction:BUMSC1,Reliable,24.038,31533,131179,15761,71789,15772,59390
2024-06-07 02:00+03:00,60,BUMSC2/MSCServerFunction:BUMSC2,Reliable,29.820999999999998,25173,84413,12703,36595,12470,47818
2024-06-07 02:00+03:00,60,AHMSC4/MSCServerFunction:AHMSC4,Reliable,30.764,28538,92763,12458,32733,16080,60030
2024-06-07 03:00+03:00,60,AHMSC3/MSCServerFunction:AHMSC3,Reliable,27.201999999999998,27425,100818,13788,48061,13637,52757
2024-06-07 03:00+03:00,60,BUMSC1/MSCServerFunction:BUMSC1,Reliable,22.84,26987,118157,13449,64480,13538,53677
2024-06-07 03:00+03:00,60,BUMSC2/MSCServerFunction:BUMSC2,Reliable,28.595,21842,76384,10860,33270,10982,43114
2024-06-07 03:00+03:00,60,AHMSC4/MSCServerFunction:AHMSC4,Reliable,30.041,24930,82987,10919,28322,14011,54665
2024-06-07 04:00+03:00,60,AHMSC3/MSCServerFunction:AHMSC3,Reliable,30.976,34866,112559,17385,53565,17481,58994
2024-06-07 04:00+03:00,60,BUMSC1/MSCServerFunction:BUMSC1,Reliable,27.27,34274,125683,16831,66998,17443,58685
2024-06-07 04:00+03:00,60,BUMSC2/MSCServerFunction:BUMSC2,Reliable,33.916,27816,82015,13748,34494,14068,47521
2024-06-07 04:00+03:00,60,AHMSC4/MSCServerFunction:AHMSC4,Reliable,33.465,30943,92465,13651,34861,17292,57604
2024-06-07 05:00+03:00,60,AHMSC3/MSCServerFunction:AHMSC3,Reliable,33.836999999999996,81817,241796,40574,114616,41243,127180
2024-06-07 05:00+03:00,60,BUMSC1/MSCServerFunction:BUMSC1,Reliable,29.493000000000002,81071,274883,40414,151367,40657,123516
2024-06-07 05:00+03:00,60,BUMSC2/MSCServerFunction:BUMSC2,Reliable,37.078,66953,180573,32825,74551,34128,106022
2024-06-07 05:00+03:00,60,AHMSC4/MSCServerFunction:AHMSC4,Reliable,37.010999999999996,73472,198512,32188,73760,41284,124752
2024-06-07 06:00+03:00,60,AHMSC3/MSCServerFunction:AHMSC3,Reliable,34.556999999999995,312169,903344,153559,429692,158610,473652
2024-06-07 06:00+03:00,60,BUMSC1/MSCServerFunction:BUMSC1,Reliable,29.463,311606,1057602,152783,581238,158823,476364
2024-06-07 06:00+03:00,60,BUMSC2/MSCServerFunction:BUMSC2,Reliable,37.312,257880,691142,125210,286328,132670,404814
2024-06-07 06:00+03:00,60,AHMSC4/MSCServerFunction:AHMSC4,Reliable,38.217,284103,743403,124869,269519,159234,473884
2024-06-07 07:00+03:00,60,AHMSC3/MSCServerFunction:AHMSC3,Reliable,37.791,767263,2030289,376828,966280,390435,1064009
2024-06-07 07:00+03:00,60,BUMSC1/MSCServerFunction:BUMSC1,Reliable,32.391999999999996,758204,2340741,371062,1275086,387142,1065655
2024-06-07 07:00+03:00,60,BUMSC2/MSCServerFunction:BUMSC2,Reliable,40.567,629395,1551491,305864,648242,323531,903249
2024-06-07 07:00+03:00,60,AHMSC4/MSCServerFunction:AHMSC4,Reliable,41.236000000000004,692748,1679959,303116,618643,389632,1061316
2024-06-07 08:00+03:00,60,AHMSC3/MSCServerFunction:AHMSC3,Reliable,40.059,1052299,2626865,519123,1256373,533176,1370492
2024-06-07 08:00+03:00,60,BUMSC1/MSCServerFunction:BUMSC1,Reliable,35.035,1040279,2969225,510551,1598298,529728,1370927
2024-06-07 08:00+03:00,60,BUMSC2/MSCServerFunction:BUMSC2,Reliable,42.301,869653,2055889,424933,876396,444720,1179493
2024-06-07 08:00+03:00,60,AHMSC4/MSCServerFunction:AHMSC4,Reliable,43.335,947539,2186522,416346,821648,531193,1364874
2024-06-07 09:00+03:00,60,AHMSC3/MSCServerFunction:AHMSC3,Reliable,41.438,1200138,2896225,595259,1393990,604879,1502235
2024-06-07 09:00+03:00,60,BUMSC1/MSCServerFunction:BUMSC1,Reliable,36.51,1186193,3248957,584118,1750517,602075,1498440
2024-06-07 09:00+03:00,60,BUMSC2/MSCServerFunction:BUMSC2,Reliable,43.29,1040380,2403304,506732,1021818,533648,1381486
2024-06-07 09:00+03:00,60,AHMSC4/MSCServerFunction:AHMSC4,Reliable,44.79600000000001,1080311,2411630,477907,918795,602404,1492835
2024-06-07 10:00+03:00,60,AHMSC3/MSCServerFunction:AHMSC3,Reliable,41.769,1294013,3098018,642517,1490402,651496,1607616
2024-06-07 10:00+03:00,60,BUMSC1/MSCServerFunction:BUMSC1,Reliable,36.998000000000005,1280054,3459775,632381,1851891,647673,1607884
2024-06-07 10:00+03:00,60,BUMSC2/MSCServerFunction:BUMSC2,Reliable,43.809,1112293,2538944,545271,1090800,567022,1448144
2024-06-07 10:00+03:00,60,AHMSC4/MSCServerFunction:AHMSC4,Reliable,45.028,1163898,2584824,514824,983612,649074,1601212
2024-06-07 11:00+03:00,60,AHMSC3/MSCServerFunction:AHMSC3,Reliable,41.676,1304119,3129170,648341,1500213,655778,1628957
2024-06-07 11:00+03:00,60,BUMSC1/MSCServerFunction:BUMSC1,Reliable,37.104,1291076,3479647,639902,1852484,651174,1627163
2024-06-07 11:00+03:00,60,BUMSC2/MSCServerFunction:BUMSC2,Reliable,43.714,1091273,2496371,537826,1082428,553447,1413943
2024-06-07 11:00+03:00,60,AHMSC4/MSCServerFunction:AHMSC4,Reliable,44.92,1170864,2606537,516671,981374,654193,1625163
2024-06-07 12:00+03:00,60,AHMSC3/MSCServerFunction:AHMSC3,Reliable,41.31100000000001,1328342,3215495,660316,1536987,668026,1678508
2024-06-07 12:00+03:00,60,BUMSC1/MSCServerFunction:BUMSC1,Reliable,36.889,1312670,3558386,649165,1881966,663505,1676420
2024-06-07 12:00+03:00,60,BUMSC2/MSCServerFunction:BUMSC2,Reliable,43.551,1095383,2515183,541538,1086987,553845,1428196
2024-06-07 12:00+03:00,60,AHMSC4/MSCServerFunction:AHMSC4,Reliable,44.583,1191002,2671419,526212,1002809,664790,1668610
2024-06-07 13:00+03:00,60,AHMSC3/MSCServerFunction:AHMSC3,Reliable,40.546,1260905,3109784,627342,1483867,633563,1625917
2024-06-07 13:00+03:00,60,BUMSC1/MSCServerFunction:BUMSC1,Reliable,36.269,1246805,3437622,617744,1816958,629061,1620664
2024-06-07 13:00+03:00,60,BUMSC2/MSCServerFunction:BUMSC2,Reliable,42.912,1032252,2405517,512015,1034387,520237,1371130
2024-06-07 13:00+03:00,60,AHMSC4/MSCServerFunction:AHMSC4,Reliable,43.881,1131403,2578342,499772,961945,631631,1616397
2024-06-07 14:00+03:00,60,AHMSC3/MSCServerFunction:AHMSC3,Reliable,40.852,1295454,3171118,643553,1514637,651901,1656481
2024-06-07 14:00+03:00,60,BUMSC1/MSCServerFunction:BUMSC1,Reliable,36.704,1280722,3489286,635863,1837868,644859,1651418
2024-06-07 14:00+03:00,60,BUMSC2/MSCServerFunction:BUMSC2,Reliable,43.257,1052663,2433492,521673,1047870,530990,1385622
2024-06-07 14:00+03:00,60,AHMSC4/MSCServerFunction:AHMSC4,Reliable,44.211000000000006,1164140,2633145,515790,983050,648350,1650095
2024-06-07 15:00+03:00,60,AHMSC3/MSCServerFunction:AHMSC3,Reliable,40.448,1250007,3090385,620536,1468821,629471,1621564
2024-06-07 15:00+03:00,60,BUMSC1/MSCServerFunction:BUMSC1,Reliable,36.400999999999996,1234761,3392078,613017,1775294,621744,1616784
2024-06-07 15:00+03:00,60,BUMSC2/MSCServerFunction:BUMSC2,Reliable,42.861000000000004,1011044,2358895,502088,1013500,508956,1345395
2024-06-07 15:00+03:00,60,AHMSC4/MSCServerFunction:AHMSC4,Reliable,43.735,1123874,2569725,497076,952898,626798,1616827
2024-06-07 16:00+03:00,60,AHMSC3/MSCServerFunction:AHMSC3,Reliable,39.828,1245562,3127347,618203,1483042,627359,1644305
2024-06-07 16:00+03:00,60,BUMSC1/MSCServerFunction:BUMSC1,Reliable,35.939,1232020,3428081,611625,1789630,620395,1638451
2024-06-07 16:00+03:00,60,BUMSC2/MSCServerFunction:BUMSC2,Reliable,42.221000000000004,1003771,2377439,499331,1015744,504440,1361695
2024-06-07 16:00+03:00,60,AHMSC4/MSCServerFunction:AHMSC4,Reliable,43.066,1117300,2594408,492610,956382,624690,1638026
2024-06-07 17:00+03:00,60,AHMSC3/MSCServerFunction:AHMSC3,Reliable,39.148,1296526,3311876,642727,1567993,653799,1743883
2024-06-07 17:00+03:00,60,BUMSC1/MSCServerFunction:BUMSC1,Reliable,35.192,1281303,3640920,634162,1896008,647141,1744912
2024-06-07 17:00+03:00,60,BUMSC2/MSCServerFunction:BUMSC2,Reliable,41.588,1040393,2501692,514669,1060126,525724,1441566
2024-06-07 17:00+03:00,60,AHMSC4/MSCServerFunction:AHMSC4,Reliable,42.375,1165699,2750916,515304,1013814,650395,1737102
2024-06-07 18:00+03:00,60,AHMSC3/MSCServerFunction:AHMSC3,Reliable,38.257,1381757,3611775,682853,1703484,698904,1908291
2024-06-07 18:00+03:00,60,BUMSC1/MSCServerFunction:BUMSC1,Reliable,34.311,1366892,3983820,676425,2080300,690467,1903520
2024-06-07 18:00+03:00,60,BUMSC2/MSCServerFunction:BUMSC2,Reliable,40.828,1109163,2716658,547542,1146866,561621,1569792
2024-06-07 18:00+03:00,60,AHMSC4/MSCServerFunction:AHMSC4,Reliable,41.373999999999995,1240136,2997347,546315,1098970,693821,1898377
2024-06-07 19:00+03:00,60,AHMSC3/MSCServerFunction:AHMSC3,Reliable,37.356,1653391,4426059,814802,2078521,838589,2347538
2024-06-07 19:00+03:00,60,BUMSC1/MSCServerFunction:BUMSC1,Reliable,33.286,1642674,4934994,812485,2599191,830189,2335803
2024-06-07 19:00+03:00,60,BUMSC2/MSCServerFunction:BUMSC2,Reliable,40.108000000000004,1332090,3321267,654806,1383634,677284,1937633
2024-06-07 19:00+03:00,60,AHMSC4/MSCServerFunction:AHMSC4,Reliable,40.592,1491352,3674024,657342,1339194,834010,2334830
2024-06-07 20:00+03:00,60,AHMSC3/MSCServerFunction:AHMSC3,Reliable,36.561,1549564,4238338,762832,1979591,786732,2258747
2024-06-07 20:00+03:00,60,BUMSC1/MSCServerFunction:BUMSC1,Reliable,32.766,1542895,4708834,763085,2457938,779810,2250896
2024-06-07 20:00+03:00,60,BUMSC2/MSCServerFunction:BUMSC2,Reliable,39.246,1246242,3175426,611263,1310194,634979,1865232
2024-06-07 20:00+03:00,60,AHMSC4/MSCServerFunction:AHMSC4,Reliable,39.833,1401517,3518460,615919,1263478,785598,2254982
2024-06-07 21:00+03:00,60,AHMSC3/MSCServerFunction:AHMSC3,Reliable,35.765,1297871,3628882,637110,1687013,660761,1941869
2024-06-07 21:00+03:00,60,BUMSC1/MSCServerFunction:BUMSC1,Reliable,32.391,1297461,4005595,641729,2065396,655732,1940199
2024-06-07 21:00+03:00,60,BUMSC2/MSCServerFunction:BUMSC2,Reliable,38.329,1036203,2703446,507876,1112442,528327,1591004
2024-06-07 21:00+03:00,60,AHMSC4/MSCServerFunction:AHMSC4,Reliable,38.979,1177039,3019709,517863,1079196,659176,1940513
2024-06-07 22:00+03:00,60,AHMSC3/MSCServerFunction:AHMSC3,Reliable,34.208,865700,2530679,423034,1168217,442666,1362462
2024-06-07 22:00+03:00,60,BUMSC1/MSCServerFunction:BUMSC1,Reliable,31.265,864459,2764934,426982,1405720,437477,1359214
2024-06-07 22:00+03:00,60,BUMSC2/MSCServerFunction:BUMSC2,Reliable,36.525,686983,1880878,336169,773514,350814,1107364
2024-06-07 22:00+03:00,60,AHMSC4/MSCServerFunction:AHMSC4,Reliable,37.297,788699,2114669,346469,751599,442230,1363070
2024-06-07 23:00+03:00,60,AHMSC3/MSCServerFunction:AHMSC3,Reliable,32.762,391814,1195931,192518,552397,199296,643534
2024-06-07 23:00+03:00,60,BUMSC1/MSCServerFunction:BUMSC1,Reliable,30.039,390795,1300957,193338,659421,197457,641536
2024-06-07 23:00+03:00,60,BUMSC2/MSCServerFunction:BUMSC2,Reliable,34.725,307067,884289,151118,369078,155949,515211
2024-06-07 23:00+03:00,60,AHMSC4/MSCServerFunction:AHMSC4,Reliable,35.721,355315,994703,156123,354179,199192,640524
2024-06-07 00:00+03:00,60,BUMSC5/MSCServerFunction:BUMSC5,Reliable,31.708000000000002,39400,124259,18550,45456,20850,78803
2024-06-07 00:00+03:00,60,RWMSC6/MSCServerFunction:RWMSC6,Reliable,0.0,0,0,0,0,0,0
2024-06-07 01:00+03:00,60,BUMSC5/MSCServerFunction:BUMSC5,Reliable,30.156999999999996,16758,55570,8073,19810,8685,35760
2024-06-07 01:00+03:00,60,RWMSC6/MSCServerFunction:RWMSC6,Reliable,0.0,0,0,0,0,0,0
2024-06-07 02:00+03:00,60,BUMSC5/MSCServerFunction:BUMSC5,Reliable,29.149,10262,35205,4917,12278,5345,22927
2024-06-07 02:00+03:00,60,RWMSC6/MSCServerFunction:RWMSC6,Reliable,0.0,0,0,0,0,0,0
2024-06-07 03:00+03:00,60,BUMSC5/MSCServerFunction:BUMSC5,Reliable,28.84,8637,29948,4178,10651,4459,19297
2024-06-07 03:00+03:00,60,RWMSC6/MSCServerFunction:RWMSC6,Reliable,0.0,0,0,0,0,0,0
2024-06-07 04:00+03:00,60,BUMSC5/MSCServerFunction:BUMSC5,Reliable,33.616,10873,32345,5196,11923,5677,20422
2024-06-07 04:00+03:00,60,RWMSC6/MSCServerFunction:RWMSC6,Reliable,0.0,0,0,0,0,0,0
2024-06-07 05:00+03:00,60,BUMSC5/MSCServerFunction:BUMSC5,Reliable,36.635,25086,68476,12080,25469,13006,43007
2024-06-07 05:00+03:00,60,RWMSC6/MSCServerFunction:RWMSC6,Reliable,0.0,0,0,0,0,0,0
2024-06-07 06:00+03:00,60,BUMSC5/MSCServerFunction:BUMSC5,Reliable,36.556999999999995,94182,257633,45074,94349,49108,163284
2024-06-07 06:00+03:00,60,RWMSC6/MSCServerFunction:RWMSC6,Reliable,0.0,0,0,0,0,0,0
2024-06-07 07:00+03:00,60,BUMSC5/MSCServerFunction:BUMSC5,Reliable,39.408,226838,575607,109557,219586,117281,356021
2024-06-07 07:00+03:00,60,RWMSC6/MSCServerFunction:RWMSC6,Reliable,0.0,0,0,0,0,0,0
2024-06-07 08:00+03:00,60,BUMSC5/MSCServerFunction:BUMSC5,Reliable,41.963,308066,734140,148702,288324,159364,445816
2024-06-07 08:00+03:00,60,RWMSC6/MSCServerFunction:RWMSC6,Reliable,0.0,0,0,0,0,0,0
2024-06-07 09:00+03:00,60,BUMSC5/MSCServerFunction:BUMSC5,Reliable,43.31,351310,811157,169761,322337,181549,488820
2024-06-07 09:00+03:00,60,RWMSC6/MSCServerFunction:RWMSC6,Reliable,0.0,0,0,0,0,0,0
2024-06-07 10:00+03:00,60,BUMSC5/MSCServerFunction:BUMSC5,Reliable,43.428000000000004,391192,900773,188761,356853,202431,543920
2024-06-07 10:00+03:00,60,RWMSC6/MSCServerFunction:RWMSC6,Reliable,0.0,1,0,0,0,1,0
2024-06-07 11:00+03:00,60,BUMSC5/MSCServerFunction:BUMSC5,Reliable,43.261,407739,942515,197289,370891,210450,571624
2024-06-07 11:00+03:00,60,RWMSC6/MSCServerFunction:RWMSC6,Reliable,100.0,4,2,1,1,3,1
2024-06-07 12:00+03:00,60,BUMSC5/MSCServerFunction:BUMSC5,Reliable,42.908,421106,981427,203875,382734,217231,598693
2024-06-07 12:00+03:00,60,RWMSC6/MSCServerFunction:RWMSC6,Reliable,50.0,2,4,1,1,1,3
2024-06-07 13:00+03:00,60,BUMSC5/MSCServerFunction:BUMSC5,Reliable,42.088,405211,962766,194960,372902,210251,589864
2024-06-07 13:00+03:00,60,RWMSC6/MSCServerFunction:RWMSC6,Reliable,100.0,4,2,1,1,3,1
2024-06-07 14:00+03:00,60,BUMSC5/MSCServerFunction:BUMSC5,Reliable,42.405,420055,990569,202731,381523,217324,609046
2024-06-07 14:00+03:00,60,RWMSC6/MSCServerFunction:RWMSC6,Reliable,0.0,1,0,0,0,1,0
2024-06-07 15:00+03:00,60,BUMSC5/MSCServerFunction:BUMSC5,Reliable,41.965,410645,978546,198590,376343,212055,602203
2024-06-07 15:00+03:00,60,RWMSC6/MSCServerFunction:RWMSC6,Reliable,100.0,10,8,1,2,9,6
2024-06-07 16:00+03:00,60,BUMSC5/MSCServerFunction:BUMSC5,Reliable,41.315,413446,1000725,199243,381972,214203,618753
2024-06-07 16:00+03:00,60,RWMSC6/MSCServerFunction:RWMSC6,Reliable,55.0,11,20,0,0,11,20
2024-06-07 17:00+03:00,60,BUMSC5/MSCServerFunction:BUMSC5,Reliable,40.608000000000004,434424,1069794,209159,407479,225265,662315
2024-06-07 17:00+03:00,60,RWMSC6/MSCServerFunction:RWMSC6,Reliable,11.110999999999999,2,18,0,0,2,18
2024-06-07 18:00+03:00,60,BUMSC5/MSCServerFunction:BUMSC5,Reliable,39.961,467473,1169837,223297,444905,244176,724932
2024-06-07 18:00+03:00,60,RWMSC6/MSCServerFunction:RWMSC6,Reliable,0.0,0,11,0,0,0,11
2024-06-07 19:00+03:00,60,BUMSC5/MSCServerFunction:BUMSC5,Reliable,39.227,570499,1454341,269652,549167,300847,905174
2024-06-07 19:00+03:00,60,RWMSC6/MSCServerFunction:RWMSC6,Reliable,100.0,1,1,0,0,1,1
2024-06-07 20:00+03:00,60,BUMSC5/MSCServerFunction:BUMSC5,Reliable,38.42,539308,1403723,255870,523907,283438,879816
2024-06-07 20:00+03:00,60,RWMSC6/MSCServerFunction:RWMSC6,Reliable,0.0,0,0,0,0,0,0
2024-06-07 21:00+03:00,60,BUMSC5/MSCServerFunction:BUMSC5,Reliable,37.787,456141,1207148,215590,448687,240551,758461
2024-06-07 21:00+03:00,60,RWMSC6/MSCServerFunction:RWMSC6,Reliable,0.0,0,0,0,0,0,0
2024-06-07 22:00+03:00,60,BUMSC5/MSCServerFunction:BUMSC5,Reliable,36.544000000000004,306389,838422,144462,312113,161927,526309
2024-06-07 22:00+03:00,60,RWMSC6/MSCServerFunction:RWMSC6,Reliable,0.0,0,0,0,0,0,0
2024-06-07 23:00+03:00,60,BUMSC5/MSCServerFunction:BUMSC5,Reliable,34.946999999999996,137816,394358,65036,146698,72780,247660
2024-06-07 23:00+03:00,60,RWMSC6/MSCServerFunction:RWMSC6,Reliable,0.0,0,0,0,0,0,0
