Result Time,Granularity Period,Object Name,Reliability,Attached Subs,HSS Subs (with LTE Profile),Total HSS Subs (2G+3G+LTE)
2024-06-07 00:00+03:00,60,HSS9860-2/Measurement object ID:Measurement OBJECT ID=OBJECT0,Reliable,3900718,6989851,31780624
2024-06-07 00:00+03:00,60,HSS9860-1/Measurement object ID:Measurement OBJECT ID=OBJECT0,Reliable,3900718,6989851,31780624
2024-06-07 01:00+03:00,60,HSS9860-2/Measurement object ID:Measurement OBJECT ID=OBJECT0,Reliable,3900718,6989851,31780624
2024-06-07 01:00+03:00,60,HSS9860-1/Measurement object ID:Measurement OBJECT ID=OBJECT0,Reliable,3900718,6989851,31780624
2024-06-07 02:00+03:00,60,HSS9860-2/Measurement object ID:Measurement OBJECT ID=OBJECT0,Reliable,3900718,6989851,31881987
2024-06-07 02:00+03:00,60,HSS9860-1/Measurement object ID:Measurement OBJECT ID=OBJECT0,Reliable,3900718,6989851,31881987
2024-06-07 03:00+03:00,60,HSS9860-2/Measurement object ID:Measurement OBJECT ID=OBJECT0,Reliable,3905050,7014737,31906873
2024-06-07 03:00+03:00,60,HSS9860-1/Measurement object ID:Measurement OBJECT ID=OBJECT0,Reliable,3905050,7014737,31906873
2024-06-07 04:00+03:00,60,HSS9860-2/Measurement object ID:Measurement OBJECT ID=OBJECT0,Reliable,3905050,7014737,31906873
2024-06-07 04:00+03:00,60,HSS9860-1/Measurement object ID:Measurement OBJECT ID=OBJECT0,Reliable,3905050,7014737,31906873
2024-06-07 05:00+03:00,60,HSS9860-2/Measurement object ID:Measurement OBJECT ID=OBJECT0,Reliable,3905050,7014737,31906873
2024-06-07 05:00+03:00,60,HSS9860-1/Measurement object ID:Measurement OBJECT ID=OBJECT0,Reliable,3905050,7014737,31906873
2024-06-07 06:00+03:00,60,HSS9860-2/Measurement object ID:Measurement OBJECT ID=OBJECT0,Reliable,3905050,7014737,31906873
2024-06-07 06:00+03:00,60,HSS9860-1/Measurement object ID:Measurement OBJECT ID=OBJECT0,Reliable,3905050,7014737,31906873
2024-06-07 07:00+03:00,60,HSS9860-2/Measurement object ID:Measurement OBJECT ID=OBJECT0,Reliable,3905050,7014737,31906873
2024-06-07 07:00+03:00,60,HSS9860-1/Measurement object ID:Measurement OBJECT ID=OBJECT0,Reliable,3905050,7014737,31906873
2024-06-07 08:00+03:00,60,HSS9860-2/Measurement object ID:Measurement OBJECT ID=OBJECT0,Reliable,3905050,7014737,31906873
2024-06-07 08:00+03:00,60,HSS9860-1/Measurement object ID:Measurement OBJECT ID=OBJECT0,Reliable,3905050,7014737,31906873
2024-06-07 09:00+03:00,60,HSS9860-2/Measurement object ID:Measurement OBJECT ID=OBJECT0,Reliable,3905050,7014737,31906873
2024-06-07 09:00+03:00,60,HSS9860-1/Measurement object ID:Measurement OBJECT ID=OBJECT0,Reliable,3905050,7014737,31906873
2024-06-07 10:00+03:00,60,HSS9860-2/Measurement object ID:Measurement OBJECT ID=OBJECT0,Reliable,3905050,7014737,31906873
2024-06-07 10:00+03:00,60,HSS9860-1/Measurement object ID:Measurement OBJECT ID=OBJECT0,Reliable,3905050,7014737,31906873
2024-06-07 11:00+03:00,60,HSS9860-2/Measurement object ID:Measurement OBJECT ID=OBJECT0,Reliable,3905050,7014737,31906873
2024-06-07 11:00+03:00,60,HSS9860-1/Measurement object ID:Measurement OBJECT ID=OBJECT0,Reliable,3905050,7014737,31906873
2024-06-07 12:00+03:00,60,HSS9860-2/Measurement object ID:Measurement OBJECT ID=OBJECT0,Reliable,3905050,7014737,31906873
2024-06-07 12:00+03:00,60,HSS9860-1/Measurement object ID:Measurement OBJECT ID=OBJECT0,Reliable,3905050,7014737,31906873
2024-06-07 13:00+03:00,60,HSS9860-2/Measurement object ID:Measurement OBJECT ID=OBJECT0,Reliable,3905050,7014737,31906873
2024-06-07 13:00+03:00,60,HSS9860-1/Measurement object ID:Measurement OBJECT ID=OBJECT0,Reliable,3905050,7014737,31906873
2024-06-07 14:00+03:00,60,HSS9860-2/Measurement object ID:Measurement OBJECT ID=OBJECT0,Reliable,3905050,7014737,31906873
2024-06-07 14:00+03:00,60,HSS9860-1/Measurement object ID:Measurement OBJECT ID=OBJECT0,Reliable,3905050,7014737,31906873
2024-06-07 15:00+03:00,60,HSS9860-2/Measurement object ID:Measurement OBJECT ID=OBJECT0,Reliable,3905050,7014737,31906873
2024-06-07 15:00+03:00,60,HSS9860-1/Measurement object ID:Measurement OBJECT ID=OBJECT0,Reliable,3905050,7014737,31906873
2024-06-07 16:00+03:00,60,HSS9860-2/Measurement object ID:Measurement OBJECT ID=OBJECT0,Reliable,3905050,7014737,31906873
2024-06-07 16:00+03:00,60,HSS9860-1/Measurement object ID:Measurement OBJECT ID=OBJECT0,Reliable,3905050,7014737,31906873
2024-06-07 17:00+03:00,60,HSS9860-2/Measurement object ID:Measurement OBJECT ID=OBJECT0,Reliable,3905050,7014737,31906873
2024-06-07 17:00+03:00,60,HSS9860-1/Measurement object ID:Measurement OBJECT ID=OBJECT0,Reliable,3905050,7014737,31906873
2024-06-07 18:00+03:00,60,HSS9860-2/Measurement object ID:Measurement OBJECT ID=OBJECT0,Reliable,3905050,7014737,31906873
2024-06-07 18:00+03:00,60,HSS9860-1/Measurement object ID:Measurement OBJECT ID=OBJECT0,Reliable,3905050,7014737,31906873
2024-06-07 19:00+03:00,60,HSS9860-2/Measurement object ID:Measurement OBJECT ID=OBJECT0,Reliable,3905050,7014737,31906873
2024-06-07 19:00+03:00,60,HSS9860-1/Measurement object ID:Measurement OBJECT ID=OBJECT0,Reliable,3905050,7014737,31906873
2024-06-07 20:00+03:00,60,HSS9860-2/Measurement object ID:Measurement OBJECT ID=OBJECT0,Reliable,3905050,7014737,31906873
2024-06-07 20:00+03:00,60,HSS9860-1/Measurement object ID:Measurement OBJECT ID=OBJECT0,Reliable,3905050,7014737,31906873
2024-06-07 21:00+03:00,60,HSS9860-2/Measurement object ID:Measurement OBJECT ID=OBJECT0,Reliable,3905050,7014737,31906873
2024-06-07 21:00+03:00,60,HSS9860-1/Measurement object ID:Measurement OBJECT ID=OBJECT0,Reliable,3905050,7014737,31906873
2024-06-07 22:00+03:00,60,HSS9860-2/Measurement object ID:Measurement OBJECT ID=OBJECT0,Reliable,3905050,7014737,31906873
2024-06-07 22:00+03:00,60,HSS9860-1/Measurement object ID:Measurement OBJECT ID=OBJECT0,Reliable,3905050,7014737,31906873
2024-06-07 23:00+03:00,60,HSS9860-2/Measurement object ID:Measurement OBJECT ID=OBJECT0,Reliable,3905050,7014737,31906873
2024-06-07 23:00+03:00,60,HSS9860-1/Measurement object ID:Measurement OBJECT ID=OBJECT0,Reliable,3905050,7014737,31906873
