Result Time,Granularity Period,Object Name,Reliability,Peak Licensed Traffic
2024-06-07 00:00+03:00,60,AHMGW2/MGWFunction:AHMGW2,Reliable,12510
2024-06-07 00:00+03:00,60,AHMGW3/MGWFunction:AHMGW3,Reliable,10252
2024-06-07 00:00+03:00,60,BUMGW9/MGWFunction:BUMGW9,Reliable,10948
2024-06-07 00:00+03:00,60,MBMGW6/MGWFunction:MBMGW6,Reliable,4852
2024-06-07 00:00+03:00,60,RWMGW10/MGWFunction:RWMGW10,Reliable,3143
2024-06-07 00:00+03:00,60,RWMGW4/MGWFunction:RWMGW4,Reliable,2204
2024-06-07 00:00+03:00,60,AHMGW11/MGWFunction:AHMGW11,Reliable,12640
2024-06-07 01:00+03:00,60,AHMGW2/MGWFunction:AHMGW2,Reliable,4501
2024-06-07 01:00+03:00,60,AHMGW3/MGWFunction:AHMGW3,Reliable,3895
2024-06-07 01:00+03:00,60,BUMGW9/MGWFunction:BUMGW9,Reliable,3890
2024-06-07 01:00+03:00,60,MBMGW6/MGWFunction:MBMGW6,Reliable,1434
2024-06-07 01:00+03:00,60,RWMGW10/MGWFunction:RWMGW10,Reliable,1120
2024-06-07 01:00+03:00,60,RWMGW4/MGWFunction:RWMGW4,Reliable,813
2024-06-07 01:00+03:00,60,AHMGW11/MGWFunction:AHMGW11,Reliable,4735
2024-06-07 02:00+03:00,60,AHMGW2/MGWFunction:AHMGW2,Reliable,1775
2024-06-07 02:00+03:00,60,AHMGW3/MGWFunction:AHMGW3,Reliable,1526
2024-06-07 02:00+03:00,60,BUMGW9/MGWFunction:BUMGW9,Reliable,1544
2024-06-07 02:00+03:00,60,MBMGW6/MGWFunction:MBMGW6,Reliable,610
2024-06-07 02:00+03:00,60,RWMGW10/MGWFunction:RWMGW10,Reliable,475
2024-06-07 02:00+03:00,60,RWMGW4/MGWFunction:RWMGW4,Reliable,346
2024-06-07 02:00+03:00,60,AHMGW11/MGWFunction:AHMGW11,Reliable,1803
2024-06-07 03:00+03:00,60,AHMGW2/MGWFunction:AHMGW2,Reliable,1144
2024-06-07 03:00+03:00,60,AHMGW3/MGWFunction:AHMGW3,Reliable,929
2024-06-07 03:00+03:00,60,BUMGW9/MGWFunction:BUMGW9,Reliable,914
2024-06-07 03:00+03:00,60,MBMGW6/MGWFunction:MBMGW6,Reliable,557
2024-06-07 03:00+03:00,60,RWMGW10/MGWFunction:RWMGW10,Reliable,337
2024-06-07 03:00+03:00,60,RWMGW4/MGWFunction:RWMGW4,Reliable,242
2024-06-07 03:00+03:00,60,AHMGW11/MGWFunction:AHMGW11,Reliable,1030
2024-06-07 04:00+03:00,60,AHMGW2/MGWFunction:AHMGW2,Reliable,1061
2024-06-07 04:00+03:00,60,AHMGW3/MGWFunction:AHMGW3,Reliable,967
2024-06-07 04:00+03:00,60,BUMGW9/MGWFunction:BUMGW9,Reliable,952
2024-06-07 04:00+03:00,60,MBMGW6/MGWFunction:MBMGW6,Reliable,796
2024-06-07 04:00+03:00,60,RWMGW10/MGWFunction:RWMGW10,Reliable,297
2024-06-07 04:00+03:00,60,RWMGW4/MGWFunction:RWMGW4,Reliable,248
2024-06-07 04:00+03:00,60,AHMGW11/MGWFunction:AHMGW11,Reliable,1090
2024-06-07 05:00+03:00,60,AHMGW2/MGWFunction:AHMGW2,Reliable,2916
2024-06-07 05:00+03:00,60,AHMGW3/MGWFunction:AHMGW3,Reliable,2340
2024-06-07 05:00+03:00,60,BUMGW9/MGWFunction:BUMGW9,Reliable,2532
2024-06-07 05:00+03:00,60,MBMGW6/MGWFunction:MBMGW6,Reliable,2951
2024-06-07 05:00+03:00,60,RWMGW10/MGWFunction:RWMGW10,Reliable,799
2024-06-07 05:00+03:00,60,RWMGW4/MGWFunction:RWMGW4,Reliable,615
2024-06-07 05:00+03:00,60,AHMGW11/MGWFunction:AHMGW11,Reliable,2675
2024-06-07 06:00+03:00,60,AHMGW2/MGWFunction:AHMGW2,Reliable,11960
2024-06-07 06:00+03:00,60,AHMGW3/MGWFunction:AHMGW3,Reliable,9435
2024-06-07 06:00+03:00,60,BUMGW9/MGWFunction:BUMGW9,Reliable,9886
2024-06-07 06:00+03:00,60,MBMGW6/MGWFunction:MBMGW6,Reliable,11441
2024-06-07 06:00+03:00,60,RWMGW10/MGWFunction:RWMGW10,Reliable,4014
2024-06-07 06:00+03:00,60,RWMGW4/MGWFunction:RWMGW4,Reliable,3234
2024-06-07 06:00+03:00,60,AHMGW11/MGWFunction:AHMGW11,Reliable,10846
2024-06-07 07:00+03:00,60,AHMGW2/MGWFunction:AHMGW2,Reliable,21530
2024-06-07 07:00+03:00,60,AHMGW3/MGWFunction:AHMGW3,Reliable,18020
2024-06-07 07:00+03:00,60,BUMGW9/MGWFunction:BUMGW9,Reliable,19430
2024-06-07 07:00+03:00,60,MBMGW6/MGWFunction:MBMGW6,Reliable,14649
2024-06-07 07:00+03:00,60,RWMGW10/MGWFunction:RWMGW10,Reliable,6824
2024-06-07 07:00+03:00,60,RWMGW4/MGWFunction:RWMGW4,Reliable,5445
2024-06-07 07:00+03:00,60,AHMGW11/MGWFunction:AHMGW11,Reliable,20146
2024-06-07 08:00+03:00,60,AHMGW2/MGWFunction:AHMGW2,Reliable,26356
2024-06-07 08:00+03:00,60,AHMGW3/MGWFunction:AHMGW3,Reliable,22518
2024-06-07 08:00+03:00,60,BUMGW9/MGWFunction:BUMGW9,Reliable,25335
2024-06-07 08:00+03:00,60,MBMGW6/MGWFunction:MBMGW6,Reliable,15914
2024-06-07 08:00+03:00,60,RWMGW10/MGWFunction:RWMGW10,Reliable,7916
2024-06-07 08:00+03:00,60,RWMGW4/MGWFunction:RWMGW4,Reliable,5894
2024-06-07 08:00+03:00,60,AHMGW11/MGWFunction:AHMGW11,Reliable,25472
2024-06-07 09:00+03:00,60,AHMGW2/MGWFunction:AHMGW2,Reliable,28556
2024-06-07 09:00+03:00,60,AHMGW3/MGWFunction:AHMGW3,Reliable,25105
2024-06-07 09:00+03:00,60,BUMGW9/MGWFunction:BUMGW9,Reliable,28989
2024-06-07 09:00+03:00,60,MBMGW6/MGWFunction:MBMGW6,Reliable,16345
2024-06-07 09:00+03:00,60,RWMGW10/MGWFunction:RWMGW10,Reliable,7976
2024-06-07 09:00+03:00,60,RWMGW4/MGWFunction:RWMGW4,Reliable,5939
2024-06-07 09:00+03:00,60,AHMGW11/MGWFunction:AHMGW11,Reliable,27457
2024-06-07 10:00+03:00,60,AHMGW2/MGWFunction:AHMGW2,Reliable,29842
2024-06-07 10:00+03:00,60,AHMGW3/MGWFunction:AHMGW3,Reliable,26286
2024-06-07 10:00+03:00,60,BUMGW9/MGWFunction:BUMGW9,Reliable,31193
2024-06-07 10:00+03:00,60,MBMGW6/MGWFunction:MBMGW6,Reliable,16661
2024-06-07 10:00+03:00,60,RWMGW10/MGWFunction:RWMGW10,Reliable,8040
2024-06-07 10:00+03:00,60,RWMGW4/MGWFunction:RWMGW4,Reliable,6128
2024-06-07 10:00+03:00,60,AHMGW11/MGWFunction:AHMGW11,Reliable,28844
2024-06-07 11:00+03:00,60,AHMGW2/MGWFunction:AHMGW2,Reliable,29750
2024-06-07 11:00+03:00,60,AHMGW3/MGWFunction:AHMGW3,Reliable,26253
2024-06-07 11:00+03:00,60,BUMGW9/MGWFunction:BUMGW9,Reliable,31224
2024-06-07 11:00+03:00,60,MBMGW6/MGWFunction:MBMGW6,Reliable,16648
2024-06-07 11:00+03:00,60,RWMGW10/MGWFunction:RWMGW10,Reliable,7944
2024-06-07 11:00+03:00,60,RWMGW4/MGWFunction:RWMGW4,Reliable,5863
2024-06-07 11:00+03:00,60,AHMGW11/MGWFunction:AHMGW11,Reliable,28766
2024-06-07 12:00+03:00,60,AHMGW2/MGWFunction:AHMGW2,Reliable,30299
2024-06-07 12:00+03:00,60,AHMGW3/MGWFunction:AHMGW3,Reliable,26778
2024-06-07 12:00+03:00,60,BUMGW9/MGWFunction:BUMGW9,Reliable,32594
2024-06-07 12:00+03:00,60,MBMGW6/MGWFunction:MBMGW6,Reliable,17077
2024-06-07 12:00+03:00,60,RWMGW10/MGWFunction:RWMGW10,Reliable,7841
2024-06-07 12:00+03:00,60,RWMGW4/MGWFunction:RWMGW4,Reliable,5976
2024-06-07 12:00+03:00,60,AHMGW11/MGWFunction:AHMGW11,Reliable,29567
2024-06-07 13:00+03:00,60,AHMGW2/MGWFunction:AHMGW2,Reliable,28837
2024-06-07 13:00+03:00,60,AHMGW3/MGWFunction:AHMGW3,Reliable,25245
2024-06-07 13:00+03:00,60,BUMGW9/MGWFunction:BUMGW9,Reliable,30619
2024-06-07 13:00+03:00,60,MBMGW6/MGWFunction:MBMGW6,Reliable,15649
2024-06-07 13:00+03:00,60,RWMGW10/MGWFunction:RWMGW10,Reliable,7869
2024-06-07 13:00+03:00,60,RWMGW4/MGWFunction:RWMGW4,Reliable,5930
2024-06-07 13:00+03:00,60,AHMGW11/MGWFunction:AHMGW11,Reliable,27662
2024-06-07 14:00+03:00,60,AHMGW2/MGWFunction:AHMGW2,Reliable,28287
2024-06-07 14:00+03:00,60,AHMGW3/MGWFunction:AHMGW3,Reliable,24925
2024-06-07 14:00+03:00,60,BUMGW9/MGWFunction:BUMGW9,Reliable,30340
2024-06-07 14:00+03:00,60,MBMGW6/MGWFunction:MBMGW6,Reliable,16795
2024-06-07 14:00+03:00,60,RWMGW10/MGWFunction:RWMGW10,Reliable,7994
2024-06-07 14:00+03:00,60,RWMGW4/MGWFunction:RWMGW4,Reliable,5968
2024-06-07 14:00+03:00,60,AHMGW11/MGWFunction:AHMGW11,Reliable,27083
2024-06-07 15:00+03:00,60,AHMGW2/MGWFunction:AHMGW2,Reliable,27840
2024-06-07 15:00+03:00,60,AHMGW3/MGWFunction:AHMGW3,Reliable,24830
2024-06-07 15:00+03:00,60,BUMGW9/MGWFunction:BUMGW9,Reliable,29915
2024-06-07 15:00+03:00,60,MBMGW6/MGWFunction:MBMGW6,Reliable,16958
2024-06-07 15:00+03:00,60,RWMGW10/MGWFunction:RWMGW10,Reliable,7569
2024-06-07 15:00+03:00,60,RWMGW4/MGWFunction:RWMGW4,Reliable,5950
2024-06-07 15:00+03:00,60,AHMGW11/MGWFunction:AHMGW11,Reliable,26755
2024-06-07 16:00+03:00,60,AHMGW2/MGWFunction:AHMGW2,Reliable,27889
2024-06-07 16:00+03:00,60,AHMGW3/MGWFunction:AHMGW3,Reliable,24199
2024-06-07 16:00+03:00,60,BUMGW9/MGWFunction:BUMGW9,Reliable,29528
2024-06-07 16:00+03:00,60,MBMGW6/MGWFunction:MBMGW6,Reliable,17548
2024-06-07 16:00+03:00,60,RWMGW10/MGWFunction:RWMGW10,Reliable,7861
2024-06-07 16:00+03:00,60,RWMGW4/MGWFunction:RWMGW4,Reliable,6108
2024-06-07 16:00+03:00,60,AHMGW11/MGWFunction:AHMGW11,Reliable,26801
2024-06-07 17:00+03:00,60,AHMGW2/MGWFunction:AHMGW2,Reliable,28428
2024-06-07 17:00+03:00,60,AHMGW3/MGWFunction:AHMGW3,Reliable,25070
2024-06-07 17:00+03:00,60,BUMGW9/MGWFunction:BUMGW9,Reliable,29779
2024-06-07 17:00+03:00,60,MBMGW6/MGWFunction:MBMGW6,Reliable,19629
2024-06-07 17:00+03:00,60,RWMGW10/MGWFunction:RWMGW10,Reliable,8437
2024-06-07 17:00+03:00,60,RWMGW4/MGWFunction:RWMGW4,Reliable,6620
2024-06-07 17:00+03:00,60,AHMGW11/MGWFunction:AHMGW11,Reliable,27313
2024-06-07 18:00+03:00,60,AHMGW2/MGWFunction:AHMGW2,Reliable,31083
2024-06-07 18:00+03:00,60,AHMGW3/MGWFunction:AHMGW3,Reliable,27300
2024-06-07 18:00+03:00,60,BUMGW9/MGWFunction:BUMGW9,Reliable,30786
2024-06-07 18:00+03:00,60,MBMGW6/MGWFunction:MBMGW6,Reliable,22701
2024-06-07 18:00+03:00,60,RWMGW10/MGWFunction:RWMGW10,Reliable,9353
2024-06-07 18:00+03:00,60,RWMGW4/MGWFunction:RWMGW4,Reliable,7536
2024-06-07 18:00+03:00,60,AHMGW11/MGWFunction:AHMGW11,Reliable,29926
2024-06-07 19:00+03:00,60,AHMGW2/MGWFunction:AHMGW2,Reliable,37304
2024-06-07 19:00+03:00,60,AHMGW3/MGWFunction:AHMGW3,Reliable,34316
2024-06-07 19:00+03:00,60,BUMGW9/MGWFunction:BUMGW9,Reliable,35562
2024-06-07 19:00+03:00,60,MBMGW6/MGWFunction:MBMGW6,Reliable,28897
2024-06-07 19:00+03:00,60,RWMGW10/MGWFunction:RWMGW10,Reliable,11910
2024-06-07 19:00+03:00,60,RWMGW4/MGWFunction:RWMGW4,Reliable,9702
2024-06-07 19:00+03:00,60,AHMGW11/MGWFunction:AHMGW11,Reliable,36008
2024-06-07 20:00+03:00,60,AHMGW2/MGWFunction:AHMGW2,Reliable,37719
2024-06-07 20:00+03:00,60,AHMGW3/MGWFunction:AHMGW3,Reliable,34660
2024-06-07 20:00+03:00,60,BUMGW9/MGWFunction:BUMGW9,Reliable,35535
2024-06-07 20:00+03:00,60,MBMGW6/MGWFunction:MBMGW6,Reliable,30801
2024-06-07 20:00+03:00,60,RWMGW10/MGWFunction:RWMGW10,Reliable,12354
2024-06-07 20:00+03:00,60,RWMGW4/MGWFunction:RWMGW4,Reliable,9851
2024-06-07 20:00+03:00,60,AHMGW11/MGWFunction:AHMGW11,Reliable,36833
2024-06-07 21:00+03:00,60,AHMGW2/MGWFunction:AHMGW2,Reliable,38541
2024-06-07 21:00+03:00,60,AHMGW3/MGWFunction:AHMGW3,Reliable,34930
2024-06-07 21:00+03:00,60,BUMGW9/MGWFunction:BUMGW9,Reliable,35406
2024-06-07 21:00+03:00,60,MBMGW6/MGWFunction:MBMGW6,Reliable,30861
2024-06-07 21:00+03:00,60,RWMGW10/MGWFunction:RWMGW10,Reliable,12148
2024-06-07 21:00+03:00,60,RWMGW4/MGWFunction:RWMGW4,Reliable,9674
2024-06-07 21:00+03:00,60,AHMGW11/MGWFunction:AHMGW11,Reliable,37675
2024-06-07 22:00+03:00,60,AHMGW2/MGWFunction:AHMGW2,Reliable,37096
2024-06-07 22:00+03:00,60,AHMGW3/MGWFunction:AHMGW3,Reliable,32969
2024-06-07 22:00+03:00,60,BUMGW9/MGWFunction:BUMGW9,Reliable,33835
2024-06-07 22:00+03:00,60,MBMGW6/MGWFunction:MBMGW6,Reliable,28449
2024-06-07 22:00+03:00,60,RWMGW10/MGWFunction:RWMGW10,Reliable,10634
2024-06-07 22:00+03:00,60,RWMGW4/MGWFunction:RWMGW4,Reliable,8607
2024-06-07 22:00+03:00,60,AHMGW11/MGWFunction:AHMGW11,Reliable,36221
2024-06-07 23:00+03:00,60,AHMGW2/MGWFunction:AHMGW2,Reliable,27105
2024-06-07 23:00+03:00,60,AHMGW3/MGWFunction:AHMGW3,Reliable,23598
2024-06-07 23:00+03:00,60,BUMGW9/MGWFunction:BUMGW9,Reliable,24290
2024-06-07 23:00+03:00,60,MBMGW6/MGWFunction:MBMGW6,Reliable,17805
2024-06-07 23:00+03:00,60,RWMGW10/MGWFunction:RWMGW10,Reliable,7454
2024-06-07 23:00+03:00,60,RWMGW4/MGWFunction:RWMGW4,Reliable,5905
2024-06-07 23:00+03:00,60,AHMGW11/MGWFunction:AHMGW11,Reliable,27235
2024-06-07 00:00+03:00,60,LRMGW12/MGWFunction:LRMGW12,Reliable,1662
2024-06-07 00:00+03:00,60,FPMGW13/MGWFunction:FPMGW13,Reliable,5464
2024-06-07 01:00+03:00,60,LRMGW12/MGWFunction:LRMGW12,Reliable,554
2024-06-07 01:00+03:00,60,FPMGW13/MGWFunction:FPMGW13,Reliable,2080
2024-06-07 02:00+03:00,60,LRMGW12/MGWFunction:LRMGW12,Reliable,245
2024-06-07 02:00+03:00,60,FPMGW13/MGWFunction:FPMGW13,Reliable,958
2024-06-07 03:00+03:00,60,LRMGW12/MGWFunction:LRMGW12,Reliable,167
2024-06-07 03:00+03:00,60,FPMGW13/MGWFunction:FPMGW13,Reliable,545
2024-06-07 04:00+03:00,60,LRMGW12/MGWFunction:LRMGW12,Reliable,253
2024-06-07 04:00+03:00,60,FPMGW13/MGWFunction:FPMGW13,Reliable,557
2024-06-07 05:00+03:00,60,LRMGW12/MGWFunction:LRMGW12,Reliable,737
2024-06-07 05:00+03:00,60,FPMGW13/MGWFunction:FPMGW13,Reliable,1505
2024-06-07 06:00+03:00,60,LRMGW12/MGWFunction:LRMGW12,Reliable,3191
2024-06-07 06:00+03:00,60,FPMGW13/MGWFunction:FPMGW13,Reliable,7537
2024-06-07 07:00+03:00,60,LRMGW12/MGWFunction:LRMGW12,Reliable,4395
2024-06-07 07:00+03:00,60,FPMGW13/MGWFunction:FPMGW13,Reliable,11976
2024-06-07 08:00+03:00,60,LRMGW12/MGWFunction:LRMGW12,Reliable,4763
2024-06-07 08:00+03:00,60,FPMGW13/MGWFunction:FPMGW13,Reliable,12811
2024-06-07 09:00+03:00,60,LRMGW12/MGWFunction:LRMGW12,Reliable,4874
2024-06-07 09:00+03:00,60,FPMGW13/MGWFunction:FPMGW13,Reliable,12859
2024-06-07 10:00+03:00,60,LRMGW12/MGWFunction:LRMGW12,Reliable,5052
2024-06-07 10:00+03:00,60,FPMGW13/MGWFunction:FPMGW13,Reliable,12975
2024-06-07 11:00+03:00,60,LRMGW12/MGWFunction:LRMGW12,Reliable,5061
2024-06-07 11:00+03:00,60,FPMGW13/MGWFunction:FPMGW13,Reliable,12626
2024-06-07 12:00+03:00,60,LRMGW12/MGWFunction:LRMGW12,Reliable,5051
2024-06-07 12:00+03:00,60,FPMGW13/MGWFunction:FPMGW13,Reliable,12709
2024-06-07 13:00+03:00,60,LRMGW12/MGWFunction:LRMGW12,Reliable,4989
2024-06-07 13:00+03:00,60,FPMGW13/MGWFunction:FPMGW13,Reliable,12645
2024-06-07 14:00+03:00,60,LRMGW12/MGWFunction:LRMGW12,Reliable,5006
2024-06-07 14:00+03:00,60,FPMGW13/MGWFunction:FPMGW13,Reliable,12677
2024-06-07 15:00+03:00,60,LRMGW12/MGWFunction:LRMGW12,Reliable,5128
2024-06-07 15:00+03:00,60,FPMGW13/MGWFunction:FPMGW13,Reliable,12582
2024-06-07 16:00+03:00,60,LRMGW12/MGWFunction:LRMGW12,Reliable,5171
2024-06-07 16:00+03:00,60,FPMGW13/MGWFunction:FPMGW13,Reliable,13031
2024-06-07 17:00+03:00,60,LRMGW12/MGWFunction:LRMGW12,Reliable,5405
2024-06-07 17:00+03:00,60,FPMGW13/MGWFunction:FPMGW13,Reliable,14201
2024-06-07 18:00+03:00,60,LRMGW12/MGWFunction:LRMGW12,Reliable,6277
2024-06-07 18:00+03:00,60,FPMGW13/MGWFunction:FPMGW13,Reliable,15843
2024-06-07 19:00+03:00,60,LRMGW12/MGWFunction:LRMGW12,Reliable,8256
2024-06-07 19:00+03:00,60,FPMGW13/MGWFunction:FPMGW13,Reliable,21401
2024-06-07 20:00+03:00,60,LRMGW12/MGWFunction:LRMGW12,Reliable,8657
2024-06-07 20:00+03:00,60,FPMGW13/MGWFunction:FPMGW13,Reliable,21615
2024-06-07 21:00+03:00,60,LRMGW12/MGWFunction:LRMGW12,Reliable,8587
2024-06-07 21:00+03:00,60,FPMGW13/MGWFunction:FPMGW13,Reliable,21156
2024-06-07 22:00+03:00,60,LRMGW12/MGWFunction:LRMGW12,Reliable,7825
2024-06-07 22:00+03:00,60,FPMGW13/MGWFunction:FPMGW13,Reliable,18638
2024-06-07 23:00+03:00,60,LRMGW12/MGWFunction:LRMGW12,Reliable,5047
2024-06-07 23:00+03:00,60,FPMGW13/MGWFunction:FPMGW13,Reliable,12704
