Result Time,Granularity Period,Object Name,Reliability,CAUSE129_unallocated DN,CAUSE130_no route to the selected transit network,CAUSE131_no route to the callee,CAUSE133_dial wrong prefix of long distance call,CAUSE134_route unacceptable,CAUSE145_user decide to busy,CAUSE146_no response from callee,CAUSE147_no answer from callee,CAUSE149_call rejected,CAUSE155_termination error,CAUSE156_invalid DN format,CAUSE157_facility rejected,CAUSE162_no route available,CAUSE166_network error,CAUSE169_temporary error,CAUSE170_device congestion,CAUSE172_no route or circuit applied available,CAUSE174_precedence call blocked,CAUSE175_no resource available,CAUSE177_no suitable service quality,CAUSE178_facility applied not preserved before,CAUSE216_incompatible terminal,CAUSE219_invalid transit network selection,CAUSE223_invalid message,CAUSE230_recovery of time out,CAUSE231_parameter not exist,CAUSE239_protocol error,CAUSE254_interwork
2024-06-07 00:00+03:00,1440,AHMSC3/MSCServerFunction:AHMSC3,Reliable,5972,0,358114,0,0,1176511,223823,324604,4227,151714,15048,1,15805,46554,5131,12,59138,0,783,0,4,579,0,12,319801,0,161,38566
2024-06-07 00:00+03:00,1440,BUMSC1/MSCServerFunction:BUMSC1,Reliable,6647,0,352942,0,0,1170758,144655,1011725,3391,151436,43986,0,15438,44799,7742,40,50095,0,713,0,1,562,0,5,293061,0,210,29497
2024-06-07 00:00+03:00,1440,BUMSC2/MSCServerFunction:BUMSC2,Reliable,3755,0,331056,0,1,957749,82137,155988,2586,135440,39467,0,10467,35868,2095,0,45454,0,255,0,1,411,0,3,276632,0,250,56190
2024-06-07 00:00+03:00,1440,AHMSC4/MSCServerFunction:AHMSC4,Reliable,3633,0,235430,0,0,1168229,173495,188476,2330,151374,10996,0,3262,37585,2000,0,50287,0,267,0,0,373,0,1,125771,1,89,18749
2024-06-07 00:00+03:00,1440,BUMSC5/MSCServerFunction:BUMSC5,Reliable,1792,0,63184,0,0,408444,59447,61339,677,55796,3886,0,2244,15013,665,0,15575,0,116,0,0,118,0,0,52803,0,24,6131
2024-06-07 00:00+03:00,1440,RWMSC6/MSCServerFunction:RWMSC6,Reliable,0,0,0,0,0,0,0,0,0,0,0,0,0,224,0,0,0,0,0,0,0,0,0,0,0,0,0,6
