Result Time,Granularity Period,Object Name,Reliability,Call Attempts,Global BHCA,Incoming Answer Times,Originated Answer Times,Peak_Processor_Load,Peak_Processor_Load_Denom,Peak_Processor_Load_Nom
2024-06-07 00:00+03:00,60,AHMSC3/MSCServerFunction:AHMSC3,Reliable,413458,393429,62731,63159,30.448,413458,125890
2024-06-07 00:00+03:00,60,BUMSC1/MSCServerFunction:BUMSC1,Reliable,474026,450372,61518,63219,26.314,474026,124737
2024-06-07 00:00+03:00,60,BUMSC2/MSCServerFunction:BUMSC2,Reliable,299809,283496,48853,49073,32.663000000000004,299809,97926
2024-06-07 00:00+03:00,60,AHMSC4/MSCServerFunction:AHMSC4,Reliable,340671,323637,49715,63551,33.248000000000005,340671,113266
2024-06-07 01:00+03:00,60,AHMSC3/MSCServerFunction:AHMSC3,Reliable,182105,173058,26716,26896,29.44,182105,53612
2024-06-07 01:00+03:00,60,BUMSC1/MSCServerFunction:BUMSC1,Reliable,206696,196430,26117,26402,25.409000000000002,206696,52519
2024-06-07 01:00+03:00,60,BUMSC2/MSCServerFunction:BUMSC2,Reliable,132772,125449,20642,20860,31.258000000000003,132772,41502
2024-06-07 01:00+03:00,60,AHMSC4/MSCServerFunction:AHMSC4,Reliable,147659,140198,21404,26740,32.605,147659,48144
2024-06-07 02:00+03:00,60,AHMSC3/MSCServerFunction:AHMSC3,Reliable,114667,108754,16424,15996,28.273000000000003,114667,32420
2024-06-07 02:00+03:00,60,BUMSC1/MSCServerFunction:BUMSC1,Reliable,131179,124714,15761,15772,24.038,131179,31533
2024-06-07 02:00+03:00,60,BUMSC2/MSCServerFunction:BUMSC2,Reliable,84413,79675,12703,12470,29.820999999999998,84413,25173
2024-06-07 02:00+03:00,60,AHMSC4/MSCServerFunction:AHMSC4,Reliable,92763,87785,12458,16080,30.764,92763,28538
2024-06-07 03:00+03:00,60,AHMSC3/MSCServerFunction:AHMSC3,Reliable,100818,95743,13788,13637,27.201999999999998,100818,27425
2024-06-07 03:00+03:00,60,BUMSC1/MSCServerFunction:BUMSC1,Reliable,118157,112589,13449,13538,22.84,118157,26987
2024-06-07 03:00+03:00,60,BUMSC2/MSCServerFunction:BUMSC2,Reliable,76384,72216,10860,10982,28.595,76384,21842
2024-06-07 03:00+03:00,60,AHMSC4/MSCServerFunction:AHMSC4,Reliable,82987,78855,10919,14011,30.041,82987,24930
2024-06-07 04:00+03:00,60,AHMSC3/MSCServerFunction:AHMSC3,Reliable,112559,106987,17385,17481,30.976,112559,34866
2024-06-07 04:00+03:00,60,BUMSC1/MSCServerFunction:BUMSC1,Reliable,125683,119525,16831,17443,27.27,125683,34274
2024-06-07 04:00+03:00,60,BUMSC2/MSCServerFunction:BUMSC2,Reliable,82015,77552,13748,14068,33.916,82015,27816
2024-06-07 04:00+03:00,60,AHMSC4/MSCServerFunction:AHMSC4,Reliable,92465,88102,13651,17292,33.465,92465,30943
2024-06-07 05:00+03:00,60,AHMSC3/MSCServerFunction:AHMSC3,Reliable,241796,229958,40574,41243,33.836999999999996,241796,81817
2024-06-07 05:00+03:00,60,BUMSC1/MSCServerFunction:BUMSC1,Reliable,274883,261127,40414,40657,29.493000000000002,274883,81071
2024-06-07 05:00+03:00,60,BUMSC2/MSCServerFunction:BUMSC2,Reliable,180573,170841,32825,34128,37.078,180573,66953
2024-06-07 05:00+03:00,60,AHMSC4/MSCServerFunction:AHMSC4,Reliable,198512,188832,32188,41284,37.010999999999996,198512,73472
2024-06-07 06:00+03:00,60,AHMSC3/MSCServerFunction:AHMSC3,Reliable,903344,858005,153559,158610,34.556999999999995,903344,312169
2024-06-07 06:00+03:00,60,BUMSC1/MSCServerFunction:BUMSC1,Reliable,1057602,1000470,152783,158823,29.463,1057602,311606
2024-06-07 06:00+03:00,60,BUMSC2/MSCServerFunction:BUMSC2,Reliable,691142,651935,125210,132670,37.312,691142,257880
2024-06-07 06:00+03:00,60,AHMSC4/MSCServerFunction:AHMSC4,Reliable,743403,704628,124869,159234,38.217,743403,284103
2024-06-07 07:00+03:00,60,AHMSC3/MSCServerFunction:AHMSC3,Reliable,2030289,1937655,376828,390435,37.791,2030289,767263
2024-06-07 07:00+03:00,60,BUMSC1/MSCServerFunction:BUMSC1,Reliable,2340741,2226828,371062,387142,32.391999999999996,2340741,758204
2024-06-07 07:00+03:00,60,BUMSC2/MSCServerFunction:BUMSC2,Reliable,1551491,1471009,305864,323531,40.567,1551491,629395
2024-06-07 07:00+03:00,60,AHMSC4/MSCServerFunction:AHMSC4,Reliable,1679959,1599766,303116,389632,41.236000000000004,1679959,692748
2024-06-07 08:00+03:00,60,AHMSC3/MSCServerFunction:AHMSC3,Reliable,2626865,2517702,519123,533176,40.059,2626865,1052299
2024-06-07 08:00+03:00,60,BUMSC1/MSCServerFunction:BUMSC1,Reliable,2969225,2838864,510551,529728,35.035,2969225,1040279
2024-06-07 08:00+03:00,60,BUMSC2/MSCServerFunction:BUMSC2,Reliable,2055889,1957757,424933,444720,42.301,2055889,869653
2024-06-07 08:00+03:00,60,AHMSC4/MSCServerFunction:AHMSC4,Reliable,2186522,2092655,416346,531193,43.335,2186522,947539
2024-06-07 09:00+03:00,60,AHMSC3/MSCServerFunction:AHMSC3,Reliable,2896225,2781040,595259,604879,41.438,2896225,1200138
2024-06-07 09:00+03:00,60,BUMSC1/MSCServerFunction:BUMSC1,Reliable,3248957,3114540,584118,602075,36.51,3248957,1186193
2024-06-07 09:00+03:00,60,BUMSC2/MSCServerFunction:BUMSC2,Reliable,2403304,2291563,506732,533648,43.29,2403304,1040380
2024-06-07 09:00+03:00,60,AHMSC4/MSCServerFunction:AHMSC4,Reliable,2411630,2313879,477907,602404,44.79600000000001,2411630,1080311
2024-06-07 10:00+03:00,60,AHMSC3/MSCServerFunction:AHMSC3,Reliable,3098018,2976709,642517,651496,41.769,3098018,1294013
2024-06-07 10:00+03:00,60,BUMSC1/MSCServerFunction:BUMSC1,Reliable,3459775,3318811,632381,647673,36.998000000000005,3459775,1280054
2024-06-07 10:00+03:00,60,BUMSC2/MSCServerFunction:BUMSC2,Reliable,2538944,2423760,545271,567022,43.809,2538944,1112293
2024-06-07 10:00+03:00,60,AHMSC4/MSCServerFunction:AHMSC4,Reliable,2584824,2480708,514824,649074,45.028,2584824,1163898
2024-06-07 11:00+03:00,60,AHMSC3/MSCServerFunction:AHMSC3,Reliable,3129170,3005145,648341,655778,41.676,3129170,1304119
2024-06-07 11:00+03:00,60,BUMSC1/MSCServerFunction:BUMSC1,Reliable,3479647,3336593,639902,651174,37.104,3479647,1291076
2024-06-07 11:00+03:00,60,BUMSC2/MSCServerFunction:BUMSC2,Reliable,2496371,2383323,537826,553447,43.714,2496371,1091273
2024-06-07 11:00+03:00,60,AHMSC4/MSCServerFunction:AHMSC4,Reliable,2606537,2498775,516671,654193,44.92,2606537,1170864
2024-06-07 12:00+03:00,60,AHMSC3/MSCServerFunction:AHMSC3,Reliable,3215495,3083897,660316,668026,41.31100000000001,3215495,1328342
2024-06-07 12:00+03:00,60,BUMSC1/MSCServerFunction:BUMSC1,Reliable,3558386,3407785,649165,663505,36.889,3558386,1312670
2024-06-07 12:00+03:00,60,BUMSC2/MSCServerFunction:BUMSC2,Reliable,2515183,2398573,541538,553845,43.551,2515183,1095383
2024-06-07 12:00+03:00,60,AHMSC4/MSCServerFunction:AHMSC4,Reliable,2671419,2558225,526212,664790,44.583,2671419,1191002
2024-06-07 13:00+03:00,60,AHMSC3/MSCServerFunction:AHMSC3,Reliable,3109784,2979001,627342,633563,40.546,3109784,1260905
2024-06-07 13:00+03:00,60,BUMSC1/MSCServerFunction:BUMSC1,Reliable,3437622,3289440,617744,629061,36.269,3437622,1246805
2024-06-07 13:00+03:00,60,BUMSC2/MSCServerFunction:BUMSC2,Reliable,2405517,2291025,512015,520237,42.912,2405517,1032252
2024-06-07 13:00+03:00,60,AHMSC4/MSCServerFunction:AHMSC4,Reliable,2578342,2466481,499772,631631,43.881,2578342,1131403
2024-06-07 14:00+03:00,60,AHMSC3/MSCServerFunction:AHMSC3,Reliable,3171118,3038473,643553,651901,40.852,3171118,1295454
2024-06-07 14:00+03:00,60,BUMSC1/MSCServerFunction:BUMSC1,Reliable,3489286,3338829,635863,644859,36.704,3489286,1280722
2024-06-07 14:00+03:00,60,BUMSC2/MSCServerFunction:BUMSC2,Reliable,2433492,2318510,521673,530990,43.257,2433492,1052663
2024-06-07 14:00+03:00,60,AHMSC4/MSCServerFunction:AHMSC4,Reliable,2633145,2518791,515790,648350,44.211000000000006,2633145,1164140
2024-06-07 15:00+03:00,60,AHMSC3/MSCServerFunction:AHMSC3,Reliable,3090385,2956984,620536,629471,40.448,3090385,1250007
2024-06-07 15:00+03:00,60,BUMSC1/MSCServerFunction:BUMSC1,Reliable,3392078,3241456,613017,621744,36.400999999999996,3392078,1234761
2024-06-07 15:00+03:00,60,BUMSC2/MSCServerFunction:BUMSC2,Reliable,2358895,2243354,502088,508956,42.861000000000004,2358895,1011044
2024-06-07 15:00+03:00,60,AHMSC4/MSCServerFunction:AHMSC4,Reliable,2569725,2454867,497076,626798,43.735,2569725,1123874
2024-06-07 16:00+03:00,60,AHMSC3/MSCServerFunction:AHMSC3,Reliable,3127347,2990868,618203,627359,39.828,3127347,1245562
2024-06-07 16:00+03:00,60,BUMSC1/MSCServerFunction:BUMSC1,Reliable,3428081,3274744,611625,620395,35.939,3428081,1232020
2024-06-07 16:00+03:00,60,BUMSC2/MSCServerFunction:BUMSC2,Reliable,2377439,2259342,499331,504440,42.221000000000004,2377439,1003771
2024-06-07 16:00+03:00,60,AHMSC4/MSCServerFunction:AHMSC4,Reliable,2594408,2476201,492610,624690,43.066,2594408,1117300
2024-06-07 17:00+03:00,60,AHMSC3/MSCServerFunction:AHMSC3,Reliable,3311876,3167926,642727,653799,39.148,3311876,1296526
2024-06-07 17:00+03:00,60,BUMSC1/MSCServerFunction:BUMSC1,Reliable,3640920,3476756,634162,647141,35.192,3640920,1281303
2024-06-07 17:00+03:00,60,BUMSC2/MSCServerFunction:BUMSC2,Reliable,2501692,2378624,514669,525724,41.588,2501692,1040393
2024-06-07 17:00+03:00,60,AHMSC4/MSCServerFunction:AHMSC4,Reliable,2750916,2626270,515304,650395,42.375,2750916,1165699
2024-06-07 18:00+03:00,60,AHMSC3/MSCServerFunction:AHMSC3,Reliable,3611775,3453924,682853,698904,38.257,3611775,1381757
2024-06-07 18:00+03:00,60,BUMSC1/MSCServerFunction:BUMSC1,Reliable,3983820,3805393,676425,690467,34.311,3983820,1366892
2024-06-07 18:00+03:00,60,BUMSC2/MSCServerFunction:BUMSC2,Reliable,2716658,2582757,547542,561621,40.828,2716658,1109163
2024-06-07 18:00+03:00,60,AHMSC4/MSCServerFunction:AHMSC4,Reliable,2997347,2860042,546315,693821,41.373999999999995,2997347,1240136
2024-06-07 19:00+03:00,60,AHMSC3/MSCServerFunction:AHMSC3,Reliable,4426059,4233786,814802,838589,37.356,4426059,1653391
2024-06-07 19:00+03:00,60,BUMSC1/MSCServerFunction:BUMSC1,Reliable,4934994,4710218,812485,830189,33.286,4934994,1642674
2024-06-07 19:00+03:00,60,BUMSC2/MSCServerFunction:BUMSC2,Reliable,3321267,3153987,654806,677284,40.108000000000004,3321267,1332090
2024-06-07 19:00+03:00,60,AHMSC4/MSCServerFunction:AHMSC4,Reliable,3674024,3501549,657342,834010,40.592,3674024,1491352
2024-06-07 20:00+03:00,60,AHMSC3/MSCServerFunction:AHMSC3,Reliable,4238338,4045420,762832,786732,36.561,4238338,1549564
2024-06-07 20:00+03:00,60,BUMSC1/MSCServerFunction:BUMSC1,Reliable,4708834,4482374,763085,779810,32.766,4708834,1542895
2024-06-07 20:00+03:00,60,BUMSC2/MSCServerFunction:BUMSC2,Reliable,3175426,3006544,611263,634979,39.246,3175426,1246242
2024-06-07 20:00+03:00,60,AHMSC4/MSCServerFunction:AHMSC4,Reliable,3518460,3342623,615919,785598,39.833,3518460,1401517
2024-06-07 21:00+03:00,60,AHMSC3/MSCServerFunction:AHMSC3,Reliable,3628882,3456782,637110,660761,35.765,3628882,1297871
2024-06-07 21:00+03:00,60,BUMSC1/MSCServerFunction:BUMSC1,Reliable,4005595,3810065,641729,655732,32.391,4005595,1297461
2024-06-07 21:00+03:00,60,BUMSC2/MSCServerFunction:BUMSC2,Reliable,2703446,2555562,507876,528327,38.329,2703446,1036203
2024-06-07 21:00+03:00,60,AHMSC4/MSCServerFunction:AHMSC4,Reliable,3019709,2865275,517863,659176,38.979,3019709,1177039
2024-06-07 22:00+03:00,60,AHMSC3/MSCServerFunction:AHMSC3,Reliable,2530679,2405906,423034,442666,34.208,2530679,865700
2024-06-07 22:00+03:00,60,BUMSC1/MSCServerFunction:BUMSC1,Reliable,2764934,2628603,426982,437477,31.265,2764934,864459
2024-06-07 22:00+03:00,60,BUMSC2/MSCServerFunction:BUMSC2,Reliable,1880878,1776675,336169,350814,36.525,1880878,686983
2024-06-07 22:00+03:00,60,AHMSC4/MSCServerFunction:AHMSC4,Reliable,2114669,2005256,346469,442230,37.297,2114669,788699
2024-06-07 23:00+03:00,60,AHMSC3/MSCServerFunction:AHMSC3,Reliable,1195931,1137502,192518,199296,32.762,1195931,391814
2024-06-07 23:00+03:00,60,BUMSC1/MSCServerFunction:BUMSC1,Reliable,1300957,1237319,193338,197457,30.039,1300957,390795
2024-06-07 23:00+03:00,60,BUMSC2/MSCServerFunction:BUMSC2,Reliable,884289,836146,151118,155949,34.725,884289,307067
2024-06-07 23:00+03:00,60,AHMSC4/MSCServerFunction:AHMSC4,Reliable,994703,944130,156123,199192,35.721,994703,355315
2024-06-07 00:00+03:00,60,BUMSC5/MSCServerFunction:BUMSC5,Reliable,124259,117273,18550,20850,31.708000000000002,124259,39400
2024-06-07 00:00+03:00,60,RWMSC6/MSCServerFunction:RWMSC6,Reliable,0,0,0,0,,0,0
2024-06-07 01:00+03:00,60,BUMSC5/MSCServerFunction:BUMSC5,Reliable,55570,52411,8073,8685,30.156999999999996,55570,16758
2024-06-07 01:00+03:00,60,RWMSC6/MSCServerFunction:RWMSC6,Reliable,0,0,0,0,,0,0
2024-06-07 02:00+03:00,60,BUMSC5/MSCServerFunction:BUMSC5,Reliable,35205,33324,4917,5345,29.149,35205,10262
2024-06-07 02:00+03:00,60,RWMSC6/MSCServerFunction:RWMSC6,Reliable,0,0,0,0,,0,0
2024-06-07 03:00+03:00,60,BUMSC5/MSCServerFunction:BUMSC5,Reliable,29948,28359,4178,4459,28.84,29948,8637
2024-06-07 03:00+03:00,60,RWMSC6/MSCServerFunction:RWMSC6,Reliable,0,0,0,0,,0,0
2024-06-07 04:00+03:00,60,BUMSC5/MSCServerFunction:BUMSC5,Reliable,32345,30645,5196,5677,33.616,32345,10873
2024-06-07 04:00+03:00,60,RWMSC6/MSCServerFunction:RWMSC6,Reliable,0,0,0,0,,0,0
2024-06-07 05:00+03:00,60,BUMSC5/MSCServerFunction:BUMSC5,Reliable,68476,64813,12080,13006,36.635,68476,25086
2024-06-07 05:00+03:00,60,RWMSC6/MSCServerFunction:RWMSC6,Reliable,0,0,0,0,,0,0
2024-06-07 06:00+03:00,60,BUMSC5/MSCServerFunction:BUMSC5,Reliable,257633,243379,45074,49108,36.556999999999995,257633,94182
2024-06-07 06:00+03:00,60,RWMSC6/MSCServerFunction:RWMSC6,Reliable,0,1,0,0,,0,0
2024-06-07 07:00+03:00,60,BUMSC5/MSCServerFunction:BUMSC5,Reliable,575607,546694,109557,117281,39.408,575607,226838
2024-06-07 07:00+03:00,60,RWMSC6/MSCServerFunction:RWMSC6,Reliable,0,4,0,0,,0,0
2024-06-07 08:00+03:00,60,BUMSC5/MSCServerFunction:BUMSC5,Reliable,734140,701037,148702,159364,41.963,734140,308066
2024-06-07 08:00+03:00,60,RWMSC6/MSCServerFunction:RWMSC6,Reliable,0,9,0,0,,0,0
2024-06-07 09:00+03:00,60,BUMSC5/MSCServerFunction:BUMSC5,Reliable,811157,776578,169761,181549,43.31,811157,351310
2024-06-07 09:00+03:00,60,RWMSC6/MSCServerFunction:RWMSC6,Reliable,0,4,0,0,,0,0
2024-06-07 10:00+03:00,60,BUMSC5/MSCServerFunction:BUMSC5,Reliable,900773,861952,188761,202431,43.428000000000004,900773,391192
2024-06-07 10:00+03:00,60,RWMSC6/MSCServerFunction:RWMSC6,Reliable,0,14,0,1,,0,1
2024-06-07 11:00+03:00,60,BUMSC5/MSCServerFunction:BUMSC5,Reliable,942515,900785,197289,210450,43.261,942515,407739
2024-06-07 11:00+03:00,60,RWMSC6/MSCServerFunction:RWMSC6,Reliable,2,8,1,3,200.0,2,4
2024-06-07 12:00+03:00,60,BUMSC5/MSCServerFunction:BUMSC5,Reliable,981427,936184,203875,217231,42.908,981427,421106
2024-06-07 12:00+03:00,60,RWMSC6/MSCServerFunction:RWMSC6,Reliable,4,17,1,1,50.0,4,2
2024-06-07 13:00+03:00,60,BUMSC5/MSCServerFunction:BUMSC5,Reliable,962766,917335,194960,210251,42.088,962766,405211
2024-06-07 13:00+03:00,60,RWMSC6/MSCServerFunction:RWMSC6,Reliable,2,12,1,3,200.0,2,4
2024-06-07 14:00+03:00,60,BUMSC5/MSCServerFunction:BUMSC5,Reliable,990569,943450,202731,217324,42.405,990569,420055
2024-06-07 14:00+03:00,60,RWMSC6/MSCServerFunction:RWMSC6,Reliable,0,8,0,1,,0,1
2024-06-07 15:00+03:00,60,BUMSC5/MSCServerFunction:BUMSC5,Reliable,978546,931284,198590,212055,41.965,978546,410645
2024-06-07 15:00+03:00,60,RWMSC6/MSCServerFunction:RWMSC6,Reliable,8,25,1,9,125.0,8,10
2024-06-07 16:00+03:00,60,BUMSC5/MSCServerFunction:BUMSC5,Reliable,1000725,951257,199243,214203,41.315,1000725,413446
2024-06-07 16:00+03:00,60,RWMSC6/MSCServerFunction:RWMSC6,Reliable,20,41,0,11,55.0,20,11
2024-06-07 17:00+03:00,60,BUMSC5/MSCServerFunction:BUMSC5,Reliable,1069794,1016360,209159,225265,40.608000000000004,1069794,434424
2024-06-07 17:00+03:00,60,RWMSC6/MSCServerFunction:RWMSC6,Reliable,18,34,0,2,11.110999999999999,18,2
2024-06-07 18:00+03:00,60,BUMSC5/MSCServerFunction:BUMSC5,Reliable,1169837,1114569,223297,244176,39.961,1169837,467473
2024-06-07 18:00+03:00,60,RWMSC6/MSCServerFunction:RWMSC6,Reliable,11,16,0,0,0.0,11,0
2024-06-07 19:00+03:00,60,BUMSC5/MSCServerFunction:BUMSC5,Reliable,1454341,1388305,269652,300847,39.227,1454341,570499
2024-06-07 19:00+03:00,60,RWMSC6/MSCServerFunction:RWMSC6,Reliable,1,8,0,1,100.0,1,1
2024-06-07 20:00+03:00,60,BUMSC5/MSCServerFunction:BUMSC5,Reliable,1403723,1336536,255870,283438,38.42,1403723,539308
2024-06-07 20:00+03:00,60,RWMSC6/MSCServerFunction:RWMSC6,Reliable,0,9,0,0,,0,0
2024-06-07 21:00+03:00,60,BUMSC5/MSCServerFunction:BUMSC5,Reliable,1207148,1147359,215590,240551,37.787,1207148,456141
2024-06-07 21:00+03:00,60,RWMSC6/MSCServerFunction:RWMSC6,Reliable,0,16,0,0,,0,0
2024-06-07 22:00+03:00,60,BUMSC5/MSCServerFunction:BUMSC5,Reliable,838422,796919,144462,161927,36.544000000000004,838422,306389
2024-06-07 22:00+03:00,60,RWMSC6/MSCServerFunction:RWMSC6,Reliable,0,14,0,0,,0,0
2024-06-07 23:00+03:00,60,BUMSC5/MSCServerFunction:BUMSC5,Reliable,394358,375424,65036,72780,34.946999999999996,394358,137816
2024-06-07 23:00+03:00,60,RWMSC6/MSCServerFunction:RWMSC6,Reliable,0,0,0,0,,0,0
