Result Time,Granularity Period,Object Name,Reliability,Average System Load
2024-06-07 00:00+03:00,60,"BUMGW01/Software System:System ID=0, System name=CloudSE2980",Reliable,5.0889999999999995
2024-06-07 00:00+03:00,60,"MDMGW08/Software System:System ID=0, System name=CloudSE2980",Reliable,4.13
2024-06-07 00:00+03:00,60,"MKMGW05/Software System:System ID=0, System name=CloudSE2980",Reliable,4.754
2024-06-07 00:00+03:00,60,"JNMGW07/Software System:System ID=0, System name=CloudSE2980",Reliable,4.324
2024-06-07 01:00+03:00,60,"BUMGW01/Software System:System ID=0, System name=CloudSE2980",Reliable,3.383
2024-06-07 01:00+03:00,60,"MDMGW08/Software System:System ID=0, System name=CloudSE2980",Reliable,3.392
2024-06-07 01:00+03:00,60,"MKMGW05/Software System:System ID=0, System name=CloudSE2980",Reliable,3.7230000000000003
2024-06-07 01:00+03:00,60,"JNMGW07/Software System:System ID=0, System name=CloudSE2980",Reliable,3.202
2024-06-07 02:00+03:00,60,"BUMGW01/Software System:System ID=0, System name=CloudSE2980",Reliable,2.978
2024-06-07 02:00+03:00,60,"MDMGW08/Software System:System ID=0, System name=CloudSE2980",Reliable,2.988
2024-06-07 02:00+03:00,60,"MKMGW05/Software System:System ID=0, System name=CloudSE2980",Reliable,3.322
2024-06-07 02:00+03:00,60,"JNMGW07/Software System:System ID=0, System name=CloudSE2980",Reliable,2.891
2024-06-07 03:00+03:00,60,"BUMGW01/Software System:System ID=0, System name=CloudSE2980",Reliable,2.677
2024-06-07 03:00+03:00,60,"MDMGW08/Software System:System ID=0, System name=CloudSE2980",Reliable,2.9130000000000003
2024-06-07 03:00+03:00,60,"MKMGW05/Software System:System ID=0, System name=CloudSE2980",Reliable,3.077
2024-06-07 03:00+03:00,60,"JNMGW07/Software System:System ID=0, System name=CloudSE2980",Reliable,2.696
2024-06-07 04:00+03:00,60,"BUMGW01/Software System:System ID=0, System name=CloudSE2980",Reliable,2.6489999999999996
2024-06-07 04:00+03:00,60,"MDMGW08/Software System:System ID=0, System name=CloudSE2980",Reliable,2.8989999999999996
2024-06-07 04:00+03:00,60,"MKMGW05/Software System:System ID=0, System name=CloudSE2980",Reliable,3.0180000000000002
2024-06-07 04:00+03:00,60,"JNMGW07/Software System:System ID=0, System name=CloudSE2980",Reliable,2.734
2024-06-07 05:00+03:00,60,"BUMGW01/Software System:System ID=0, System name=CloudSE2980",Reliable,3.1039999999999996
2024-06-07 05:00+03:00,60,"MDMGW08/Software System:System ID=0, System name=CloudSE2980",Reliable,3.1510000000000002
2024-06-07 05:00+03:00,60,"MKMGW05/Software System:System ID=0, System name=CloudSE2980",Reliable,3.405
2024-06-07 05:00+03:00,60,"JNMGW07/Software System:System ID=0, System name=CloudSE2980",Reliable,3.228
2024-06-07 06:00+03:00,60,"BUMGW01/Software System:System ID=0, System name=CloudSE2980",Reliable,4.137
2024-06-07 06:00+03:00,60,"MDMGW08/Software System:System ID=0, System name=CloudSE2980",Reliable,4.243
2024-06-07 06:00+03:00,60,"MKMGW05/Software System:System ID=0, System name=CloudSE2980",Reliable,4.452
2024-06-07 06:00+03:00,60,"JNMGW07/Software System:System ID=0, System name=CloudSE2980",Reliable,5.442
2024-06-07 07:00+03:00,60,"BUMGW01/Software System:System ID=0, System name=CloudSE2980",Reliable,7.367999999999999
2024-06-07 07:00+03:00,60,"MDMGW08/Software System:System ID=0, System name=CloudSE2980",Reliable,6.206
2024-06-07 07:00+03:00,60,"MKMGW05/Software System:System ID=0, System name=CloudSE2980",Reliable,7.332999999999999
2024-06-07 07:00+03:00,60,"JNMGW07/Software System:System ID=0, System name=CloudSE2980",Reliable,9.42
2024-06-07 08:00+03:00,60,"BUMGW01/Software System:System ID=0, System name=CloudSE2980",Reliable,9.796
2024-06-07 08:00+03:00,60,"MDMGW08/Software System:System ID=0, System name=CloudSE2980",Reliable,7.204
2024-06-07 08:00+03:00,60,"MKMGW05/Software System:System ID=0, System name=CloudSE2980",Reliable,9.203
2024-06-07 08:00+03:00,60,"JNMGW07/Software System:System ID=0, System name=CloudSE2980",Reliable,11.312999999999999
2024-06-07 09:00+03:00,60,"BUMGW01/Software System:System ID=0, System name=CloudSE2980",Reliable,11.047
2024-06-07 09:00+03:00,60,"MDMGW08/Software System:System ID=0, System name=CloudSE2980",Reliable,7.412000000000001
2024-06-07 09:00+03:00,60,"MKMGW05/Software System:System ID=0, System name=CloudSE2980",Reliable,9.557
2024-06-07 09:00+03:00,60,"JNMGW07/Software System:System ID=0, System name=CloudSE2980",Reliable,11.939
2024-06-07 10:00+03:00,60,"BUMGW01/Software System:System ID=0, System name=CloudSE2980",Reliable,11.924000000000001
2024-06-07 10:00+03:00,60,"MDMGW08/Software System:System ID=0, System name=CloudSE2980",Reliable,7.504
2024-06-07 10:00+03:00,60,"MKMGW05/Software System:System ID=0, System name=CloudSE2980",Reliable,9.79
2024-06-07 10:00+03:00,60,"JNMGW07/Software System:System ID=0, System name=CloudSE2980",Reliable,12.321
2024-06-07 11:00+03:00,60,"BUMGW01/Software System:System ID=0, System name=CloudSE2980",Reliable,12.169
2024-06-07 11:00+03:00,60,"MDMGW08/Software System:System ID=0, System name=CloudSE2980",Reliable,7.468999999999999
2024-06-07 11:00+03:00,60,"MKMGW05/Software System:System ID=0, System name=CloudSE2980",Reliable,9.552999999999999
2024-06-07 11:00+03:00,60,"JNMGW07/Software System:System ID=0, System name=CloudSE2980",Reliable,12.198
2024-06-07 12:00+03:00,60,"BUMGW01/Software System:System ID=0, System name=CloudSE2980",Reliable,12.329
2024-06-07 12:00+03:00,60,"MDMGW08/Software System:System ID=0, System name=CloudSE2980",Reliable,7.545
2024-06-07 12:00+03:00,60,"MKMGW05/Software System:System ID=0, System name=CloudSE2980",Reliable,9.626
2024-06-07 12:00+03:00,60,"JNMGW07/Software System:System ID=0, System name=CloudSE2980",Reliable,12.205
2024-06-07 13:00+03:00,60,"BUMGW01/Software System:System ID=0, System name=CloudSE2980",Reliable,11.607999999999999
2024-06-07 13:00+03:00,60,"MDMGW08/Software System:System ID=0, System name=CloudSE2980",Reliable,7.292999999999999
2024-06-07 13:00+03:00,60,"MKMGW05/Software System:System ID=0, System name=CloudSE2980",Reliable,9.446
2024-06-07 13:00+03:00,60,"JNMGW07/Software System:System ID=0, System name=CloudSE2980",Reliable,11.62
2024-06-07 14:00+03:00,60,"BUMGW01/Software System:System ID=0, System name=CloudSE2980",Reliable,11.619000000000002
2024-06-07 14:00+03:00,60,"MDMGW08/Software System:System ID=0, System name=CloudSE2980",Reliable,7.388999999999999
2024-06-07 14:00+03:00,60,"MKMGW05/Software System:System ID=0, System name=CloudSE2980",Reliable,9.425
2024-06-07 14:00+03:00,60,"JNMGW07/Software System:System ID=0, System name=CloudSE2980",Reliable,11.899000000000001
2024-06-07 15:00+03:00,60,"BUMGW01/Software System:System ID=0, System name=CloudSE2980",Reliable,11.477
2024-06-07 15:00+03:00,60,"MDMGW08/Software System:System ID=0, System name=CloudSE2980",Reliable,7.425
2024-06-07 15:00+03:00,60,"MKMGW05/Software System:System ID=0, System name=CloudSE2980",Reliable,9.391
2024-06-07 15:00+03:00,60,"JNMGW07/Software System:System ID=0, System name=CloudSE2980",Reliable,11.965
2024-06-07 16:00+03:00,60,"BUMGW01/Software System:System ID=0, System name=CloudSE2980",Reliable,11.324000000000002
2024-06-07 16:00+03:00,60,"MDMGW08/Software System:System ID=0, System name=CloudSE2980",Reliable,7.382000000000001
2024-06-07 16:00+03:00,60,"MKMGW05/Software System:System ID=0, System name=CloudSE2980",Reliable,9.277999999999999
2024-06-07 16:00+03:00,60,"JNMGW07/Software System:System ID=0, System name=CloudSE2980",Reliable,11.793
2024-06-07 17:00+03:00,60,"BUMGW01/Software System:System ID=0, System name=CloudSE2980",Reliable,11.507
2024-06-07 17:00+03:00,60,"MDMGW08/Software System:System ID=0, System name=CloudSE2980",Reliable,7.678999999999999
2024-06-07 17:00+03:00,60,"MKMGW05/Software System:System ID=0, System name=CloudSE2980",Reliable,9.46
2024-06-07 17:00+03:00,60,"JNMGW07/Software System:System ID=0, System name=CloudSE2980",Reliable,12.32
2024-06-07 18:00+03:00,60,"BUMGW01/Software System:System ID=0, System name=CloudSE2980",Reliable,12.14
2024-06-07 18:00+03:00,60,"MDMGW08/Software System:System ID=0, System name=CloudSE2980",Reliable,8.163
2024-06-07 18:00+03:00,60,"MKMGW05/Software System:System ID=0, System name=CloudSE2980",Reliable,10.002
2024-06-07 18:00+03:00,60,"JNMGW07/Software System:System ID=0, System name=CloudSE2980",Reliable,13.411
2024-06-07 19:00+03:00,60,"BUMGW01/Software System:System ID=0, System name=CloudSE2980",Reliable,13.447000000000001
2024-06-07 19:00+03:00,60,"MDMGW08/Software System:System ID=0, System name=CloudSE2980",Reliable,9.548
2024-06-07 19:00+03:00,60,"MKMGW05/Software System:System ID=0, System name=CloudSE2980",Reliable,11.376
2024-06-07 19:00+03:00,60,"JNMGW07/Software System:System ID=0, System name=CloudSE2980",Reliable,16.213
2024-06-07 20:00+03:00,60,"BUMGW01/Software System:System ID=0, System name=CloudSE2980",Reliable,14.751
2024-06-07 20:00+03:00,60,"MDMGW08/Software System:System ID=0, System name=CloudSE2980",Reliable,10.702
2024-06-07 20:00+03:00,60,"MKMGW05/Software System:System ID=0, System name=CloudSE2980",Reliable,12.698
2024-06-07 20:00+03:00,60,"JNMGW07/Software System:System ID=0, System name=CloudSE2980",Reliable,18.095
2024-06-07 21:00+03:00,60,"BUMGW01/Software System:System ID=0, System name=CloudSE2980",Reliable,15.335999999999999
2024-06-07 21:00+03:00,60,"MDMGW08/Software System:System ID=0, System name=CloudSE2980",Reliable,10.895
2024-06-07 21:00+03:00,60,"MKMGW05/Software System:System ID=0, System name=CloudSE2980",Reliable,12.411
2024-06-07 21:00+03:00,60,"JNMGW07/Software System:System ID=0, System name=CloudSE2980",Reliable,18.387
2024-06-07 22:00+03:00,60,"BUMGW01/Software System:System ID=0, System name=CloudSE2980",Reliable,13.940999999999999
2024-06-07 22:00+03:00,60,"MDMGW08/Software System:System ID=0, System name=CloudSE2980",Reliable,9.693999999999999
2024-06-07 22:00+03:00,60,"MKMGW05/Software System:System ID=0, System name=CloudSE2980",Reliable,10.987
2024-06-07 22:00+03:00,60,"JNMGW07/Software System:System ID=0, System name=CloudSE2980",Reliable,15.834000000000001
2024-06-07 23:00+03:00,60,"BUMGW01/Software System:System ID=0, System name=CloudSE2980",Reliable,9.413
2024-06-07 23:00+03:00,60,"MDMGW08/Software System:System ID=0, System name=CloudSE2980",Reliable,6.603
2024-06-07 23:00+03:00,60,"MKMGW05/Software System:System ID=0, System name=CloudSE2980",Reliable,7.622000000000001
2024-06-07 23:00+03:00,60,"JNMGW07/Software System:System ID=0, System name=CloudSE2980",Reliable,9.497
