Result Time,Granularity Period,Object Name,Reliability,Peak Licensed Traffic
2024-06-08 00:00+03:00,60,AHMGW2/MGWFunction:AHMGW2,Reliable,13457
2024-06-08 00:00+03:00,60,AHMGW3/MGWFunction:AHMGW3,Reliable,11028
2024-06-08 00:00+03:00,60,BUMGW9/MGWFunction:BUMGW9,Reliable,11923
2024-06-08 00:00+03:00,60,MBMGW6/MGWFunction:MBMGW6,Reliable,6185
2024-06-08 00:00+03:00,60,RWMGW10/MGWFunction:RWMGW10,Reliable,3182
2024-06-08 00:00+03:00,60,RWMGW4/MGWFunction:RWMGW4,Reliable,2367
2024-06-08 00:00+03:00,60,AHMGW11/MGWFunction:AHMGW11,Reliable,13869
2024-06-08 01:00+03:00,60,AHMGW2/MGWFunction:AHMGW2,Reliable,5278
2024-06-08 01:00+03:00,60,AHMGW3/MGWFunction:AHMGW3,Reliable,4309
2024-06-08 01:00+03:00,60,BUMGW9/MGWFunction:BUMGW9,Reliable,4469
2024-06-08 01:00+03:00,60,MBMGW6/MGWFunction:MBMGW6,Reliable,2022
2024-06-08 01:00+03:00,60,RWMGW10/MGWFunction:RWMGW10,Reliable,1278
2024-06-08 01:00+03:00,60,RWMGW4/MGWFunction:RWMGW4,Reliable,892
2024-06-08 01:00+03:00,60,AHMGW11/MGWFunction:AHMGW11,Reliable,5367
2024-06-08 02:00+03:00,60,AHMGW2/MGWFunction:AHMGW2,Reliable,2108
2024-06-08 02:00+03:00,60,AHMGW3/MGWFunction:AHMGW3,Reliable,1765
2024-06-08 02:00+03:00,60,BUMGW9/MGWFunction:BUMGW9,Reliable,1850
2024-06-08 02:00+03:00,60,MBMGW6/MGWFunction:MBMGW6,Reliable,828
2024-06-08 02:00+03:00,60,RWMGW10/MGWFunction:RWMGW10,Reliable,611
2024-06-08 02:00+03:00,60,RWMGW4/MGWFunction:RWMGW4,Reliable,454
2024-06-08 02:00+03:00,60,AHMGW11/MGWFunction:AHMGW11,Reliable,2143
2024-06-08 03:00+03:00,60,AHMGW2/MGWFunction:AHMGW2,Reliable,1217
2024-06-08 03:00+03:00,60,AHMGW3/MGWFunction:AHMGW3,Reliable,991
2024-06-08 03:00+03:00,60,BUMGW9/MGWFunction:BUMGW9,Reliable,1092
2024-06-08 03:00+03:00,60,MBMGW6/MGWFunction:MBMGW6,Reliable,622
2024-06-08 03:00+03:00,60,RWMGW10/MGWFunction:RWMGW10,Reliable,370
2024-06-08 03:00+03:00,60,RWMGW4/MGWFunction:RWMGW4,Reliable,275
2024-06-08 03:00+03:00,60,AHMGW11/MGWFunction:AHMGW11,Reliable,1297
2024-06-08 04:00+03:00,60,AHMGW2/MGWFunction:AHMGW2,Reliable,1026
2024-06-08 04:00+03:00,60,AHMGW3/MGWFunction:AHMGW3,Reliable,938
2024-06-08 04:00+03:00,60,BUMGW9/MGWFunction:BUMGW9,Reliable,949
2024-06-08 04:00+03:00,60,MBMGW6/MGWFunction:MBMGW6,Reliable,867
2024-06-08 04:00+03:00,60,RWMGW10/MGWFunction:RWMGW10,Reliable,294
2024-06-08 04:00+03:00,60,RWMGW4/MGWFunction:RWMGW4,Reliable,257
2024-06-08 04:00+03:00,60,AHMGW11/MGWFunction:AHMGW11,Reliable,955
2024-06-08 05:00+03:00,60,AHMGW2/MGWFunction:AHMGW2,Reliable,2495
2024-06-08 05:00+03:00,60,AHMGW3/MGWFunction:AHMGW3,Reliable,2035
2024-06-08 05:00+03:00,60,BUMGW9/MGWFunction:BUMGW9,Reliable,2163
2024-06-08 05:00+03:00,60,MBMGW6/MGWFunction:MBMGW6,Reliable,2626
2024-06-08 05:00+03:00,60,RWMGW10/MGWFunction:RWMGW10,Reliable,720
2024-06-08 05:00+03:00,60,RWMGW4/MGWFunction:RWMGW4,Reliable,621
2024-06-08 05:00+03:00,60,AHMGW11/MGWFunction:AHMGW11,Reliable,2325
2024-06-08 06:00+03:00,60,AHMGW2/MGWFunction:AHMGW2,Reliable,12041
2024-06-08 06:00+03:00,60,AHMGW3/MGWFunction:AHMGW3,Reliable,9723
2024-06-08 06:00+03:00,60,BUMGW9/MGWFunction:BUMGW9,Reliable,9975
2024-06-08 06:00+03:00,60,MBMGW6/MGWFunction:MBMGW6,Reliable,11057
2024-06-08 06:00+03:00,60,RWMGW10/MGWFunction:RWMGW10,Reliable,4107
2024-06-08 06:00+03:00,60,RWMGW4/MGWFunction:RWMGW4,Reliable,3377
2024-06-08 06:00+03:00,60,AHMGW11/MGWFunction:AHMGW11,Reliable,10740
2024-06-08 07:00+03:00,60,AHMGW2/MGWFunction:AHMGW2,Reliable,22361
2024-06-08 07:00+03:00,60,AHMGW3/MGWFunction:AHMGW3,Reliable,18573
2024-06-08 07:00+03:00,60,BUMGW9/MGWFunction:BUMGW9,Reliable,19552
2024-06-08 07:00+03:00,60,MBMGW6/MGWFunction:MBMGW6,Reliable,15207
2024-06-08 07:00+03:00,60,RWMGW10/MGWFunction:RWMGW10,Reliable,7306
2024-06-08 07:00+03:00,60,RWMGW4/MGWFunction:RWMGW4,Reliable,5681
2024-06-08 07:00+03:00,60,AHMGW11/MGWFunction:AHMGW11,Reliable,20818
2024-06-08 08:00+03:00,60,AHMGW2/MGWFunction:AHMGW2,Reliable,26766
2024-06-08 08:00+03:00,60,AHMGW3/MGWFunction:AHMGW3,Reliable,23257
2024-06-08 08:00+03:00,60,BUMGW9/MGWFunction:BUMGW9,Reliable,24760
2024-06-08 08:00+03:00,60,MBMGW6/MGWFunction:MBMGW6,Reliable,16604
2024-06-08 08:00+03:00,60,RWMGW10/MGWFunction:RWMGW10,Reliable,8007
2024-06-08 08:00+03:00,60,RWMGW4/MGWFunction:RWMGW4,Reliable,6142
2024-06-08 08:00+03:00,60,AHMGW11/MGWFunction:AHMGW11,Reliable,25686
2024-06-08 09:00+03:00,60,AHMGW2/MGWFunction:AHMGW2,Reliable,29059
2024-06-08 09:00+03:00,60,AHMGW3/MGWFunction:AHMGW3,Reliable,25162
2024-06-08 09:00+03:00,60,BUMGW9/MGWFunction:BUMGW9,Reliable,28366
2024-06-08 09:00+03:00,60,MBMGW6/MGWFunction:MBMGW6,Reliable,16927
2024-06-08 09:00+03:00,60,RWMGW10/MGWFunction:RWMGW10,Reliable,8467
2024-06-08 09:00+03:00,60,RWMGW4/MGWFunction:RWMGW4,Reliable,6194
2024-06-08 09:00+03:00,60,AHMGW11/MGWFunction:AHMGW11,Reliable,27917
2024-06-08 10:00+03:00,60,AHMGW2/MGWFunction:AHMGW2,Reliable,29919
2024-06-08 10:00+03:00,60,AHMGW3/MGWFunction:AHMGW3,Reliable,26175
2024-06-08 10:00+03:00,60,BUMGW9/MGWFunction:BUMGW9,Reliable,29739
2024-06-08 10:00+03:00,60,MBMGW6/MGWFunction:MBMGW6,Reliable,17275
2024-06-08 10:00+03:00,60,RWMGW10/MGWFunction:RWMGW10,Reliable,8331
2024-06-08 10:00+03:00,60,RWMGW4/MGWFunction:RWMGW4,Reliable,6237
2024-06-08 10:00+03:00,60,AHMGW11/MGWFunction:AHMGW11,Reliable,28732
2024-06-08 11:00+03:00,60,AHMGW2/MGWFunction:AHMGW2,Reliable,29721
2024-06-08 11:00+03:00,60,AHMGW3/MGWFunction:AHMGW3,Reliable,25839
2024-06-08 11:00+03:00,60,BUMGW9/MGWFunction:BUMGW9,Reliable,29904
2024-06-08 11:00+03:00,60,MBMGW6/MGWFunction:MBMGW6,Reliable,17567
2024-06-08 11:00+03:00,60,RWMGW10/MGWFunction:RWMGW10,Reliable,8091
2024-06-08 11:00+03:00,60,RWMGW4/MGWFunction:RWMGW4,Reliable,6143
2024-06-08 11:00+03:00,60,AHMGW11/MGWFunction:AHMGW11,Reliable,28702
2024-06-08 12:00+03:00,60,AHMGW2/MGWFunction:AHMGW2,Reliable,29352
2024-06-08 12:00+03:00,60,AHMGW3/MGWFunction:AHMGW3,Reliable,25782
2024-06-08 12:00+03:00,60,BUMGW9/MGWFunction:BUMGW9,Reliable,29890
2024-06-08 12:00+03:00,60,MBMGW6/MGWFunction:MBMGW6,Reliable,17873
2024-06-08 12:00+03:00,60,RWMGW10/MGWFunction:RWMGW10,Reliable,7807
2024-06-08 12:00+03:00,60,RWMGW4/MGWFunction:RWMGW4,Reliable,6011
2024-06-08 12:00+03:00,60,AHMGW11/MGWFunction:AHMGW11,Reliable,28063
2024-06-08 13:00+03:00,60,AHMGW2/MGWFunction:AHMGW2,Reliable,28811
2024-06-08 13:00+03:00,60,AHMGW3/MGWFunction:AHMGW3,Reliable,25337
2024-06-08 13:00+03:00,60,BUMGW9/MGWFunction:BUMGW9,Reliable,29370
2024-06-08 13:00+03:00,60,MBMGW6/MGWFunction:MBMGW6,Reliable,17454
2024-06-08 13:00+03:00,60,RWMGW10/MGWFunction:RWMGW10,Reliable,7630
2024-06-08 13:00+03:00,60,RWMGW4/MGWFunction:RWMGW4,Reliable,6124
2024-06-08 13:00+03:00,60,AHMGW11/MGWFunction:AHMGW11,Reliable,27728
2024-06-08 14:00+03:00,60,AHMGW2/MGWFunction:AHMGW2,Reliable,28835
2024-06-08 14:00+03:00,60,AHMGW3/MGWFunction:AHMGW3,Reliable,25139
2024-06-08 14:00+03:00,60,BUMGW9/MGWFunction:BUMGW9,Reliable,29395
2024-06-08 14:00+03:00,60,MBMGW6/MGWFunction:MBMGW6,Reliable,17975
2024-06-08 14:00+03:00,60,RWMGW10/MGWFunction:RWMGW10,Reliable,7883
2024-06-08 14:00+03:00,60,RWMGW4/MGWFunction:RWMGW4,Reliable,6285
2024-06-08 14:00+03:00,60,AHMGW11/MGWFunction:AHMGW11,Reliable,27714
2024-06-08 15:00+03:00,60,AHMGW2/MGWFunction:AHMGW2,Reliable,28290
2024-06-08 15:00+03:00,60,AHMGW3/MGWFunction:AHMGW3,Reliable,24792
2024-06-08 15:00+03:00,60,BUMGW9/MGWFunction:BUMGW9,Reliable,28715
2024-06-08 15:00+03:00,60,MBMGW6/MGWFunction:MBMGW6,Reliable,18538
2024-06-08 15:00+03:00,60,RWMGW10/MGWFunction:RWMGW10,Reliable,7893
2024-06-08 15:00+03:00,60,RWMGW4/MGWFunction:RWMGW4,Reliable,6357
2024-06-08 15:00+03:00,60,AHMGW11/MGWFunction:AHMGW11,Reliable,27197
2024-06-08 16:00+03:00,60,AHMGW2/MGWFunction:AHMGW2,Reliable,28328
2024-06-08 16:00+03:00,60,AHMGW3/MGWFunction:AHMGW3,Reliable,24690
2024-06-08 16:00+03:00,60,BUMGW9/MGWFunction:BUMGW9,Reliable,28772
2024-06-08 16:00+03:00,60,MBMGW6/MGWFunction:MBMGW6,Reliable,19247
2024-06-08 16:00+03:00,60,RWMGW10/MGWFunction:RWMGW10,Reliable,8105
2024-06-08 16:00+03:00,60,RWMGW4/MGWFunction:RWMGW4,Reliable,6508
2024-06-08 16:00+03:00,60,AHMGW11/MGWFunction:AHMGW11,Reliable,27294
2024-06-08 17:00+03:00,60,AHMGW2/MGWFunction:AHMGW2,Reliable,29470
2024-06-08 17:00+03:00,60,AHMGW3/MGWFunction:AHMGW3,Reliable,25854
2024-06-08 17:00+03:00,60,BUMGW9/MGWFunction:BUMGW9,Reliable,29321
2024-06-08 17:00+03:00,60,MBMGW6/MGWFunction:MBMGW6,Reliable,20359
2024-06-08 17:00+03:00,60,RWMGW10/MGWFunction:RWMGW10,Reliable,8418
2024-06-08 17:00+03:00,60,RWMGW4/MGWFunction:RWMGW4,Reliable,6919
2024-06-08 17:00+03:00,60,AHMGW11/MGWFunction:AHMGW11,Reliable,28449
2024-06-08 18:00+03:00,60,AHMGW2/MGWFunction:AHMGW2,Reliable,31448
2024-06-08 18:00+03:00,60,AHMGW3/MGWFunction:AHMGW3,Reliable,27632
2024-06-08 18:00+03:00,60,BUMGW9/MGWFunction:BUMGW9,Reliable,30649
2024-06-08 18:00+03:00,60,MBMGW6/MGWFunction:MBMGW6,Reliable,23508
2024-06-08 18:00+03:00,60,RWMGW10/MGWFunction:RWMGW10,Reliable,9361
2024-06-08 18:00+03:00,60,RWMGW4/MGWFunction:RWMGW4,Reliable,7462
2024-06-08 18:00+03:00,60,AHMGW11/MGWFunction:AHMGW11,Reliable,30414
2024-06-08 19:00+03:00,60,AHMGW2/MGWFunction:AHMGW2,Reliable,38486
2024-06-08 19:00+03:00,60,AHMGW3/MGWFunction:AHMGW3,Reliable,34849
2024-06-08 19:00+03:00,60,BUMGW9/MGWFunction:BUMGW9,Reliable,35806
2024-06-08 19:00+03:00,60,MBMGW6/MGWFunction:MBMGW6,Reliable,30057
2024-06-08 19:00+03:00,60,RWMGW10/MGWFunction:RWMGW10,Reliable,11677
2024-06-08 19:00+03:00,60,RWMGW4/MGWFunction:RWMGW4,Reliable,9527
2024-06-08 19:00+03:00,60,AHMGW11/MGWFunction:AHMGW11,Reliable,37459
2024-06-08 20:00+03:00,60,AHMGW2/MGWFunction:AHMGW2,Reliable,39711
2024-06-08 20:00+03:00,60,AHMGW3/MGWFunction:AHMGW3,Reliable,35663
2024-06-08 20:00+03:00,60,BUMGW9/MGWFunction:BUMGW9,Reliable,36648
2024-06-08 20:00+03:00,60,MBMGW6/MGWFunction:MBMGW6,Reliable,31994
2024-06-08 20:00+03:00,60,RWMGW10/MGWFunction:RWMGW10,Reliable,12343
2024-06-08 20:00+03:00,60,RWMGW4/MGWFunction:RWMGW4,Reliable,10114
2024-06-08 20:00+03:00,60,AHMGW11/MGWFunction:AHMGW11,Reliable,38485
2024-06-08 21:00+03:00,60,AHMGW2/MGWFunction:AHMGW2,Reliable,39601
2024-06-08 21:00+03:00,60,AHMGW3/MGWFunction:AHMGW3,Reliable,35350
2024-06-08 21:00+03:00,60,BUMGW9/MGWFunction:BUMGW9,Reliable,35585
2024-06-08 21:00+03:00,60,MBMGW6/MGWFunction:MBMGW6,Reliable,31569
2024-06-08 21:00+03:00,60,RWMGW10/MGWFunction:RWMGW10,Reliable,12008
2024-06-08 21:00+03:00,60,RWMGW4/MGWFunction:RWMGW4,Reliable,9784
2024-06-08 21:00+03:00,60,AHMGW11/MGWFunction:AHMGW11,Reliable,38494
2024-06-08 22:00+03:00,60,AHMGW2/MGWFunction:AHMGW2,Reliable,36911
2024-06-08 22:00+03:00,60,AHMGW3/MGWFunction:AHMGW3,Reliable,32115
2024-06-08 22:00+03:00,60,BUMGW9/MGWFunction:BUMGW9,Reliable,32882
2024-06-08 22:00+03:00,60,MBMGW6/MGWFunction:MBMGW6,Reliable,29522
2024-06-08 22:00+03:00,60,RWMGW10/MGWFunction:RWMGW10,Reliable,10748
2024-06-08 22:00+03:00,60,RWMGW4/MGWFunction:RWMGW4,Reliable,8701
2024-06-08 22:00+03:00,60,AHMGW11/MGWFunction:AHMGW11,Reliable,35801
2024-06-08 23:00+03:00,60,AHMGW2/MGWFunction:AHMGW2,Reliable,27277
2024-06-08 23:00+03:00,60,AHMGW3/MGWFunction:AHMGW3,Reliable,23239
2024-06-08 23:00+03:00,60,BUMGW9/MGWFunction:BUMGW9,Reliable,24319
2024-06-08 23:00+03:00,60,MBMGW6/MGWFunction:MBMGW6,Reliable,18668
2024-06-08 23:00+03:00,60,RWMGW10/MGWFunction:RWMGW10,Reliable,7718
2024-06-08 23:00+03:00,60,RWMGW4/MGWFunction:RWMGW4,Reliable,5928
2024-06-08 23:00+03:00,60,AHMGW11/MGWFunction:AHMGW11,Reliable,27382
2024-06-08 00:00+03:00,60,LRMGW12/MGWFunction:LRMGW12,Reliable,1892
2024-06-08 00:00+03:00,60,FPMGW13/MGWFunction:FPMGW13,Reliable,5394
2024-06-08 01:00+03:00,60,LRMGW12/MGWFunction:LRMGW12,Reliable,648
2024-06-08 01:00+03:00,60,FPMGW13/MGWFunction:FPMGW13,Reliable,2107
2024-06-08 02:00+03:00,60,LRMGW12/MGWFunction:LRMGW12,Reliable,256
2024-06-08 02:00+03:00,60,FPMGW13/MGWFunction:FPMGW13,Reliable,929
2024-06-08 03:00+03:00,60,LRMGW12/MGWFunction:LRMGW12,Reliable,175
2024-06-08 03:00+03:00,60,FPMGW13/MGWFunction:FPMGW13,Reliable,587
2024-06-08 04:00+03:00,60,LRMGW12/MGWFunction:LRMGW12,Reliable,234
2024-06-08 04:00+03:00,60,FPMGW13/MGWFunction:FPMGW13,Reliable,500
2024-06-08 05:00+03:00,60,LRMGW12/MGWFunction:LRMGW12,Reliable,760
2024-06-08 05:00+03:00,60,FPMGW13/MGWFunction:FPMGW13,Reliable,1228
2024-06-08 06:00+03:00,60,LRMGW12/MGWFunction:LRMGW12,Reliable,3372
2024-06-08 06:00+03:00,60,FPMGW13/MGWFunction:FPMGW13,Reliable,7448
2024-06-08 07:00+03:00,60,LRMGW12/MGWFunction:LRMGW12,Reliable,4590
2024-06-08 07:00+03:00,60,FPMGW13/MGWFunction:FPMGW13,Reliable,12270
2024-06-08 08:00+03:00,60,LRMGW12/MGWFunction:LRMGW12,Reliable,4858
2024-06-08 08:00+03:00,60,FPMGW13/MGWFunction:FPMGW13,Reliable,12910
2024-06-08 09:00+03:00,60,LRMGW12/MGWFunction:LRMGW12,Reliable,5006
2024-06-08 09:00+03:00,60,FPMGW13/MGWFunction:FPMGW13,Reliable,13063
2024-06-08 10:00+03:00,60,LRMGW12/MGWFunction:LRMGW12,Reliable,5178
2024-06-08 10:00+03:00,60,FPMGW13/MGWFunction:FPMGW13,Reliable,13141
2024-06-08 11:00+03:00,60,LRMGW12/MGWFunction:LRMGW12,Reliable,5137
2024-06-08 11:00+03:00,60,FPMGW13/MGWFunction:FPMGW13,Reliable,12829
2024-06-08 12:00+03:00,60,LRMGW12/MGWFunction:LRMGW12,Reliable,5075
2024-06-08 12:00+03:00,60,FPMGW13/MGWFunction:FPMGW13,Reliable,12480
2024-06-08 13:00+03:00,60,LRMGW12/MGWFunction:LRMGW12,Reliable,5102
2024-06-08 13:00+03:00,60,FPMGW13/MGWFunction:FPMGW13,Reliable,12886
2024-06-08 14:00+03:00,60,LRMGW12/MGWFunction:LRMGW12,Reliable,5217
2024-06-08 14:00+03:00,60,FPMGW13/MGWFunction:FPMGW13,Reliable,13082
2024-06-08 15:00+03:00,60,LRMGW12/MGWFunction:LRMGW12,Reliable,5317
2024-06-08 15:00+03:00,60,FPMGW13/MGWFunction:FPMGW13,Reliable,13352
2024-06-08 16:00+03:00,60,LRMGW12/MGWFunction:LRMGW12,Reliable,5457
2024-06-08 16:00+03:00,60,FPMGW13/MGWFunction:FPMGW13,Reliable,13772
2024-06-08 17:00+03:00,60,LRMGW12/MGWFunction:LRMGW12,Reliable,5701
2024-06-08 17:00+03:00,60,FPMGW13/MGWFunction:FPMGW13,Reliable,14254
2024-06-08 18:00+03:00,60,LRMGW12/MGWFunction:LRMGW12,Reliable,6378
2024-06-08 18:00+03:00,60,FPMGW13/MGWFunction:FPMGW13,Reliable,15823
2024-06-08 19:00+03:00,60,LRMGW12/MGWFunction:LRMGW12,Reliable,8396
2024-06-08 19:00+03:00,60,FPMGW13/MGWFunction:FPMGW13,Reliable,21605
2024-06-08 20:00+03:00,60,LRMGW12/MGWFunction:LRMGW12,Reliable,8792
2024-06-08 20:00+03:00,60,FPMGW13/MGWFunction:FPMGW13,Reliable,22056
2024-06-08 21:00+03:00,60,LRMGW12/MGWFunction:LRMGW12,Reliable,8638
2024-06-08 21:00+03:00,60,FPMGW13/MGWFunction:FPMGW13,Reliable,21727
2024-06-08 22:00+03:00,60,LRMGW12/MGWFunction:LRMGW12,Reliable,7685
2024-06-08 22:00+03:00,60,FPMGW13/MGWFunction:FPMGW13,Reliable,19089
2024-06-08 23:00+03:00,60,LRMGW12/MGWFunction:LRMGW12,Reliable,4663
2024-06-08 23:00+03:00,60,FPMGW13/MGWFunction:FPMGW13,Reliable,13264
