Result Time,Granularity Period,Object Name,Reliability,Attached Subs,HSS Subs (with LTE Profile),Total HSS Subs (2G+3G+LTE)
2024-06-08 00:00+03:00,60,HSS9860-2/Measurement object ID:Measurement OBJECT ID=OBJECT0,Reliable,3905050,7014737,31906873
2024-06-08 00:00+03:00,60,HSS9860-1/Measurement object ID:Measurement OBJECT ID=OBJECT0,Reliable,3905050,7014737,31906873
2024-06-08 01:00+03:00,60,HSS9860-2/Measurement object ID:Measurement OBJECT ID=OBJECT0,Reliable,3905050,7014737,31906873
2024-06-08 01:00+03:00,60,HSS9860-1/Measurement object ID:Measurement OBJECT ID=OBJECT0,Reliable,3905050,7014737,31906873
2024-06-08 02:00+03:00,60,HSS9860-2/Measurement object ID:Measurement OBJECT ID=OBJECT0,Reliable,3905050,7014737,31937561
2024-06-08 02:00+03:00,60,HSS9860-1/Measurement object ID:Measurement OBJECT ID=OBJECT0,Reliable,3905050,7014737,31937561
2024-06-08 03:00+03:00,60,HSS9860-2/Measurement object ID:Measurement OBJECT ID=OBJECT0,Reliable,3912317,7038760,31961584
2024-06-08 03:00+03:00,60,HSS9860-1/Measurement object ID:Measurement OBJECT ID=OBJECT0,Reliable,3912317,7038760,31961584
2024-06-08 04:00+03:00,60,HSS9860-2/Measurement object ID:Measurement OBJECT ID=OBJECT0,Reliable,3912317,7038760,31961584
2024-06-08 04:00+03:00,60,HSS9860-1/Measurement object ID:Measurement OBJECT ID=OBJECT0,Reliable,3912317,7038760,31961584
2024-06-08 05:00+03:00,60,HSS9860-2/Measurement object ID:Measurement OBJECT ID=OBJECT0,Reliable,3912317,7038760,31961584
2024-06-08 05:00+03:00,60,HSS9860-1/Measurement object ID:Measurement OBJECT ID=OBJECT0,Reliable,3912317,7038760,31961584
2024-06-08 06:00+03:00,60,HSS9860-2/Measurement object ID:Measurement OBJECT ID=OBJECT0,Reliable,3912317,7038760,31961584
2024-06-08 06:00+03:00,60,HSS9860-1/Measurement object ID:Measurement OBJECT ID=OBJECT0,Reliable,3912317,7038760,31961584
2024-06-08 07:00+03:00,60,HSS9860-2/Measurement object ID:Measurement OBJECT ID=OBJECT0,Reliable,3912317,7038760,31961584
2024-06-08 07:00+03:00,60,HSS9860-1/Measurement object ID:Measurement OBJECT ID=OBJECT0,Reliable,3912317,7038760,31961584
2024-06-08 08:00+03:00,60,HSS9860-2/Measurement object ID:Measurement OBJECT ID=OBJECT0,Reliable,3912317,7038760,31961584
2024-06-08 08:00+03:00,60,HSS9860-1/Measurement object ID:Measurement OBJECT ID=OBJECT0,Reliable,3912317,7038760,31961584
2024-06-08 09:00+03:00,60,HSS9860-2/Measurement object ID:Measurement OBJECT ID=OBJECT0,Reliable,3912317,7038760,31961584
2024-06-08 09:00+03:00,60,HSS9860-1/Measurement object ID:Measurement OBJECT ID=OBJECT0,Reliable,3912317,7038760,31961584
2024-06-08 10:00+03:00,60,HSS9860-2/Measurement object ID:Measurement OBJECT ID=OBJECT0,Reliable,3912317,7038760,31961584
2024-06-08 10:00+03:00,60,HSS9860-1/Measurement object ID:Measurement OBJECT ID=OBJECT0,Reliable,3912317,7038760,31961584
2024-06-08 11:00+03:00,60,HSS9860-2/Measurement object ID:Measurement OBJECT ID=OBJECT0,Reliable,3912317,7038760,31961584
2024-06-08 11:00+03:00,60,HSS9860-1/Measurement object ID:Measurement OBJECT ID=OBJECT0,Reliable,3912317,7038760,31961584
2024-06-08 12:00+03:00,60,HSS9860-2/Measurement object ID:Measurement OBJECT ID=OBJECT0,Reliable,3912317,7038760,31961584
2024-06-08 12:00+03:00,60,HSS9860-1/Measurement object ID:Measurement OBJECT ID=OBJECT0,Reliable,3912317,7038760,31961584
2024-06-08 13:00+03:00,60,HSS9860-2/Measurement object ID:Measurement OBJECT ID=OBJECT0,Reliable,3912317,7038760,31961584
2024-06-08 13:00+03:00,60,HSS9860-1/Measurement object ID:Measurement OBJECT ID=OBJECT0,Reliable,3912317,7038760,31961584
2024-06-08 14:00+03:00,60,HSS9860-2/Measurement object ID:Measurement OBJECT ID=OBJECT0,Reliable,3912317,7038760,31961584
2024-06-08 14:00+03:00,60,HSS9860-1/Measurement object ID:Measurement OBJECT ID=OBJECT0,Reliable,3912317,7038760,31961584
2024-06-08 15:00+03:00,60,HSS9860-2/Measurement object ID:Measurement OBJECT ID=OBJECT0,Reliable,3912317,7038760,31961584
2024-06-08 15:00+03:00,60,HSS9860-1/Measurement object ID:Measurement OBJECT ID=OBJECT0,Reliable,3912317,7038760,31961584
2024-06-08 16:00+03:00,60,HSS9860-2/Measurement object ID:Measurement OBJECT ID=OBJECT0,Reliable,3912317,7038760,31961584
2024-06-08 16:00+03:00,60,HSS9860-1/Measurement object ID:Measurement OBJECT ID=OBJECT0,Reliable,3912317,7038760,31961584
2024-06-08 17:00+03:00,60,HSS9860-2/Measurement object ID:Measurement OBJECT ID=OBJECT0,Reliable,3912317,7038760,31961584
2024-06-08 17:00+03:00,60,HSS9860-1/Measurement object ID:Measurement OBJECT ID=OBJECT0,Reliable,3912317,7038760,31961584
2024-06-08 18:00+03:00,60,HSS9860-2/Measurement object ID:Measurement OBJECT ID=OBJECT0,Reliable,3912317,7038760,31961584
2024-06-08 18:00+03:00,60,HSS9860-1/Measurement object ID:Measurement OBJECT ID=OBJECT0,Reliable,3912317,7038760,31961584
2024-06-08 19:00+03:00,60,HSS9860-2/Measurement object ID:Measurement OBJECT ID=OBJECT0,Reliable,3912317,7038760,31961584
2024-06-08 19:00+03:00,60,HSS9860-1/Measurement object ID:Measurement OBJECT ID=OBJECT0,Reliable,3912317,7038760,31961584
2024-06-08 20:00+03:00,60,HSS9860-2/Measurement object ID:Measurement OBJECT ID=OBJECT0,Reliable,3912317,7038760,31961584
2024-06-08 20:00+03:00,60,HSS9860-1/Measurement object ID:Measurement OBJECT ID=OBJECT0,Reliable,3912317,7038760,31961584
2024-06-08 21:00+03:00,60,HSS9860-2/Measurement object ID:Measurement OBJECT ID=OBJECT0,Reliable,3912317,7038760,31961584
2024-06-08 21:00+03:00,60,HSS9860-1/Measurement object ID:Measurement OBJECT ID=OBJECT0,Reliable,3912317,7038760,31961584
2024-06-08 22:00+03:00,60,HSS9860-2/Measurement object ID:Measurement OBJECT ID=OBJECT0,Reliable,3912317,7038760,31961584
2024-06-08 22:00+03:00,60,HSS9860-1/Measurement object ID:Measurement OBJECT ID=OBJECT0,Reliable,3912317,7038760,31961584
2024-06-08 23:00+03:00,60,HSS9860-2/Measurement object ID:Measurement OBJECT ID=OBJECT0,Reliable,3912317,7038760,31961584
