Result Time,Granularity Period,Object Name,Reliability,CAUSE129_unallocated DN,CAUSE130_no route to the selected transit network,CAUSE131_no route to the callee,CAUSE133_dial wrong prefix of long distance call,CAUSE134_route unacceptable,CAUSE145_user decide to busy,CAUSE146_no response from callee,CAUSE147_no answer from callee,CAUSE149_call rejected,CAUSE155_termination error,CAUSE156_invalid DN format,CAUSE157_facility rejected,CAUSE162_no route available,CAUSE166_network error,CAUSE169_temporary error,CAUSE170_device congestion,CAUSE172_no route or circuit applied available,CAUSE174_precedence call blocked,CAUSE175_no resource available,CAUSE177_no suitable service quality,CAUSE178_facility applied not preserved before,CAUSE216_incompatible terminal,CAUSE219_invalid transit network selection,CAUSE223_invalid message,CAUSE230_recovery of time out,CAUSE231_parameter not exist,CAUSE239_protocol error,CAUSE254_interwork
2024-06-08 00:00+03:00,1440,AHMSC3/MSCServerFunction:AHMSC3,Reliable,6748,2,371132,1,0,1221166,232255,333829,4185,157808,15885,0,14433,39964,4107,8,42988,0,2233,0,0,697,0,8,327740,0,186,40415
2024-06-08 00:00+03:00,1440,BUMSC1/MSCServerFunction:BUMSC1,Reliable,6994,5,366151,1,0,1207911,151790,1041620,3402,156167,45710,0,15421,41778,7058,38,39210,0,1498,0,9,661,0,6,303726,0,215,29638
2024-06-08 00:00+03:00,1440,BUMSC2/MSCServerFunction:BUMSC2,Reliable,4394,0,344533,0,0,991967,86824,158707,2304,140965,41329,0,11351,31258,1676,0,34727,0,833,0,0,411,0,0,284410,0,276,54576
2024-06-08 00:00+03:00,1440,AHMSC4/MSCServerFunction:AHMSC4,Reliable,4293,0,242110,0,0,1209931,179870,194661,2441,156105,11310,0,3644,34315,1749,0,40553,0,975,0,0,544,0,3,129281,0,98,19633
2024-06-08 00:00+03:00,1440,BUMSC5/MSCServerFunction:BUMSC5,Reliable,1854,3,68821,0,0,453552,65479,66964,870,61944,4170,0,3226,15196,615,0,12226,0,302,0,0,194,0,1,57750,0,49,6757
2024-06-08 00:00+03:00,1440,RWMSC6/MSCServerFunction:RWMSC6,Reliable,0,0,0,0,0,0,0,1,0,0,0,0,0,279,0,0,0,0,0,0,0,0,0,0,0,0,0,2
