Result Time,Granularity Period,Object Name,Reliability,BSS Trunk Overflow Times,Call Attempts,Common Resource Application Failures,SCR_2G_3G_DENOM,SCR_2G_3G_KPI,SCR_2G_3G_NOM,Temporary Error,Termination Application Failures
2024-06-08 00:00+03:00,60,"AHMSC3/Local Zone of caller:LABEL=0, STATICAREAX=0",Reliable,0,164349,0,261312,99.406,259760,363,959
2024-06-08 00:00+03:00,60,"BUMSC1/Local Zone of caller:LABEL=0, STATICAREAX=0",Reliable,0,160041,0,256624,99.774,256043,309,23
2024-06-08 00:00+03:00,60,"BUMSC2/Local Zone of caller:LABEL=0, STATICAREAX=0",Reliable,0,146876,0,205602,99.757,205102,337,12
2024-06-08 00:00+03:00,60,"AHMSC4/Local Zone of caller:LABEL=0, STATICAREAX=0",Reliable,0,161444,0,257531,99.78200000000001,256969,347,19
2024-06-08 01:00+03:00,60,"AHMSC3/Local Zone of caller:LABEL=0, STATICAREAX=0",Reliable,0,73633,0,116418,99.059,115322,101,905
2024-06-08 01:00+03:00,60,"BUMSC1/Local Zone of caller:LABEL=0, STATICAREAX=0",Reliable,0,72494,0,115754,99.806,115530,123,2
2024-06-08 01:00+03:00,60,"BUMSC2/Local Zone of caller:LABEL=0, STATICAREAX=0",Reliable,0,67552,0,93545,99.844,93399,86,2
2024-06-08 01:00+03:00,60,"AHMSC4/Local Zone of caller:LABEL=0, STATICAREAX=0",Reliable,0,73081,0,115772,99.8,115541,126,7
2024-06-08 02:00+03:00,60,"AHMSC3/Local Zone of caller:LABEL=0, STATICAREAX=0",Reliable,0,46036,0,71144,98.64200000000001,70178,50,850
2024-06-08 02:00+03:00,60,"BUMSC1/Local Zone of caller:LABEL=0, STATICAREAX=0",Reliable,0,45253,0,70140,99.815,70010,85,6
2024-06-08 02:00+03:00,60,"BUMSC2/Local Zone of caller:LABEL=0, STATICAREAX=0",Reliable,0,42480,0,58101,99.836,58006,58,3
2024-06-08 02:00+03:00,60,"AHMSC4/Local Zone of caller:LABEL=0, STATICAREAX=0",Reliable,0,46404,0,72072,99.85600000000001,71968,70,2
2024-06-08 03:00+03:00,60,"AHMSC3/Local Zone of caller:LABEL=0, STATICAREAX=0",Reliable,0,39853,0,60553,98.421,59597,69,835
2024-06-08 03:00+03:00,60,"BUMSC1/Local Zone of caller:LABEL=0, STATICAREAX=0",Reliable,0,37873,0,58555,99.85799999999999,58472,50,4
2024-06-08 03:00+03:00,60,"BUMSC2/Local Zone of caller:LABEL=0, STATICAREAX=0",Reliable,0,35603,0,48178,99.82600000000001,48094,53,4
2024-06-08 03:00+03:00,60,"AHMSC4/Local Zone of caller:LABEL=0, STATICAREAX=0",Reliable,0,40933,0,62353,99.865,62269,54,2
2024-06-08 04:00+03:00,60,"AHMSC3/Local Zone of caller:LABEL=0, STATICAREAX=0",Reliable,0,42058,0,63012,98.499,62066,70,838
2024-06-08 04:00+03:00,60,"BUMSC1/Local Zone of caller:LABEL=0, STATICAREAX=0",Reliable,0,39290,0,60832,99.83200000000001,60730,58,3
2024-06-08 04:00+03:00,60,"BUMSC2/Local Zone of caller:LABEL=0, STATICAREAX=0",Reliable,0,38416,0,51809,99.87299999999999,51743,48,2
2024-06-08 04:00+03:00,60,"AHMSC4/Local Zone of caller:LABEL=0, STATICAREAX=0",Reliable,0,41355,0,62771,99.86,62683,59,4
2024-06-08 05:00+03:00,60,"AHMSC3/Local Zone of caller:LABEL=0, STATICAREAX=0",Reliable,0,82473,0,119704,99.105,118633,137,863
2024-06-08 05:00+03:00,60,"BUMSC1/Local Zone of caller:LABEL=0, STATICAREAX=0",Reliable,0,79678,0,116350,99.825,116146,133,8
2024-06-08 05:00+03:00,60,"BUMSC2/Local Zone of caller:LABEL=0, STATICAREAX=0",Reliable,0,78882,0,102122,99.835,101953,131,2
2024-06-08 05:00+03:00,60,"AHMSC4/Local Zone of caller:LABEL=0, STATICAREAX=0",Reliable,0,79295,0,116604,99.848,116427,107,7
2024-06-08 06:00+03:00,60,"AHMSC3/Local Zone of caller:LABEL=0, STATICAREAX=0",Reliable,0,334777,0,467863,99.64299999999999,466191,661,787
2024-06-08 06:00+03:00,60,"BUMSC1/Local Zone of caller:LABEL=0, STATICAREAX=0",Reliable,0,335033,0,469033,99.803,468108,650,28
2024-06-08 06:00+03:00,60,"BUMSC2/Local Zone of caller:LABEL=0, STATICAREAX=0",Reliable,0,317012,0,400893,99.79700000000001,400081,656,15
2024-06-08 06:00+03:00,60,"AHMSC4/Local Zone of caller:LABEL=0, STATICAREAX=0",Reliable,0,331743,0,464517,99.818,463671,590,14
2024-06-08 07:00+03:00,60,"AHMSC3/Local Zone of caller:LABEL=0, STATICAREAX=0",Reliable,0,755844,0,1118934,99.676,1115306,1764,987
2024-06-08 07:00+03:00,60,"BUMSC1/Local Zone of caller:LABEL=0, STATICAREAX=0",Reliable,0,754906,0,1118168,99.77600000000001,1115658,1612,75
2024-06-08 07:00+03:00,60,"BUMSC2/Local Zone of caller:LABEL=0, STATICAREAX=0",Reliable,0,724952,0,952214,99.759,949919,1660,64
2024-06-08 07:00+03:00,60,"AHMSC4/Local Zone of caller:LABEL=0, STATICAREAX=0",Reliable,0,745195,0,1107386,99.777,1104913,1516,73
2024-06-08 08:00+03:00,60,"AHMSC3/Local Zone of caller:LABEL=0, STATICAREAX=0",Reliable,0,903911,0,1423867,99.676,1419248,2334,944
2024-06-08 08:00+03:00,60,"BUMSC1/Local Zone of caller:LABEL=0, STATICAREAX=0",Reliable,0,898770,0,1419343,99.73100000000001,1415521,2262,105
2024-06-08 08:00+03:00,60,"BUMSC2/Local Zone of caller:LABEL=0, STATICAREAX=0",Reliable,0,902828,0,1226848,99.742,1223687,2211,91
2024-06-08 08:00+03:00,60,"AHMSC4/Local Zone of caller:LABEL=0, STATICAREAX=0",Reliable,0,898618,0,1416118,99.738,1412406,2200,93
2024-06-08 09:00+03:00,60,"AHMSC3/Local Zone of caller:LABEL=0, STATICAREAX=0",Reliable,0,935042,0,1545115,99.678,1540136,2362,960
2024-06-08 09:00+03:00,60,"BUMSC1/Local Zone of caller:LABEL=0, STATICAREAX=0",Reliable,0,935936,0,1546668,99.735,1542576,2278,106
2024-06-08 09:00+03:00,60,"BUMSC2/Local Zone of caller:LABEL=0, STATICAREAX=0",Reliable,0,1048571,0,1428686,99.71799999999999,1424661,2878,114
2024-06-08 09:00+03:00,60,"AHMSC4/Local Zone of caller:LABEL=0, STATICAREAX=0",Reliable,0,931706,0,1539300,99.72399999999999,1535046,2433,91
2024-06-08 10:00+03:00,60,"AHMSC3/Local Zone of caller:LABEL=0, STATICAREAX=0",Reliable,0,985940,0,1633926,99.67299999999999,1628583,2506,966
2024-06-08 10:00+03:00,60,"BUMSC1/Local Zone of caller:LABEL=0, STATICAREAX=0",Reliable,0,979863,0,1630468,99.73299999999999,1626110,2513,132
2024-06-08 10:00+03:00,60,"BUMSC2/Local Zone of caller:LABEL=0, STATICAREAX=0",Reliable,0,1073017,0,1475481,99.734,1471552,2721,107
2024-06-08 10:00+03:00,60,"AHMSC4/Local Zone of caller:LABEL=0, STATICAREAX=0",Reliable,0,981884,0,1625472,99.73200000000001,1621119,2448,97
2024-06-08 11:00+03:00,60,"AHMSC3/Local Zone of caller:LABEL=0, STATICAREAX=0",Reliable,0,1008801,0,1653775,99.648,1647958,3032,670
2024-06-08 11:00+03:00,60,"BUMSC1/Local Zone of caller:LABEL=0, STATICAREAX=0",Reliable,0,1000566,0,1648484,99.68799999999999,1643348,2817,103
2024-06-08 11:00+03:00,60,"BUMSC2/Local Zone of caller:LABEL=0, STATICAREAX=0",Reliable,0,1028285,0,1429448,99.698,1425136,2884,114
2024-06-08 11:00+03:00,60,"AHMSC4/Local Zone of caller:LABEL=0, STATICAREAX=0",Reliable,0,1002427,0,1642745,99.697,1637766,2770,118
2024-06-08 12:00+03:00,60,"AHMSC3/Local Zone of caller:LABEL=0, STATICAREAX=0",Reliable,0,1027875,0,1667392,99.677,1662012,2775,459
2024-06-08 12:00+03:00,60,"BUMSC1/Local Zone of caller:LABEL=0, STATICAREAX=0",Reliable,0,1012902,0,1655790,99.698,1650786,2732,127
2024-06-08 12:00+03:00,60,"BUMSC2/Local Zone of caller:LABEL=0, STATICAREAX=0",Reliable,0,1020209,0,1416569,99.68799999999999,1412149,2972,115
2024-06-08 12:00+03:00,60,"AHMSC4/Local Zone of caller:LABEL=0, STATICAREAX=0",Reliable,0,1016456,0,1656879,99.691,1651758,2791,130
2024-06-08 13:00+03:00,60,"AHMSC3/Local Zone of caller:LABEL=0, STATICAREAX=0",Reliable,0,1045649,0,1686034,99.69,1680805,2693,618
2024-06-08 13:00+03:00,60,"BUMSC1/Local Zone of caller:LABEL=0, STATICAREAX=0",Reliable,0,1033830,0,1678062,99.73100000000001,1673547,2580,114
2024-06-08 13:00+03:00,60,"BUMSC2/Local Zone of caller:LABEL=0, STATICAREAX=0",Reliable,0,1026528,0,1424833,99.734,1421050,2531,99
2024-06-08 13:00+03:00,60,"AHMSC4/Local Zone of caller:LABEL=0, STATICAREAX=0",Reliable,0,1041881,0,1684851,99.73100000000001,1680326,2595,105
2024-06-08 14:00+03:00,60,"AHMSC3/Local Zone of caller:LABEL=0, STATICAREAX=0",Reliable,0,1059271,0,1690625,99.697,1685504,2734,545
2024-06-08 14:00+03:00,60,"BUMSC1/Local Zone of caller:LABEL=0, STATICAREAX=0",Reliable,0,1048465,0,1682226,99.72200000000001,1677548,2764,92
2024-06-08 14:00+03:00,60,"BUMSC2/Local Zone of caller:LABEL=0, STATICAREAX=0",Reliable,0,1028220,0,1421378,99.72399999999999,1417448,2562,122
2024-06-08 14:00+03:00,60,"AHMSC4/Local Zone of caller:LABEL=0, STATICAREAX=0",Reliable,0,1055478,0,1687423,99.714,1682596,2836,101
2024-06-08 15:00+03:00,60,"AHMSC3/Local Zone of caller:LABEL=0, STATICAREAX=0",Reliable,0,1058020,0,1664597,99.696,1659533,2709,573
2024-06-08 15:00+03:00,60,"BUMSC1/Local Zone of caller:LABEL=0, STATICAREAX=0",Reliable,0,1042704,0,1649175,99.72,1644555,2662,111
2024-06-08 15:00+03:00,60,"BUMSC2/Local Zone of caller:LABEL=0, STATICAREAX=0",Reliable,0,1014311,0,1390705,99.729,1386938,2608,104
2024-06-08 15:00+03:00,60,"AHMSC4/Local Zone of caller:LABEL=0, STATICAREAX=0",Reliable,0,1056697,0,1663962,99.709,1659127,2853,112
2024-06-08 16:00+03:00,60,"AHMSC3/Local Zone of caller:LABEL=0, STATICAREAX=0",Reliable,0,1085078,0,1690360,99.697,1685246,2783,535
2024-06-08 16:00+03:00,60,"BUMSC1/Local Zone of caller:LABEL=0, STATICAREAX=0",Reliable,0,1072353,0,1680931,99.721,1676237,2749,134
2024-06-08 16:00+03:00,60,"BUMSC2/Local Zone of caller:LABEL=0, STATICAREAX=0",Reliable,0,1024516,0,1402025,99.709,1397947,2792,114
2024-06-08 16:00+03:00,60,"AHMSC4/Local Zone of caller:LABEL=0, STATICAREAX=0",Reliable,0,1080017,0,1685676,99.713,1680842,2880,124
2024-06-08 17:00+03:00,60,"AHMSC3/Local Zone of caller:LABEL=0, STATICAREAX=0",Reliable,0,1131677,0,1759190,99.691,1753750,2906,667
2024-06-08 17:00+03:00,60,"BUMSC1/Local Zone of caller:LABEL=0, STATICAREAX=0",Reliable,0,1122729,0,1751752,99.72,1746850,2904,148
2024-06-08 17:00+03:00,60,"BUMSC2/Local Zone of caller:LABEL=0, STATICAREAX=0",Reliable,0,1064591,0,1456340,99.719,1452249,2801,95
2024-06-08 17:00+03:00,60,"AHMSC4/Local Zone of caller:LABEL=0, STATICAREAX=0",Reliable,0,1128637,0,1758027,99.723,1753161,2920,131
2024-06-08 18:00+03:00,60,"AHMSC3/Local Zone of caller:LABEL=0, STATICAREAX=0",Reliable,0,1233432,0,1906743,99.62100000000001,1899524,3796,849
2024-06-08 18:00+03:00,60,"BUMSC1/Local Zone of caller:LABEL=0, STATICAREAX=0",Reliable,0,1223977,0,1897734,99.65,1891090,3831,128
2024-06-08 18:00+03:00,60,"BUMSC2/Local Zone of caller:LABEL=0, STATICAREAX=0",Reliable,0,1153782,0,1572135,99.669,1566939,3546,100
2024-06-08 18:00+03:00,60,"AHMSC4/Local Zone of caller:LABEL=0, STATICAREAX=0",Reliable,0,1223524,0,1896352,99.65100000000001,1889737,3780,135
2024-06-08 19:00+03:00,60,"AHMSC3/Local Zone of caller:LABEL=0, STATICAREAX=0",Reliable,0,1589293,0,2373777,99.662,2365765,4557,792
2024-06-08 19:00+03:00,60,"BUMSC1/Local Zone of caller:LABEL=0, STATICAREAX=0",Reliable,0,1576992,0,2362734,99.697,2355566,4529,203
2024-06-08 19:00+03:00,60,"BUMSC2/Local Zone of caller:LABEL=0, STATICAREAX=0",Reliable,0,1476296,0,1962476,99.68799999999999,1956359,4368,149
2024-06-08 19:00+03:00,60,"AHMSC4/Local Zone of caller:LABEL=0, STATICAREAX=0",Reliable,0,1587608,0,2366911,99.694,2359658,4608,193
2024-06-08 20:00+03:00,60,"AHMSC3/Local Zone of caller:LABEL=0, STATICAREAX=0",Reliable,0,1589489,0,2316720,99.62100000000001,2307946,5126,647
2024-06-08 20:00+03:00,60,"BUMSC1/Local Zone of caller:LABEL=0, STATICAREAX=0",Reliable,0,1575868,0,2307654,99.65799999999999,2299755,5017,211
2024-06-08 20:00+03:00,60,"BUMSC2/Local Zone of caller:LABEL=0, STATICAREAX=0",Reliable,0,1459295,0,1910794,99.666,1904406,4565,169
2024-06-08 20:00+03:00,60,"AHMSC4/Local Zone of caller:LABEL=0, STATICAREAX=0",Reliable,0,1587793,0,2318805,99.654,2310793,5074,226
2024-06-08 21:00+03:00,60,"AHMSC3/Local Zone of caller:LABEL=0, STATICAREAX=0",Reliable,0,1332506,0,1937382,99.59899999999999,1929606,4615,635
2024-06-08 21:00+03:00,60,"BUMSC1/Local Zone of caller:LABEL=0, STATICAREAX=0",Reliable,0,1318611,0,1929577,99.646,1922754,4414,139
2024-06-08 21:00+03:00,60,"BUMSC2/Local Zone of caller:LABEL=0, STATICAREAX=0",Reliable,0,1207809,0,1584814,99.626,1578892,4180,155
2024-06-08 21:00+03:00,60,"AHMSC4/Local Zone of caller:LABEL=0, STATICAREAX=0",Reliable,0,1326514,0,1935454,99.63,1928302,4501,202
2024-06-08 22:00+03:00,60,"AHMSC3/Local Zone of caller:LABEL=0, STATICAREAX=0",Reliable,0,921857,0,1366081,99.586,1360420,2938,1024
2024-06-08 22:00+03:00,60,"BUMSC1/Local Zone of caller:LABEL=0, STATICAREAX=0",Reliable,0,912172,0,1360353,99.663,1355763,2764,172
2024-06-08 22:00+03:00,60,"BUMSC2/Local Zone of caller:LABEL=0, STATICAREAX=0",Reliable,0,828549,0,1103951,99.65799999999999,1100181,2598,120
2024-06-08 22:00+03:00,60,"AHMSC4/Local Zone of caller:LABEL=0, STATICAREAX=0",Reliable,0,917724,0,1363905,99.67200000000001,1359432,2728,142
2024-06-08 23:00+03:00,60,"AHMSC3/Local Zone of caller:LABEL=0, STATICAREAX=0",Reliable,0,427373,0,658537,99.57600000000001,655745,1143,902
2024-06-08 23:00+03:00,60,"BUMSC1/Local Zone of caller:LABEL=0, STATICAREAX=0",Reliable,0,417148,0,653783,99.709,651882,1106,66
2024-06-08 23:00+03:00,60,"BUMSC2/Local Zone of caller:LABEL=0, STATICAREAX=0",Reliable,0,379299,0,521882,99.705,520340,994,56
2024-06-08 23:00+03:00,60,"AHMSC4/Local Zone of caller:LABEL=0, STATICAREAX=0",Reliable,0,424837,0,657570,99.72,655732,1101,50
2024-06-08 00:00+03:00,60,"BUMSC5/Local Zone of caller:LABEL=0, STATICAREAX=0",Reliable,0,61966,0,102911,99.759,102663,134,9
2024-06-08 00:00+03:00,60,"RWMSC6/Local Zone of caller:LABEL=0, STATICAREAX=0",Reliable,0,0,0,0,,0,0,0
2024-06-08 01:00+03:00,60,"BUMSC5/Local Zone of caller:LABEL=0, STATICAREAX=0",Reliable,0,29096,0,47475,99.821,47390,35,2
2024-06-08 01:00+03:00,60,"RWMSC6/Local Zone of caller:LABEL=0, STATICAREAX=0",Reliable,0,0,0,0,,0,0,0
2024-06-08 02:00+03:00,60,"BUMSC5/Local Zone of caller:LABEL=0, STATICAREAX=0",Reliable,0,18721,0,29584,99.811,29528,29,1
2024-06-08 02:00+03:00,60,"RWMSC6/Local Zone of caller:LABEL=0, STATICAREAX=0",Reliable,0,0,0,0,,0,0,0
2024-06-08 03:00+03:00,60,"BUMSC5/Local Zone of caller:LABEL=0, STATICAREAX=0",Reliable,0,14610,0,23701,99.781,23649,36,1
2024-06-08 03:00+03:00,60,"RWMSC6/Local Zone of caller:LABEL=0, STATICAREAX=0",Reliable,0,0,0,0,,0,0,0
2024-06-08 04:00+03:00,60,"BUMSC5/Local Zone of caller:LABEL=0, STATICAREAX=0",Reliable,0,13747,0,23008,99.81700000000001,22966,22,0
2024-06-08 04:00+03:00,60,"RWMSC6/Local Zone of caller:LABEL=0, STATICAREAX=0",Reliable,0,0,0,0,,0,0,0
2024-06-08 05:00+03:00,60,"BUMSC5/Local Zone of caller:LABEL=0, STATICAREAX=0",Reliable,0,27922,0,43189,99.859,43128,41,0
2024-06-08 05:00+03:00,60,"RWMSC6/Local Zone of caller:LABEL=0, STATICAREAX=0",Reliable,0,0,0,0,,0,0,0
2024-06-08 06:00+03:00,60,"BUMSC5/Local Zone of caller:LABEL=0, STATICAREAX=0",Reliable,0,115816,0,172187,99.82700000000001,171889,199,9
2024-06-08 06:00+03:00,60,"RWMSC6/Local Zone of caller:LABEL=0, STATICAREAX=0",Reliable,0,0,0,0,,0,0,0
2024-06-08 07:00+03:00,60,"BUMSC5/Local Zone of caller:LABEL=0, STATICAREAX=0",Reliable,0,249137,0,399282,99.766,398348,601,7
2024-06-08 07:00+03:00,60,"RWMSC6/Local Zone of caller:LABEL=0, STATICAREAX=0",Reliable,0,0,0,0,,0,0,0
2024-06-08 08:00+03:00,60,"BUMSC5/Local Zone of caller:LABEL=0, STATICAREAX=0",Reliable,0,279322,0,493413,99.751,492183,660,23
2024-06-08 08:00+03:00,60,"RWMSC6/Local Zone of caller:LABEL=0, STATICAREAX=0",Reliable,0,0,0,3,100.0,3,0,0
2024-06-08 09:00+03:00,60,"BUMSC5/Local Zone of caller:LABEL=0, STATICAREAX=0",Reliable,0,285477,0,534354,99.72399999999999,532880,733,19
2024-06-08 09:00+03:00,60,"RWMSC6/Local Zone of caller:LABEL=0, STATICAREAX=0",Reliable,0,0,0,1,100.0,1,0,0
2024-06-08 10:00+03:00,60,"BUMSC5/Local Zone of caller:LABEL=0, STATICAREAX=0",Reliable,0,320700,0,586005,99.71600000000001,584341,939,34
2024-06-08 10:00+03:00,60,"RWMSC6/Local Zone of caller:LABEL=0, STATICAREAX=0",Reliable,0,0,0,11,100.0,11,0,0
2024-06-08 11:00+03:00,60,"BUMSC5/Local Zone of caller:LABEL=0, STATICAREAX=0",Reliable,0,347743,0,612361,99.68,610402,1094,37
2024-06-08 11:00+03:00,60,"RWMSC6/Local Zone of caller:LABEL=0, STATICAREAX=0",Reliable,0,0,0,1,100.0,1,0,0
2024-06-08 12:00+03:00,60,"BUMSC5/Local Zone of caller:LABEL=0, STATICAREAX=0",Reliable,0,365109,0,627975,99.69,626027,1037,28
2024-06-08 12:00+03:00,60,"RWMSC6/Local Zone of caller:LABEL=0, STATICAREAX=0",Reliable,0,0,0,3,100.0,3,0,0
2024-06-08 13:00+03:00,60,"BUMSC5/Local Zone of caller:LABEL=0, STATICAREAX=0",Reliable,0,378735,0,640487,99.73700000000001,638804,939,30
2024-06-08 13:00+03:00,60,"RWMSC6/Local Zone of caller:LABEL=0, STATICAREAX=0",Reliable,0,0,0,5,100.0,5,0,0
2024-06-08 14:00+03:00,60,"BUMSC5/Local Zone of caller:LABEL=0, STATICAREAX=0",Reliable,0,392561,0,650187,99.72399999999999,648391,1058,39
2024-06-08 14:00+03:00,60,"RWMSC6/Local Zone of caller:LABEL=0, STATICAREAX=0",Reliable,0,0,0,2,100.0,2,0,0
2024-06-08 15:00+03:00,60,"BUMSC5/Local Zone of caller:LABEL=0, STATICAREAX=0",Reliable,0,398833,0,647613,99.72,645798,1074,52
2024-06-08 15:00+03:00,60,"RWMSC6/Local Zone of caller:LABEL=0, STATICAREAX=0",Reliable,0,0,0,5,100.0,5,0,0
2024-06-08 16:00+03:00,60,"BUMSC5/Local Zone of caller:LABEL=0, STATICAREAX=0",Reliable,0,416815,0,664785,99.706,662829,1160,92
2024-06-08 16:00+03:00,60,"RWMSC6/Local Zone of caller:LABEL=0, STATICAREAX=0",Reliable,0,0,0,12,100.0,12,0,0
2024-06-08 17:00+03:00,60,"BUMSC5/Local Zone of caller:LABEL=0, STATICAREAX=0",Reliable,0,438353,0,696566,99.727,694664,1124,37
2024-06-08 17:00+03:00,60,"RWMSC6/Local Zone of caller:LABEL=0, STATICAREAX=0",Reliable,0,0,0,20,100.0,20,0,0
2024-06-08 18:00+03:00,60,"BUMSC5/Local Zone of caller:LABEL=0, STATICAREAX=0",Reliable,0,484531,0,760322,99.67,757810,1434,32
2024-06-08 18:00+03:00,60,"RWMSC6/Local Zone of caller:LABEL=0, STATICAREAX=0",Reliable,0,0,0,20,95.0,19,0,0
2024-06-08 19:00+03:00,60,"BUMSC5/Local Zone of caller:LABEL=0, STATICAREAX=0",Reliable,0,640738,0,963600,99.696,960675,1866,63
2024-06-08 19:00+03:00,60,"RWMSC6/Local Zone of caller:LABEL=0, STATICAREAX=0",Reliable,0,0,0,15,100.0,15,0,0
2024-06-08 20:00+03:00,60,"BUMSC5/Local Zone of caller:LABEL=0, STATICAREAX=0",Reliable,0,650271,0,951401,99.647,948047,2215,74
2024-06-08 20:00+03:00,60,"RWMSC6/Local Zone of caller:LABEL=0, STATICAREAX=0",Reliable,0,0,0,1,100.0,1,0,0
2024-06-08 21:00+03:00,60,"BUMSC5/Local Zone of caller:LABEL=0, STATICAREAX=0",Reliable,0,547727,0,798037,99.62100000000001,795014,1976,66
2024-06-08 21:00+03:00,60,"RWMSC6/Local Zone of caller:LABEL=0, STATICAREAX=0",Reliable,0,0,0,0,,0,0,0
2024-06-08 22:00+03:00,60,"BUMSC5/Local Zone of caller:LABEL=0, STATICAREAX=0",Reliable,0,375418,0,558386,99.679,556596,1090,43
2024-06-08 22:00+03:00,60,"RWMSC6/Local Zone of caller:LABEL=0, STATICAREAX=0",Reliable,0,0,0,10,100.0,10,0,0
2024-06-08 23:00+03:00,60,"BUMSC5/Local Zone of caller:LABEL=0, STATICAREAX=0",Reliable,0,170291,0,266280,99.70700000000001,265499,445,23
2024-06-08 23:00+03:00,60,"RWMSC6/Local Zone of caller:LABEL=0, STATICAREAX=0",Reliable,0,0,0,1,100.0,1,0,0
