Result Time,Granularity Period,Object Name,Reliability,Average System Load
2024-06-08 00:00+03:00,60,"BUMGW01/Software System:System ID=0, System name=CloudSE2980",Reliable,5.483
2024-06-08 00:00+03:00,60,"MDMGW08/Software System:System ID=0, System name=CloudSE2980",Reliable,4.346
2024-06-08 00:00+03:00,60,"MKMGW05/Software System:System ID=0, System name=CloudSE2980",Reliable,4.813
2024-06-08 00:00+03:00,60,"JNMGW07/Software System:System ID=0, System name=CloudSE2980",Reliable,5.002
2024-06-08 01:00+03:00,60,"BUMGW01/Software System:System ID=0, System name=CloudSE2980",Reliable,3.4989999999999997
2024-06-08 01:00+03:00,60,"MDMGW08/Software System:System ID=0, System name=CloudSE2980",Reliable,3.5589999999999997
2024-06-08 01:00+03:00,60,"MKMGW05/Software System:System ID=0, System name=CloudSE2980",Reliable,3.747
2024-06-08 01:00+03:00,60,"JNMGW07/Software System:System ID=0, System name=CloudSE2980",Reliable,3.345
2024-06-08 02:00+03:00,60,"BUMGW01/Software System:System ID=0, System name=CloudSE2980",Reliable,3.0580000000000003
2024-06-08 02:00+03:00,60,"MDMGW08/Software System:System ID=0, System name=CloudSE2980",Reliable,3.0269999999999997
2024-06-08 02:00+03:00,60,"MKMGW05/Software System:System ID=0, System name=CloudSE2980",Reliable,3.335
2024-06-08 02:00+03:00,60,"JNMGW07/Software System:System ID=0, System name=CloudSE2980",Reliable,2.991
2024-06-08 03:00+03:00,60,"BUMGW01/Software System:System ID=0, System name=CloudSE2980",Reliable,2.7489999999999997
2024-06-08 03:00+03:00,60,"MDMGW08/Software System:System ID=0, System name=CloudSE2980",Reliable,2.917
2024-06-08 03:00+03:00,60,"MKMGW05/Software System:System ID=0, System name=CloudSE2980",Reliable,3.181
2024-06-08 03:00+03:00,60,"JNMGW07/Software System:System ID=0, System name=CloudSE2980",Reliable,2.741
2024-06-08 04:00+03:00,60,"BUMGW01/Software System:System ID=0, System name=CloudSE2980",Reliable,2.668
2024-06-08 04:00+03:00,60,"MDMGW08/Software System:System ID=0, System name=CloudSE2980",Reliable,2.92
2024-06-08 04:00+03:00,60,"MKMGW05/Software System:System ID=0, System name=CloudSE2980",Reliable,3.085
2024-06-08 04:00+03:00,60,"JNMGW07/Software System:System ID=0, System name=CloudSE2980",Reliable,2.8110000000000004
2024-06-08 05:00+03:00,60,"BUMGW01/Software System:System ID=0, System name=CloudSE2980",Reliable,2.986
2024-06-08 05:00+03:00,60,"MDMGW08/Software System:System ID=0, System name=CloudSE2980",Reliable,3.114
2024-06-08 05:00+03:00,60,"MKMGW05/Software System:System ID=0, System name=CloudSE2980",Reliable,3.406
2024-06-08 05:00+03:00,60,"JNMGW07/Software System:System ID=0, System name=CloudSE2980",Reliable,3.216
2024-06-08 06:00+03:00,60,"BUMGW01/Software System:System ID=0, System name=CloudSE2980",Reliable,4.107
2024-06-08 06:00+03:00,60,"MDMGW08/Software System:System ID=0, System name=CloudSE2980",Reliable,4.176
2024-06-08 06:00+03:00,60,"MKMGW05/Software System:System ID=0, System name=CloudSE2980",Reliable,4.583
2024-06-08 06:00+03:00,60,"JNMGW07/Software System:System ID=0, System name=CloudSE2980",Reliable,5.337999999999999
2024-06-08 07:00+03:00,60,"BUMGW01/Software System:System ID=0, System name=CloudSE2980",Reliable,7.471
2024-06-08 07:00+03:00,60,"MDMGW08/Software System:System ID=0, System name=CloudSE2980",Reliable,6.405
2024-06-08 07:00+03:00,60,"MKMGW05/Software System:System ID=0, System name=CloudSE2980",Reliable,7.8
2024-06-08 07:00+03:00,60,"JNMGW07/Software System:System ID=0, System name=CloudSE2980",Reliable,9.746
2024-06-08 08:00+03:00,60,"BUMGW01/Software System:System ID=0, System name=CloudSE2980",Reliable,9.986
2024-06-08 08:00+03:00,60,"MDMGW08/Software System:System ID=0, System name=CloudSE2980",Reliable,7.529
2024-06-08 08:00+03:00,60,"MKMGW05/Software System:System ID=0, System name=CloudSE2980",Reliable,9.26
2024-06-08 08:00+03:00,60,"JNMGW07/Software System:System ID=0, System name=CloudSE2980",Reliable,11.827
2024-06-08 09:00+03:00,60,"BUMGW01/Software System:System ID=0, System name=CloudSE2980",Reliable,11.386
2024-06-08 09:00+03:00,60,"MDMGW08/Software System:System ID=0, System name=CloudSE2980",Reliable,7.704
2024-06-08 09:00+03:00,60,"MKMGW05/Software System:System ID=0, System name=CloudSE2980",Reliable,9.69
2024-06-08 09:00+03:00,60,"JNMGW07/Software System:System ID=0, System name=CloudSE2980",Reliable,12.418
2024-06-08 10:00+03:00,60,"BUMGW01/Software System:System ID=0, System name=CloudSE2980",Reliable,12.081
2024-06-08 10:00+03:00,60,"MDMGW08/Software System:System ID=0, System name=CloudSE2980",Reliable,7.665
2024-06-08 10:00+03:00,60,"MKMGW05/Software System:System ID=0, System name=CloudSE2980",Reliable,9.886000000000001
2024-06-08 10:00+03:00,60,"JNMGW07/Software System:System ID=0, System name=CloudSE2980",Reliable,12.633
2024-06-08 11:00+03:00,60,"BUMGW01/Software System:System ID=0, System name=CloudSE2980",Reliable,12.21
2024-06-08 11:00+03:00,60,"MDMGW08/Software System:System ID=0, System name=CloudSE2980",Reliable,7.64
2024-06-08 11:00+03:00,60,"MKMGW05/Software System:System ID=0, System name=CloudSE2980",Reliable,9.628
2024-06-08 11:00+03:00,60,"JNMGW07/Software System:System ID=0, System name=CloudSE2980",Reliable,12.607000000000001
2024-06-08 12:00+03:00,60,"BUMGW01/Software System:System ID=0, System name=CloudSE2980",Reliable,12.078
2024-06-08 12:00+03:00,60,"MDMGW08/Software System:System ID=0, System name=CloudSE2980",Reliable,7.591
2024-06-08 12:00+03:00,60,"MKMGW05/Software System:System ID=0, System name=CloudSE2980",Reliable,9.447000000000001
2024-06-08 12:00+03:00,60,"JNMGW07/Software System:System ID=0, System name=CloudSE2980",Reliable,12.574000000000002
2024-06-08 13:00+03:00,60,"BUMGW01/Software System:System ID=0, System name=CloudSE2980",Reliable,11.834000000000001
2024-06-08 13:00+03:00,60,"MDMGW08/Software System:System ID=0, System name=CloudSE2980",Reliable,7.61
2024-06-08 13:00+03:00,60,"MKMGW05/Software System:System ID=0, System name=CloudSE2980",Reliable,9.499
2024-06-08 13:00+03:00,60,"JNMGW07/Software System:System ID=0, System name=CloudSE2980",Reliable,12.522
2024-06-08 14:00+03:00,60,"BUMGW01/Software System:System ID=0, System name=CloudSE2980",Reliable,11.749
2024-06-08 14:00+03:00,60,"MDMGW08/Software System:System ID=0, System name=CloudSE2980",Reliable,7.722
2024-06-08 14:00+03:00,60,"MKMGW05/Software System:System ID=0, System name=CloudSE2980",Reliable,9.566
2024-06-08 14:00+03:00,60,"JNMGW07/Software System:System ID=0, System name=CloudSE2980",Reliable,12.525
2024-06-08 15:00+03:00,60,"BUMGW01/Software System:System ID=0, System name=CloudSE2980",Reliable,11.686
2024-06-08 15:00+03:00,60,"MDMGW08/Software System:System ID=0, System name=CloudSE2980",Reliable,7.702999999999999
2024-06-08 15:00+03:00,60,"MKMGW05/Software System:System ID=0, System name=CloudSE2980",Reliable,9.606
2024-06-08 15:00+03:00,60,"JNMGW07/Software System:System ID=0, System name=CloudSE2980",Reliable,12.369000000000002
2024-06-08 16:00+03:00,60,"BUMGW01/Software System:System ID=0, System name=CloudSE2980",Reliable,11.693
2024-06-08 16:00+03:00,60,"MDMGW08/Software System:System ID=0, System name=CloudSE2980",Reliable,7.761
2024-06-08 16:00+03:00,60,"MKMGW05/Software System:System ID=0, System name=CloudSE2980",Reliable,9.607999999999999
2024-06-08 16:00+03:00,60,"JNMGW07/Software System:System ID=0, System name=CloudSE2980",Reliable,12.629000000000001
2024-06-08 17:00+03:00,60,"BUMGW01/Software System:System ID=0, System name=CloudSE2980",Reliable,11.966
2024-06-08 17:00+03:00,60,"MDMGW08/Software System:System ID=0, System name=CloudSE2980",Reliable,8.011000000000001
2024-06-08 17:00+03:00,60,"MKMGW05/Software System:System ID=0, System name=CloudSE2980",Reliable,9.857999999999999
2024-06-08 17:00+03:00,60,"JNMGW07/Software System:System ID=0, System name=CloudSE2980",Reliable,13.061
2024-06-08 18:00+03:00,60,"BUMGW01/Software System:System ID=0, System name=CloudSE2980",Reliable,12.395
2024-06-08 18:00+03:00,60,"MDMGW08/Software System:System ID=0, System name=CloudSE2980",Reliable,8.361
2024-06-08 18:00+03:00,60,"MKMGW05/Software System:System ID=0, System name=CloudSE2980",Reliable,10.024
2024-06-08 18:00+03:00,60,"JNMGW07/Software System:System ID=0, System name=CloudSE2980",Reliable,13.825999999999999
2024-06-08 19:00+03:00,60,"BUMGW01/Software System:System ID=0, System name=CloudSE2980",Reliable,13.864
2024-06-08 19:00+03:00,60,"MDMGW08/Software System:System ID=0, System name=CloudSE2980",Reliable,9.835
2024-06-08 19:00+03:00,60,"MKMGW05/Software System:System ID=0, System name=CloudSE2980",Reliable,11.54
2024-06-08 19:00+03:00,60,"JNMGW07/Software System:System ID=0, System name=CloudSE2980",Reliable,16.78
2024-06-08 20:00+03:00,60,"BUMGW01/Software System:System ID=0, System name=CloudSE2980",Reliable,15.527999999999999
2024-06-08 20:00+03:00,60,"MDMGW08/Software System:System ID=0, System name=CloudSE2980",Reliable,11.019
2024-06-08 20:00+03:00,60,"MKMGW05/Software System:System ID=0, System name=CloudSE2980",Reliable,12.777000000000001
2024-06-08 20:00+03:00,60,"JNMGW07/Software System:System ID=0, System name=CloudSE2980",Reliable,18.899
2024-06-08 21:00+03:00,60,"BUMGW01/Software System:System ID=0, System name=CloudSE2980",Reliable,15.435
2024-06-08 21:00+03:00,60,"MDMGW08/Software System:System ID=0, System name=CloudSE2980",Reliable,10.843
2024-06-08 21:00+03:00,60,"MKMGW05/Software System:System ID=0, System name=CloudSE2980",Reliable,12.275
2024-06-08 21:00+03:00,60,"JNMGW07/Software System:System ID=0, System name=CloudSE2980",Reliable,18.596
2024-06-08 22:00+03:00,60,"BUMGW01/Software System:System ID=0, System name=CloudSE2980",Reliable,13.845
2024-06-08 22:00+03:00,60,"MDMGW08/Software System:System ID=0, System name=CloudSE2980",Reliable,9.538
2024-06-08 22:00+03:00,60,"MKMGW05/Software System:System ID=0, System name=CloudSE2980",Reliable,10.856
2024-06-08 22:00+03:00,60,"JNMGW07/Software System:System ID=0, System name=CloudSE2980",Reliable,15.779000000000002
2024-06-08 23:00+03:00,60,"BUMGW01/Software System:System ID=0, System name=CloudSE2980",Reliable,9.408
2024-06-08 23:00+03:00,60,"MDMGW08/Software System:System ID=0, System name=CloudSE2980",Reliable,6.402
2024-06-08 23:00+03:00,60,"MKMGW05/Software System:System ID=0, System name=CloudSE2980",Reliable,7.577000000000001
2024-06-08 23:00+03:00,60,"JNMGW07/Software System:System ID=0, System name=CloudSE2980",Reliable,9.32
