Result Time,Granularity Period,Object Name,Reliability,Call Attempts,Global BHCA,Incoming Answer Times,Originated Answer Times,Peak_Processor_Load,Peak_Processor_Load_Denom,Peak_Processor_Load_Nom
2024-06-08 00:00+03:00,60,AHMSC3/MSCServerFunction:AHMSC3,Reliable,497549,473620,75851,77660,30.853,497549,153511
2024-06-08 00:00+03:00,60,BUMSC1/MSCServerFunction:BUMSC1,Reliable,567795,539867,75506,76526,26.776,567795,152032
2024-06-08 00:00+03:00,60,BUMSC2/MSCServerFunction:BUMSC2,Reliable,356673,337689,58640,59966,33.253,356673,118606
2024-06-08 00:00+03:00,60,AHMSC4/MSCServerFunction:AHMSC4,Reliable,406518,386584,60297,77285,33.844,406518,137582
2024-06-08 01:00+03:00,60,AHMSC3/MSCServerFunction:AHMSC3,Reliable,225965,214960,33083,32256,28.916,225965,65339
2024-06-08 01:00+03:00,60,BUMSC1/MSCServerFunction:BUMSC1,Reliable,255569,242775,32523,32086,25.28,255569,64609
2024-06-08 01:00+03:00,60,BUMSC2/MSCServerFunction:BUMSC2,Reliable,163232,154627,25679,25417,31.303,163232,51096
2024-06-08 01:00+03:00,60,AHMSC4/MSCServerFunction:AHMSC4,Reliable,181230,172261,25386,32632,32.013000000000005,181230,58018
2024-06-08 02:00+03:00,60,AHMSC3/MSCServerFunction:AHMSC3,Reliable,136570,129615,19502,18806,28.05,136570,38308
2024-06-08 02:00+03:00,60,BUMSC1/MSCServerFunction:BUMSC1,Reliable,156590,148671,18975,18654,24.03,156590,37629
2024-06-08 02:00+03:00,60,BUMSC2/MSCServerFunction:BUMSC2,Reliable,101856,96197,15316,14936,29.701,101856,30252
2024-06-08 02:00+03:00,60,AHMSC4/MSCServerFunction:AHMSC4,Reliable,111837,106208,15012,18916,30.337,111837,33928
2024-06-08 03:00+03:00,60,AHMSC3/MSCServerFunction:AHMSC3,Reliable,118300,112438,15984,15569,26.671999999999997,118300,31553
2024-06-08 03:00+03:00,60,BUMSC1/MSCServerFunction:BUMSC1,Reliable,127815,121370,15291,15400,24.011999999999997,127815,30691
2024-06-08 03:00+03:00,60,BUMSC2/MSCServerFunction:BUMSC2,Reliable,84934,80339,12499,12276,29.17,84934,24775
2024-06-08 03:00+03:00,60,AHMSC4/MSCServerFunction:AHMSC4,Reliable,95132,90543,12465,15763,29.671999999999997,95132,28228
2024-06-08 04:00+03:00,60,AHMSC3/MSCServerFunction:AHMSC3,Reliable,120226,114059,18162,18214,30.256,120226,36376
2024-06-08 04:00+03:00,60,BUMSC1/MSCServerFunction:BUMSC1,Reliable,134281,127501,17947,17800,26.621,134281,35747
2024-06-08 04:00+03:00,60,BUMSC2/MSCServerFunction:BUMSC2,Reliable,89227,84431,14641,15193,33.436,89227,29834
2024-06-08 04:00+03:00,60,AHMSC4/MSCServerFunction:AHMSC4,Reliable,98104,93179,14597,18320,33.553000000000004,98104,32917
2024-06-08 05:00+03:00,60,AHMSC3/MSCServerFunction:AHMSC3,Reliable,227041,215216,36586,37881,32.799,227041,74467
2024-06-08 05:00+03:00,60,BUMSC1/MSCServerFunction:BUMSC1,Reliable,256605,243199,36412,37458,28.787,256605,73870
2024-06-08 05:00+03:00,60,BUMSC2/MSCServerFunction:BUMSC2,Reliable,175452,165720,29997,31276,34.923,175452,61273
2024-06-08 05:00+03:00,60,AHMSC4/MSCServerFunction:AHMSC4,Reliable,183905,174366,29552,37140,36.264,183905,66692
2024-06-08 06:00+03:00,60,AHMSC3/MSCServerFunction:AHMSC3,Reliable,885757,839004,150070,156210,34.578,885757,306280
2024-06-08 06:00+03:00,60,BUMSC1/MSCServerFunction:BUMSC1,Reliable,1042080,983653,150758,155365,29.375999999999998,1042080,306123
2024-06-08 06:00+03:00,60,BUMSC2/MSCServerFunction:BUMSC2,Reliable,672933,632579,122201,130942,37.618,672933,253143
2024-06-08 06:00+03:00,60,AHMSC4/MSCServerFunction:AHMSC4,Reliable,724374,684549,121959,155304,38.275999999999996,724374,277263
2024-06-08 07:00+03:00,60,AHMSC3/MSCServerFunction:AHMSC3,Reliable,2120021,2019618,388291,403577,37.352,2120021,791868
2024-06-08 07:00+03:00,60,BUMSC1/MSCServerFunction:BUMSC1,Reliable,2452040,2329870,387805,400502,32.149,2452040,788307
2024-06-08 07:00+03:00,60,BUMSC2/MSCServerFunction:BUMSC2,Reliable,1626307,1538693,317757,336108,40.205999999999996,1626307,653865
2024-06-08 07:00+03:00,60,AHMSC4/MSCServerFunction:AHMSC4,Reliable,1750003,1663747,313751,401405,40.866,1750003,715156
2024-06-08 08:00+03:00,60,AHMSC3/MSCServerFunction:AHMSC3,Reliable,2715765,2599132,529243,545707,39.582,2715765,1074950
2024-06-08 08:00+03:00,60,BUMSC1/MSCServerFunction:BUMSC1,Reliable,3079177,2940743,526593,539899,34.635999999999996,3079177,1066492
2024-06-08 08:00+03:00,60,BUMSC2/MSCServerFunction:BUMSC2,Reliable,2121608,2017047,435014,456153,42.004,2121608,891167
2024-06-08 08:00+03:00,60,AHMSC4/MSCServerFunction:AHMSC4,Reliable,2263207,2162678,426764,543886,42.888000000000005,2263207,970650
2024-06-08 09:00+03:00,60,AHMSC3/MSCServerFunction:AHMSC3,Reliable,2971714,2850727,599875,612744,40.805,2971714,1212619
2024-06-08 09:00+03:00,60,BUMSC1/MSCServerFunction:BUMSC1,Reliable,3358172,3215692,596870,607276,35.857,3358172,1204146
2024-06-08 09:00+03:00,60,BUMSC2/MSCServerFunction:BUMSC2,Reliable,2471608,2353527,512315,543922,42.735,2471608,1056237
2024-06-08 09:00+03:00,60,AHMSC4/MSCServerFunction:AHMSC4,Reliable,2477129,2373008,483235,608375,44.068000000000005,2477129,1091610
2024-06-08 10:00+03:00,60,AHMSC3/MSCServerFunction:AHMSC3,Reliable,3140335,3012905,637287,649721,40.983000000000004,3140335,1287008
2024-06-08 10:00+03:00,60,BUMSC1/MSCServerFunction:BUMSC1,Reliable,3525056,3376978,633384,641847,36.176,3525056,1275231
2024-06-08 10:00+03:00,60,BUMSC2/MSCServerFunction:BUMSC2,Reliable,2565864,2445286,540364,568145,43.202,2565864,1108509
2024-06-08 10:00+03:00,60,AHMSC4/MSCServerFunction:AHMSC4,Reliable,2613356,2504144,511121,645121,44.244,2613356,1156242
2024-06-08 11:00+03:00,60,AHMSC3/MSCServerFunction:AHMSC3,Reliable,3169377,3037923,642236,649901,40.769,3169377,1292137
2024-06-08 11:00+03:00,60,BUMSC1/MSCServerFunction:BUMSC1,Reliable,3532933,3382195,634689,645859,36.246,3532933,1280548
2024-06-08 11:00+03:00,60,BUMSC2/MSCServerFunction:BUMSC2,Reliable,2500706,2382865,532084,548506,43.211000000000006,2500706,1080590
2024-06-08 11:00+03:00,60,AHMSC4/MSCServerFunction:AHMSC4,Reliable,2632317,2519817,512048,647448,44.048,2632317,1159496
2024-06-08 12:00+03:00,60,AHMSC3/MSCServerFunction:AHMSC3,Reliable,3185232,3050602,638529,650750,40.477,3185232,1289279
2024-06-08 12:00+03:00,60,BUMSC1/MSCServerFunction:BUMSC1,Reliable,3544622,3391928,636193,642305,36.069,3544622,1278498
2024-06-08 12:00+03:00,60,BUMSC2/MSCServerFunction:BUMSC2,Reliable,2479712,2361280,526175,538299,42.927,2479712,1064474
2024-06-08 12:00+03:00,60,AHMSC4/MSCServerFunction:AHMSC4,Reliable,2645330,2530577,511247,647884,43.818000000000005,2645330,1159131
2024-06-08 13:00+03:00,60,AHMSC3/MSCServerFunction:AHMSC3,Reliable,3221103,3084751,641956,652483,40.186,3221103,1294439
2024-06-08 13:00+03:00,60,BUMSC1/MSCServerFunction:BUMSC1,Reliable,3576646,3422240,636993,645174,35.848,3576646,1282167
2024-06-08 13:00+03:00,60,BUMSC2/MSCServerFunction:BUMSC2,Reliable,2487363,2367284,523505,536604,42.62,2487363,1060109
2024-06-08 13:00+03:00,60,AHMSC4/MSCServerFunction:AHMSC4,Reliable,2681552,2564110,514138,652038,43.489,2681552,1166176
2024-06-08 14:00+03:00,60,AHMSC3/MSCServerFunction:AHMSC3,Reliable,3222672,3084157,637489,647790,39.882,3222672,1285279
2024-06-08 14:00+03:00,60,BUMSC1/MSCServerFunction:BUMSC1,Reliable,3571314,3414037,634546,640778,35.71,3571314,1275324
2024-06-08 14:00+03:00,60,BUMSC2/MSCServerFunction:BUMSC2,Reliable,2477824,2356125,518946,530527,42.355,2477824,1049473
2024-06-08 14:00+03:00,60,AHMSC4/MSCServerFunction:AHMSC4,Reliable,2678394,2558033,511437,646413,43.229,2678394,1157850
2024-06-08 15:00+03:00,60,AHMSC3/MSCServerFunction:AHMSC3,Reliable,3165963,3026949,616988,626621,39.281,3165963,1243609
2024-06-08 15:00+03:00,60,BUMSC1/MSCServerFunction:BUMSC1,Reliable,3493804,3337878,615355,617549,35.288000000000004,3493804,1232904
2024-06-08 15:00+03:00,60,BUMSC2/MSCServerFunction:BUMSC2,Reliable,2413685,2293519,498427,510866,41.815,2413685,1009293
2024-06-08 15:00+03:00,60,AHMSC4/MSCServerFunction:AHMSC4,Reliable,2629669,2508993,493689,627527,42.637,2629669,1121216
2024-06-08 16:00+03:00,60,AHMSC3/MSCServerFunction:AHMSC3,Reliable,3207441,3064455,615460,625641,38.694,3207441,1241101
2024-06-08 16:00+03:00,60,BUMSC1/MSCServerFunction:BUMSC1,Reliable,3537382,3377938,613400,618019,34.812,3537382,1231419
2024-06-08 16:00+03:00,60,BUMSC2/MSCServerFunction:BUMSC2,Reliable,2430273,2308073,495246,506767,41.23,2430273,1002013
2024-06-08 16:00+03:00,60,AHMSC4/MSCServerFunction:AHMSC4,Reliable,2660940,2537764,491868,625455,41.99,2660940,1117323
2024-06-08 17:00+03:00,60,AHMSC3/MSCServerFunction:AHMSC3,Reliable,3335566,3188818,635771,649926,38.545,3335566,1285697
2024-06-08 17:00+03:00,60,BUMSC1/MSCServerFunction:BUMSC1,Reliable,3678758,3514436,635550,643618,34.772,3678758,1279168
2024-06-08 17:00+03:00,60,BUMSC2/MSCServerFunction:BUMSC2,Reliable,2522059,2396077,511158,524994,41.083999999999996,2522059,1036152
2024-06-08 17:00+03:00,60,AHMSC4/MSCServerFunction:AHMSC4,Reliable,2775248,2648469,510737,649003,41.788999999999994,2775248,1159740
2024-06-08 18:00+03:00,60,AHMSC3/MSCServerFunction:AHMSC3,Reliable,3606531,3448243,678846,696684,38.14,3606531,1375530
2024-06-08 18:00+03:00,60,BUMSC1/MSCServerFunction:BUMSC1,Reliable,3979302,3802213,677173,687898,34.304,3979302,1365071
2024-06-08 18:00+03:00,60,BUMSC2/MSCServerFunction:BUMSC2,Reliable,2714602,2580648,543760,560418,40.676,2714602,1104178
2024-06-08 18:00+03:00,60,AHMSC4/MSCServerFunction:AHMSC4,Reliable,2996759,2859742,545188,692902,41.31399999999999,2996759,1238090
2024-06-08 19:00+03:00,60,AHMSC3/MSCServerFunction:AHMSC3,Reliable,4482942,4292537,826028,853452,37.464,4482942,1679480
2024-06-08 19:00+03:00,60,BUMSC1/MSCServerFunction:BUMSC1,Reliable,5000563,4778871,831820,842429,33.481,5000563,1674249
2024-06-08 19:00+03:00,60,BUMSC2/MSCServerFunction:BUMSC2,Reliable,3369212,3201512,664918,689748,40.207,3369212,1354666
2024-06-08 19:00+03:00,60,AHMSC4/MSCServerFunction:AHMSC4,Reliable,3728375,3555276,669885,849955,40.764,3728375,1519840
2024-06-08 20:00+03:00,60,AHMSC3/MSCServerFunction:AHMSC3,Reliable,4348621,4158505,786791,814944,36.833,4348621,1601735
2024-06-08 20:00+03:00,60,BUMSC1/MSCServerFunction:BUMSC1,Reliable,4844763,4619268,797913,802860,33.041,4844763,1600773
2024-06-08 20:00+03:00,60,BUMSC2/MSCServerFunction:BUMSC2,Reliable,3261137,3091326,631627,656630,39.503,3261137,1288257
2024-06-08 20:00+03:00,60,AHMSC4/MSCServerFunction:AHMSC4,Reliable,3625930,3448227,638113,815032,40.076,3625930,1453145
2024-06-08 21:00+03:00,60,AHMSC3/MSCServerFunction:AHMSC3,Reliable,3627491,3458491,637020,659952,35.754,3627491,1296972
2024-06-08 21:00+03:00,60,BUMSC1/MSCServerFunction:BUMSC1,Reliable,3995504,3804456,643969,649473,32.372,3995504,1293442
2024-06-08 21:00+03:00,60,BUMSC2/MSCServerFunction:BUMSC2,Reliable,2700399,2555622,505642,527953,38.275999999999996,2700399,1033595
2024-06-08 21:00+03:00,60,AHMSC4/MSCServerFunction:AHMSC4,Reliable,3017750,2866168,516078,658732,38.93,3017750,1174810
2024-06-08 22:00+03:00,60,AHMSC3/MSCServerFunction:AHMSC3,Reliable,2543464,2420123,423786,443828,34.111999999999995,2543464,867614
2024-06-08 22:00+03:00,60,BUMSC1/MSCServerFunction:BUMSC1,Reliable,2773167,2639115,429284,439419,31.325,2773167,868703
2024-06-08 22:00+03:00,60,BUMSC2/MSCServerFunction:BUMSC2,Reliable,1882457,1779775,336812,351257,36.552,1882457,688069
2024-06-08 22:00+03:00,60,AHMSC4/MSCServerFunction:AHMSC4,Reliable,2121236,2012889,347211,442514,37.229,2121236,789725
2024-06-08 23:00+03:00,60,AHMSC3/MSCServerFunction:AHMSC3,Reliable,1233057,1173994,196747,203023,32.421,1233057,399770
2024-06-08 23:00+03:00,60,BUMSC1/MSCServerFunction:BUMSC1,Reliable,1329433,1266171,197035,201143,29.951,1329433,398178
2024-06-08 23:00+03:00,60,BUMSC2/MSCServerFunction:BUMSC2,Reliable,898029,849952,153694,157804,34.687,898029,311498
2024-06-08 23:00+03:00,60,AHMSC4/MSCServerFunction:AHMSC4,Reliable,1019990,968782,158933,203116,35.495,1019990,362049
2024-06-08 00:00+03:00,60,BUMSC5/MSCServerFunction:BUMSC5,Reliable,164286,156740,25463,28667,32.949,164286,54130
2024-06-08 00:00+03:00,60,RWMSC6/MSCServerFunction:RWMSC6,Reliable,0,0,0,0,,0,0
2024-06-08 01:00+03:00,60,BUMSC5/MSCServerFunction:BUMSC5,Reliable,74562,71059,10931,12374,31.256,74562,23305
2024-06-08 01:00+03:00,60,RWMSC6/MSCServerFunction:RWMSC6,Reliable,0,0,0,0,,0,0
2024-06-08 02:00+03:00,60,BUMSC5/MSCServerFunction:BUMSC5,Reliable,45407,43146,6218,7072,29.269000000000002,45407,13290
2024-06-08 02:00+03:00,60,RWMSC6/MSCServerFunction:RWMSC6,Reliable,0,3,0,0,,0,0
2024-06-08 03:00+03:00,60,BUMSC5/MSCServerFunction:BUMSC5,Reliable,36964,35148,5082,5758,29.326,36964,10840
2024-06-08 03:00+03:00,60,RWMSC6/MSCServerFunction:RWMSC6,Reliable,0,0,0,0,,0,0
2024-06-08 04:00+03:00,60,BUMSC5/MSCServerFunction:BUMSC5,Reliable,36517,34817,5816,6511,33.757,36517,12327
2024-06-08 04:00+03:00,60,RWMSC6/MSCServerFunction:RWMSC6,Reliable,0,0,0,0,,0,0
2024-06-08 05:00+03:00,60,BUMSC5/MSCServerFunction:BUMSC5,Reliable,68865,65540,11970,12780,35.94,68865,24750
2024-06-08 05:00+03:00,60,RWMSC6/MSCServerFunction:RWMSC6,Reliable,0,0,0,0,,0,0
2024-06-08 06:00+03:00,60,BUMSC5/MSCServerFunction:BUMSC5,Reliable,274064,260392,49302,53612,37.551,274064,102914
2024-06-08 06:00+03:00,60,RWMSC6/MSCServerFunction:RWMSC6,Reliable,0,3,0,0,,0,0
2024-06-08 07:00+03:00,60,BUMSC5/MSCServerFunction:BUMSC5,Reliable,648606,619494,124483,136219,40.194,648606,260702
2024-06-08 07:00+03:00,60,RWMSC6/MSCServerFunction:RWMSC6,Reliable,0,7,0,0,,0,0
2024-06-08 08:00+03:00,60,BUMSC5/MSCServerFunction:BUMSC5,Reliable,818396,786222,167043,179690,42.367,818396,346733
2024-06-08 08:00+03:00,60,RWMSC6/MSCServerFunction:RWMSC6,Reliable,0,9,0,0,,0,0
2024-06-08 09:00+03:00,60,BUMSC5/MSCServerFunction:BUMSC5,Reliable,892929,859791,186912,202410,43.601000000000006,892929,389322
2024-06-08 09:00+03:00,60,RWMSC6/MSCServerFunction:RWMSC6,Reliable,0,16,0,0,,0,0
2024-06-08 10:00+03:00,60,BUMSC5/MSCServerFunction:BUMSC5,Reliable,975418,938647,204717,219720,43.513000000000005,975418,424437
2024-06-08 10:00+03:00,60,RWMSC6/MSCServerFunction:RWMSC6,Reliable,0,12,0,0,,0,0
2024-06-08 11:00+03:00,60,BUMSC5/MSCServerFunction:BUMSC5,Reliable,1011955,972524,209778,227103,43.172,1011955,436881
2024-06-08 11:00+03:00,60,RWMSC6/MSCServerFunction:RWMSC6,Reliable,0,11,0,0,,0,0
2024-06-08 12:00+03:00,60,BUMSC5/MSCServerFunction:BUMSC5,Reliable,1035532,993862,212502,230277,42.75899999999999,1035532,442779
2024-06-08 12:00+03:00,60,RWMSC6/MSCServerFunction:RWMSC6,Reliable,0,20,0,1,,0,1
2024-06-08 13:00+03:00,60,BUMSC5/MSCServerFunction:BUMSC5,Reliable,1054013,1011206,215761,233475,42.621,1054013,449236
2024-06-08 13:00+03:00,60,RWMSC6/MSCServerFunction:RWMSC6,Reliable,1,20,1,1,200.0,1,2
2024-06-08 14:00+03:00,60,BUMSC5/MSCServerFunction:BUMSC5,Reliable,1065827,1021163,216596,234809,42.353,1065827,451405
2024-06-08 14:00+03:00,60,RWMSC6/MSCServerFunction:RWMSC6,Reliable,0,10,0,1,,0,1
2024-06-08 15:00+03:00,60,BUMSC5/MSCServerFunction:BUMSC5,Reliable,1055371,1010101,210116,230090,41.711000000000006,1055371,440206
2024-06-08 15:00+03:00,60,RWMSC6/MSCServerFunction:RWMSC6,Reliable,0,12,0,3,,0,3
2024-06-08 16:00+03:00,60,BUMSC5/MSCServerFunction:BUMSC5,Reliable,1078515,1031111,210331,231374,40.955,1078515,441705
2024-06-08 16:00+03:00,60,RWMSC6/MSCServerFunction:RWMSC6,Reliable,8,20,2,4,75.0,8,6
2024-06-08 17:00+03:00,60,BUMSC5/MSCServerFunction:BUMSC5,Reliable,1131560,1082203,220475,240937,40.777,1131560,461412
2024-06-08 17:00+03:00,60,RWMSC6/MSCServerFunction:RWMSC6,Reliable,5,23,0,2,40.0,5,2
2024-06-08 18:00+03:00,60,BUMSC5/MSCServerFunction:BUMSC5,Reliable,1234052,1180192,237882,260198,40.361,1234052,498080
2024-06-08 18:00+03:00,60,RWMSC6/MSCServerFunction:RWMSC6,Reliable,17,34,3,10,76.471,17,13
2024-06-08 19:00+03:00,60,BUMSC5/MSCServerFunction:BUMSC5,Reliable,1554337,1485498,291109,322996,39.509,1554337,614105
2024-06-08 19:00+03:00,60,RWMSC6/MSCServerFunction:RWMSC6,Reliable,15,21,2,8,66.667,15,10
2024-06-08 20:00+03:00,60,BUMSC5/MSCServerFunction:BUMSC5,Reliable,1523544,1451995,279623,310333,38.723,1523544,589956
2024-06-08 20:00+03:00,60,RWMSC6/MSCServerFunction:RWMSC6,Reliable,0,12,0,0,,0,0
2024-06-08 21:00+03:00,60,BUMSC5/MSCServerFunction:BUMSC5,Reliable,1269262,1207708,226050,252991,37.742,1269262,479041
2024-06-08 21:00+03:00,60,RWMSC6/MSCServerFunction:RWMSC6,Reliable,0,5,0,0,,0,0
2024-06-08 22:00+03:00,60,BUMSC5/MSCServerFunction:BUMSC5,Reliable,889554,846067,152664,170351,36.312,889554,323015
2024-06-08 22:00+03:00,60,RWMSC6/MSCServerFunction:RWMSC6,Reliable,0,18,0,0,,0,0
2024-06-08 23:00+03:00,60,BUMSC5/MSCServerFunction:BUMSC5,Reliable,423379,403389,69880,77607,34.836,423379,147487
2024-06-08 23:00+03:00,60,RWMSC6/MSCServerFunction:RWMSC6,Reliable,0,1,0,0,,0,0
