Result Time,Granularity Period,Object Name,Reliability,Answer Rate,Answer Times,Call Attempts,Incoming Answer Times,Incoming Call Attempts,Originated Answer Times,Originated Call Attempts
2024-06-08 00:00+03:00,60,AHMSC3/MSCServerFunction:AHMSC3,Reliable,30.853,153511,497549,75851,236383,77660,261166
2024-06-08 00:00+03:00,60,BUMSC1/MSCServerFunction:BUMSC1,Reliable,26.776,152032,567795,75506,311315,76526,256480
2024-06-08 00:00+03:00,60,BUMSC2/MSCServerFunction:BUMSC2,Reliable,33.253,118606,356673,58640,151228,59966,205445
2024-06-08 00:00+03:00,60,AHMSC4/MSCServerFunction:AHMSC4,Reliable,33.844,137582,406518,60297,149140,77285,257378
2024-06-08 01:00+03:00,60,AHMSC3/MSCServerFunction:AHMSC3,Reliable,28.916,65339,225965,33083,109610,32256,116355
2024-06-08 01:00+03:00,60,BUMSC1/MSCServerFunction:BUMSC1,Reliable,25.28,64609,255569,32523,139895,32086,115674
2024-06-08 01:00+03:00,60,BUMSC2/MSCServerFunction:BUMSC2,Reliable,31.303,51096,163232,25679,69757,25417,93475
2024-06-08 01:00+03:00,60,AHMSC4/MSCServerFunction:AHMSC4,Reliable,32.013000000000005,58018,181230,25386,65522,32632,115708
2024-06-08 02:00+03:00,60,AHMSC3/MSCServerFunction:AHMSC3,Reliable,28.05,38308,136570,19502,65485,18806,71085
2024-06-08 02:00+03:00,60,BUMSC1/MSCServerFunction:BUMSC1,Reliable,24.03,37629,156590,18975,86503,18654,70087
2024-06-08 02:00+03:00,60,BUMSC2/MSCServerFunction:BUMSC2,Reliable,29.701,30252,101856,15316,43794,14936,58062
2024-06-08 02:00+03:00,60,AHMSC4/MSCServerFunction:AHMSC4,Reliable,30.337,33928,111837,15012,39825,18916,72012
2024-06-08 03:00+03:00,60,AHMSC3/MSCServerFunction:AHMSC3,Reliable,26.671999999999997,31553,118300,15984,57780,15569,60520
2024-06-08 03:00+03:00,60,BUMSC1/MSCServerFunction:BUMSC1,Reliable,24.011999999999997,30691,127815,15291,69285,15400,58530
2024-06-08 03:00+03:00,60,BUMSC2/MSCServerFunction:BUMSC2,Reliable,29.17,24775,84934,12499,36779,12276,48155
2024-06-08 03:00+03:00,60,AHMSC4/MSCServerFunction:AHMSC4,Reliable,29.671999999999997,28228,95132,12465,32809,15763,62323
2024-06-08 04:00+03:00,60,AHMSC3/MSCServerFunction:AHMSC3,Reliable,30.256,36376,120226,18162,57251,18214,62975
2024-06-08 04:00+03:00,60,BUMSC1/MSCServerFunction:BUMSC1,Reliable,26.621,35747,134281,17947,73486,17800,60795
2024-06-08 04:00+03:00,60,BUMSC2/MSCServerFunction:BUMSC2,Reliable,33.436,29834,89227,14641,37460,15193,51767
2024-06-08 04:00+03:00,60,AHMSC4/MSCServerFunction:AHMSC4,Reliable,33.553000000000004,32917,98104,14597,35372,18320,62732
2024-06-08 05:00+03:00,60,AHMSC3/MSCServerFunction:AHMSC3,Reliable,32.799,74467,227041,36586,107381,37881,119660
2024-06-08 05:00+03:00,60,BUMSC1/MSCServerFunction:BUMSC1,Reliable,28.787,73870,256605,36412,140315,37458,116290
2024-06-08 05:00+03:00,60,BUMSC2/MSCServerFunction:BUMSC2,Reliable,34.923,61273,175452,29997,73394,31276,102058
2024-06-08 05:00+03:00,60,AHMSC4/MSCServerFunction:AHMSC4,Reliable,36.264,66692,183905,29552,67348,37140,116557
2024-06-08 06:00+03:00,60,AHMSC3/MSCServerFunction:AHMSC3,Reliable,34.578,306280,885757,150070,418056,156210,467701
2024-06-08 06:00+03:00,60,BUMSC1/MSCServerFunction:BUMSC1,Reliable,29.375999999999998,306123,1042080,150758,573251,155365,468829
2024-06-08 06:00+03:00,60,BUMSC2/MSCServerFunction:BUMSC2,Reliable,37.618,253143,672933,122201,272233,130942,400700
2024-06-08 06:00+03:00,60,AHMSC4/MSCServerFunction:AHMSC4,Reliable,38.275999999999996,277263,724374,121959,260047,155304,464327
2024-06-08 07:00+03:00,60,AHMSC3/MSCServerFunction:AHMSC3,Reliable,37.352,791868,2120021,388291,1001454,403577,1118567
2024-06-08 07:00+03:00,60,BUMSC1/MSCServerFunction:BUMSC1,Reliable,32.149,788307,2452040,387805,1334224,400502,1117816
2024-06-08 07:00+03:00,60,BUMSC2/MSCServerFunction:BUMSC2,Reliable,40.205999999999996,653865,1626307,317757,674500,336108,951807
2024-06-08 07:00+03:00,60,AHMSC4/MSCServerFunction:AHMSC4,Reliable,40.866,715156,1750003,313751,642948,401405,1107055
2024-06-08 08:00+03:00,60,AHMSC3/MSCServerFunction:AHMSC3,Reliable,39.582,1074950,2715765,529243,1292231,545707,1423534
2024-06-08 08:00+03:00,60,BUMSC1/MSCServerFunction:BUMSC1,Reliable,34.635999999999996,1066492,3079177,526593,1660172,539899,1419005
2024-06-08 08:00+03:00,60,BUMSC2/MSCServerFunction:BUMSC2,Reliable,42.004,891167,2121608,435014,895255,456153,1226353
2024-06-08 08:00+03:00,60,AHMSC4/MSCServerFunction:AHMSC4,Reliable,42.888000000000005,970650,2263207,426764,847432,543886,1415775
2024-06-08 09:00+03:00,60,AHMSC3/MSCServerFunction:AHMSC3,Reliable,40.805,1212619,2971714,599875,1426936,612744,1544778
2024-06-08 09:00+03:00,60,BUMSC1/MSCServerFunction:BUMSC1,Reliable,35.857,1204146,3358172,596870,1811830,607276,1546342
2024-06-08 09:00+03:00,60,BUMSC2/MSCServerFunction:BUMSC2,Reliable,42.735,1056237,2471608,512315,1043754,543922,1427854
2024-06-08 09:00+03:00,60,AHMSC4/MSCServerFunction:AHMSC4,Reliable,44.068000000000005,1091610,2477129,483235,938181,608375,1538948
2024-06-08 10:00+03:00,60,AHMSC3/MSCServerFunction:AHMSC3,Reliable,40.983000000000004,1287008,3140335,637287,1506961,649721,1633374
2024-06-08 10:00+03:00,60,BUMSC1/MSCServerFunction:BUMSC1,Reliable,36.176,1275231,3525056,633384,1895158,641847,1629898
2024-06-08 10:00+03:00,60,BUMSC2/MSCServerFunction:BUMSC2,Reliable,43.202,1108509,2565864,540364,1090967,568145,1474897
2024-06-08 10:00+03:00,60,AHMSC4/MSCServerFunction:AHMSC4,Reliable,44.244,1156242,2613356,511121,988463,645121,1624893
2024-06-08 11:00+03:00,60,AHMSC3/MSCServerFunction:AHMSC3,Reliable,40.769,1292137,3169377,642236,1516230,649901,1653147
2024-06-08 11:00+03:00,60,BUMSC1/MSCServerFunction:BUMSC1,Reliable,36.246,1280548,3532933,634689,1885020,645859,1647913
2024-06-08 11:00+03:00,60,BUMSC2/MSCServerFunction:BUMSC2,Reliable,43.211000000000006,1080590,2500706,532084,1071768,548506,1428938
2024-06-08 11:00+03:00,60,AHMSC4/MSCServerFunction:AHMSC4,Reliable,44.048,1159496,2632317,512048,990155,647448,1642162
2024-06-08 12:00+03:00,60,AHMSC3/MSCServerFunction:AHMSC3,Reliable,40.477,1289279,3185232,638529,1518430,650750,1666802
2024-06-08 12:00+03:00,60,BUMSC1/MSCServerFunction:BUMSC1,Reliable,36.069,1278498,3544622,636193,1889453,642305,1655169
2024-06-08 12:00+03:00,60,BUMSC2/MSCServerFunction:BUMSC2,Reliable,42.927,1064474,2479712,526175,1063687,538299,1416025
2024-06-08 12:00+03:00,60,AHMSC4/MSCServerFunction:AHMSC4,Reliable,43.818000000000005,1159131,2645330,511247,989080,647884,1656250
2024-06-08 13:00+03:00,60,AHMSC3/MSCServerFunction:AHMSC3,Reliable,40.186,1294439,3221103,641956,1535720,652483,1685383
2024-06-08 13:00+03:00,60,BUMSC1/MSCServerFunction:BUMSC1,Reliable,35.848,1282167,3576646,636993,1899234,645174,1677412
2024-06-08 13:00+03:00,60,BUMSC2/MSCServerFunction:BUMSC2,Reliable,42.62,1060109,2487363,523505,1063187,536604,1424176
2024-06-08 13:00+03:00,60,AHMSC4/MSCServerFunction:AHMSC4,Reliable,43.489,1166176,2681552,514138,997374,652038,1684178
2024-06-08 14:00+03:00,60,AHMSC3/MSCServerFunction:AHMSC3,Reliable,39.882,1285279,3222672,637489,1532775,647790,1689897
2024-06-08 14:00+03:00,60,BUMSC1/MSCServerFunction:BUMSC1,Reliable,35.71,1275324,3571314,634546,1889772,640778,1681542
2024-06-08 14:00+03:00,60,BUMSC2/MSCServerFunction:BUMSC2,Reliable,42.355,1049473,2477824,518946,1057073,530527,1420751
2024-06-08 14:00+03:00,60,AHMSC4/MSCServerFunction:AHMSC4,Reliable,43.229,1157850,2678394,511437,991668,646413,1686726
2024-06-08 15:00+03:00,60,AHMSC3/MSCServerFunction:AHMSC3,Reliable,39.281,1243609,3165963,616988,1502007,626621,1663956
2024-06-08 15:00+03:00,60,BUMSC1/MSCServerFunction:BUMSC1,Reliable,35.288000000000004,1232904,3493804,615355,1845328,617549,1648476
2024-06-08 15:00+03:00,60,BUMSC2/MSCServerFunction:BUMSC2,Reliable,41.815,1009293,2413685,498427,1023567,510866,1390118
2024-06-08 15:00+03:00,60,AHMSC4/MSCServerFunction:AHMSC4,Reliable,42.637,1121216,2629669,493689,966344,627527,1663325
2024-06-08 16:00+03:00,60,AHMSC3/MSCServerFunction:AHMSC3,Reliable,38.694,1241101,3207441,615460,1517712,625641,1689729
2024-06-08 16:00+03:00,60,BUMSC1/MSCServerFunction:BUMSC1,Reliable,34.812,1231419,3537382,613400,1857111,618019,1680271
2024-06-08 16:00+03:00,60,BUMSC2/MSCServerFunction:BUMSC2,Reliable,41.23,1002013,2430273,495246,1028768,506767,1401505
2024-06-08 16:00+03:00,60,AHMSC4/MSCServerFunction:AHMSC4,Reliable,41.99,1117323,2660940,491868,975864,625455,1685076
2024-06-08 17:00+03:00,60,AHMSC3/MSCServerFunction:AHMSC3,Reliable,38.545,1285697,3335566,635771,1577059,649926,1758507
2024-06-08 17:00+03:00,60,BUMSC1/MSCServerFunction:BUMSC1,Reliable,34.772,1279168,3678758,635550,1927703,643618,1751055
2024-06-08 17:00+03:00,60,BUMSC2/MSCServerFunction:BUMSC2,Reliable,41.083999999999996,1036152,2522059,511158,1066397,524994,1455662
2024-06-08 17:00+03:00,60,AHMSC4/MSCServerFunction:AHMSC4,Reliable,41.788999999999994,1159740,2775248,510737,1017855,649003,1757393
2024-06-08 18:00+03:00,60,AHMSC3/MSCServerFunction:AHMSC3,Reliable,38.14,1375530,3606531,678846,1700478,696684,1906053
2024-06-08 18:00+03:00,60,BUMSC1/MSCServerFunction:BUMSC1,Reliable,34.304,1365071,3979302,677173,2082267,687898,1897035
2024-06-08 18:00+03:00,60,BUMSC2/MSCServerFunction:BUMSC2,Reliable,40.676,1104178,2714602,543760,1143072,560418,1571530
2024-06-08 18:00+03:00,60,AHMSC4/MSCServerFunction:AHMSC4,Reliable,41.31399999999999,1238090,2996759,545188,1101062,692902,1895697
2024-06-08 19:00+03:00,60,AHMSC3/MSCServerFunction:AHMSC3,Reliable,37.464,1679480,4482942,826028,2110172,853452,2372770
2024-06-08 19:00+03:00,60,BUMSC1/MSCServerFunction:BUMSC1,Reliable,33.481,1674249,5000563,831820,2638816,842429,2361747
2024-06-08 19:00+03:00,60,BUMSC2/MSCServerFunction:BUMSC2,Reliable,40.207,1354666,3369212,664918,1407620,689748,1961592
2024-06-08 19:00+03:00,60,AHMSC4/MSCServerFunction:AHMSC4,Reliable,40.764,1519840,3728375,669885,1362477,849955,2365898
2024-06-08 20:00+03:00,60,AHMSC3/MSCServerFunction:AHMSC3,Reliable,36.833,1601735,4348621,786791,2032958,814944,2315663
2024-06-08 20:00+03:00,60,BUMSC1/MSCServerFunction:BUMSC1,Reliable,33.041,1600773,4844763,797913,2538254,802860,2306509
2024-06-08 20:00+03:00,60,BUMSC2/MSCServerFunction:BUMSC2,Reliable,39.503,1288257,3261137,631627,1351315,656630,1909822
2024-06-08 20:00+03:00,60,AHMSC4/MSCServerFunction:AHMSC4,Reliable,40.076,1453145,3625930,638113,1308268,815032,2317662
2024-06-08 21:00+03:00,60,AHMSC3/MSCServerFunction:AHMSC3,Reliable,35.754,1296972,3627491,637020,1691062,659952,1936429
2024-06-08 21:00+03:00,60,BUMSC1/MSCServerFunction:BUMSC1,Reliable,32.372,1293442,3995504,643969,2066838,649473,1928666
2024-06-08 21:00+03:00,60,BUMSC2/MSCServerFunction:BUMSC2,Reliable,38.275999999999996,1033595,2700399,505642,1116388,527953,1584011
2024-06-08 21:00+03:00,60,AHMSC4/MSCServerFunction:AHMSC4,Reliable,38.93,1174810,3017750,516078,1083172,658732,1934578
2024-06-08 22:00+03:00,60,AHMSC3/MSCServerFunction:AHMSC3,Reliable,34.111999999999995,867614,2543464,423786,1177905,443828,1365559
2024-06-08 22:00+03:00,60,BUMSC1/MSCServerFunction:BUMSC1,Reliable,31.325,868703,2773167,429284,1413410,439419,1359757
2024-06-08 22:00+03:00,60,BUMSC2/MSCServerFunction:BUMSC2,Reliable,36.552,688069,1882457,336812,779020,351257,1103437
2024-06-08 22:00+03:00,60,AHMSC4/MSCServerFunction:AHMSC4,Reliable,37.229,789725,2121236,347211,757844,442514,1363392
2024-06-08 23:00+03:00,60,AHMSC3/MSCServerFunction:AHMSC3,Reliable,32.421,399770,1233057,196747,574751,203023,658306
2024-06-08 23:00+03:00,60,BUMSC1/MSCServerFunction:BUMSC1,Reliable,29.951,398178,1329433,197035,675924,201143,653509
2024-06-08 23:00+03:00,60,BUMSC2/MSCServerFunction:BUMSC2,Reliable,34.687,311498,898029,153694,376400,157804,521629
2024-06-08 23:00+03:00,60,AHMSC4/MSCServerFunction:AHMSC4,Reliable,35.495,362049,1019990,158933,362639,203116,657351
2024-06-08 00:00+03:00,60,BUMSC5/MSCServerFunction:BUMSC5,Reliable,32.949,54130,164286,25463,61453,28667,102833
2024-06-08 00:00+03:00,60,RWMSC6/MSCServerFunction:RWMSC6,Reliable,0.0,0,0,0,0,0,0
2024-06-08 01:00+03:00,60,BUMSC5/MSCServerFunction:BUMSC5,Reliable,31.256,23305,74562,10931,27118,12374,47444
2024-06-08 01:00+03:00,60,RWMSC6/MSCServerFunction:RWMSC6,Reliable,0.0,0,0,0,0,0,0
2024-06-08 02:00+03:00,60,BUMSC5/MSCServerFunction:BUMSC5,Reliable,29.269000000000002,13290,45407,6218,15845,7072,29562
2024-06-08 02:00+03:00,60,RWMSC6/MSCServerFunction:RWMSC6,Reliable,0.0,0,0,0,0,0,0
2024-06-08 03:00+03:00,60,BUMSC5/MSCServerFunction:BUMSC5,Reliable,29.326,10840,36964,5082,13267,5758,23697
2024-06-08 03:00+03:00,60,RWMSC6/MSCServerFunction:RWMSC6,Reliable,0.0,0,0,0,0,0,0
2024-06-08 04:00+03:00,60,BUMSC5/MSCServerFunction:BUMSC5,Reliable,33.757,12327,36517,5816,13514,6511,23003
2024-06-08 04:00+03:00,60,RWMSC6/MSCServerFunction:RWMSC6,Reliable,0.0,0,0,0,0,0,0
2024-06-08 05:00+03:00,60,BUMSC5/MSCServerFunction:BUMSC5,Reliable,35.94,24750,68865,11970,25680,12780,43185
2024-06-08 05:00+03:00,60,RWMSC6/MSCServerFunction:RWMSC6,Reliable,0.0,0,0,0,0,0,0
2024-06-08 06:00+03:00,60,BUMSC5/MSCServerFunction:BUMSC5,Reliable,37.551,102914,274064,49302,101900,53612,172164
2024-06-08 06:00+03:00,60,RWMSC6/MSCServerFunction:RWMSC6,Reliable,0.0,0,0,0,0,0,0
2024-06-08 07:00+03:00,60,BUMSC5/MSCServerFunction:BUMSC5,Reliable,40.194,260702,648606,124483,249355,136219,399251
2024-06-08 07:00+03:00,60,RWMSC6/MSCServerFunction:RWMSC6,Reliable,0.0,0,0,0,0,0,0
2024-06-08 08:00+03:00,60,BUMSC5/MSCServerFunction:BUMSC5,Reliable,42.367,346733,818396,167043,325026,179690,493370
2024-06-08 08:00+03:00,60,RWMSC6/MSCServerFunction:RWMSC6,Reliable,0.0,0,0,0,0,0,0
2024-06-08 09:00+03:00,60,BUMSC5/MSCServerFunction:BUMSC5,Reliable,43.601000000000006,389322,892929,186912,358646,202410,534283
2024-06-08 09:00+03:00,60,RWMSC6/MSCServerFunction:RWMSC6,Reliable,0.0,0,0,0,0,0,0
2024-06-08 10:00+03:00,60,BUMSC5/MSCServerFunction:BUMSC5,Reliable,43.513000000000005,424437,975418,204717,389679,219720,585739
2024-06-08 10:00+03:00,60,RWMSC6/MSCServerFunction:RWMSC6,Reliable,0.0,0,0,0,0,0,0
2024-06-08 11:00+03:00,60,BUMSC5/MSCServerFunction:BUMSC5,Reliable,43.172,436881,1011955,209778,399848,227103,612107
2024-06-08 11:00+03:00,60,RWMSC6/MSCServerFunction:RWMSC6,Reliable,0.0,0,0,0,0,0,0
2024-06-08 12:00+03:00,60,BUMSC5/MSCServerFunction:BUMSC5,Reliable,42.75899999999999,442779,1035532,212502,407794,230277,627738
2024-06-08 12:00+03:00,60,RWMSC6/MSCServerFunction:RWMSC6,Reliable,0.0,1,0,0,0,1,0
2024-06-08 13:00+03:00,60,BUMSC5/MSCServerFunction:BUMSC5,Reliable,42.621,449236,1054013,215761,413815,233475,640198
2024-06-08 13:00+03:00,60,RWMSC6/MSCServerFunction:RWMSC6,Reliable,100.0,2,1,1,1,1,0
2024-06-08 14:00+03:00,60,BUMSC5/MSCServerFunction:BUMSC5,Reliable,42.353,451405,1065827,216596,415932,234809,649895
2024-06-08 14:00+03:00,60,RWMSC6/MSCServerFunction:RWMSC6,Reliable,0.0,1,0,0,0,1,0
2024-06-08 15:00+03:00,60,BUMSC5/MSCServerFunction:BUMSC5,Reliable,41.711000000000006,440206,1055371,210116,408056,230090,647315
2024-06-08 15:00+03:00,60,RWMSC6/MSCServerFunction:RWMSC6,Reliable,0.0,3,0,0,0,3,0
2024-06-08 16:00+03:00,60,BUMSC5/MSCServerFunction:BUMSC5,Reliable,40.955,441705,1078515,210331,414007,231374,664508
2024-06-08 16:00+03:00,60,RWMSC6/MSCServerFunction:RWMSC6,Reliable,75.0,6,8,2,3,4,5
2024-06-08 17:00+03:00,60,BUMSC5/MSCServerFunction:BUMSC5,Reliable,40.777,461412,1131560,220475,435286,240937,696274
2024-06-08 17:00+03:00,60,RWMSC6/MSCServerFunction:RWMSC6,Reliable,40.0,2,5,0,0,2,5
2024-06-08 18:00+03:00,60,BUMSC5/MSCServerFunction:BUMSC5,Reliable,40.361,498080,1234052,237882,474029,260198,760023
2024-06-08 18:00+03:00,60,RWMSC6/MSCServerFunction:RWMSC6,Reliable,76.471,13,17,3,4,10,13
2024-06-08 19:00+03:00,60,BUMSC5/MSCServerFunction:BUMSC5,Reliable,39.509,614105,1554337,291109,591170,322996,963167
2024-06-08 19:00+03:00,60,RWMSC6/MSCServerFunction:RWMSC6,Reliable,66.667,10,15,2,3,8,12
2024-06-08 20:00+03:00,60,BUMSC5/MSCServerFunction:BUMSC5,Reliable,38.723,589956,1523544,279623,572667,310333,950877
2024-06-08 20:00+03:00,60,RWMSC6/MSCServerFunction:RWMSC6,Reliable,0.0,0,0,0,0,0,0
2024-06-08 21:00+03:00,60,BUMSC5/MSCServerFunction:BUMSC5,Reliable,37.742,479041,1269262,226050,471618,252991,797644
2024-06-08 21:00+03:00,60,RWMSC6/MSCServerFunction:RWMSC6,Reliable,0.0,0,0,0,0,0,0
2024-06-08 22:00+03:00,60,BUMSC5/MSCServerFunction:BUMSC5,Reliable,36.312,323015,889554,152664,331403,170351,558151
2024-06-08 22:00+03:00,60,RWMSC6/MSCServerFunction:RWMSC6,Reliable,0.0,0,0,0,0,0,0
2024-06-08 23:00+03:00,60,BUMSC5/MSCServerFunction:BUMSC5,Reliable,34.836,147487,423379,69880,157196,77607,266183
2024-06-08 23:00+03:00,60,RWMSC6/MSCServerFunction:RWMSC6,Reliable,0.0,0,0,0,0,0,0
