Result Time,Granularity Period,Object Name,Reliability,Peak Licensed Traffic
2024-06-03 00:00+03:00,60,AHMGW2/MGWFunction:AHMGW2,Reliable,12830
2024-06-03 00:00+03:00,60,AHMGW3/MGWFunction:AHMGW3,Reliable,10313
2024-06-03 00:00+03:00,60,BUMGW9/MGWFunction:BUMGW9,Reliable,11224
2024-06-03 00:00+03:00,60,MBMGW6/MGWFunction:MBMGW6,Reliable,6229
2024-06-03 00:00+03:00,60,RWMGW10/MGWFunction:RWMGW10,Reliable,3370
2024-06-03 00:00+03:00,60,RWMGW4/MGWFunction:RWMGW4,Reliable,2512
2024-06-03 00:00+03:00,60,AHMGW11/MGWFunction:AHMGW11,Reliable,12203
2024-06-03 01:00+03:00,60,AHMGW2/MGWFunction:AHMGW2,Reliable,5030
2024-06-03 01:00+03:00,60,AHMGW3/MGWFunction:AHMGW3,Reliable,4147
2024-06-03 01:00+03:00,60,BUMGW9/MGWFunction:BUMGW9,Reliable,4497
2024-06-03 01:00+03:00,60,MBMGW6/MGWFunction:MBMGW6,Reliable,1879
2024-06-03 01:00+03:00,60,RWMGW10/MGWFunction:RWMGW10,Reliable,1175
2024-06-03 01:00+03:00,60,RWMGW4/MGWFunction:RWMGW4,Reliable,914
2024-06-03 01:00+03:00,60,AHMGW11/MGWFunction:AHMGW11,Reliable,4951
2024-06-03 02:00+03:00,60,AHMGW2/MGWFunction:AHMGW2,Reliable,2161
2024-06-03 02:00+03:00,60,AHMGW3/MGWFunction:AHMGW3,Reliable,1814
2024-06-03 02:00+03:00,60,BUMGW9/MGWFunction:BUMGW9,Reliable,1917
2024-06-03 02:00+03:00,60,MBMGW6/MGWFunction:MBMGW6,Reliable,800
2024-06-03 02:00+03:00,60,RWMGW10/MGWFunction:RWMGW10,Reliable,578
2024-06-03 02:00+03:00,60,RWMGW4/MGWFunction:RWMGW4,Reliable,430
2024-06-03 02:00+03:00,60,AHMGW11/MGWFunction:AHMGW11,Reliable,2141
2024-06-03 03:00+03:00,60,AHMGW2/MGWFunction:AHMGW2,Reliable,1326
2024-06-03 03:00+03:00,60,AHMGW3/MGWFunction:AHMGW3,Reliable,1091
2024-06-03 03:00+03:00,60,BUMGW9/MGWFunction:BUMGW9,Reliable,1128
2024-06-03 03:00+03:00,60,MBMGW6/MGWFunction:MBMGW6,Reliable,539
2024-06-03 03:00+03:00,60,RWMGW10/MGWFunction:RWMGW10,Reliable,335
2024-06-03 03:00+03:00,60,RWMGW4/MGWFunction:RWMGW4,Reliable,264
2024-06-03 03:00+03:00,60,AHMGW11/MGWFunction:AHMGW11,Reliable,1189
2024-06-03 04:00+03:00,60,AHMGW2/MGWFunction:AHMGW2,Reliable,1069
2024-06-03 04:00+03:00,60,AHMGW3/MGWFunction:AHMGW3,Reliable,828
2024-06-03 04:00+03:00,60,BUMGW9/MGWFunction:BUMGW9,Reliable,958
2024-06-03 04:00+03:00,60,MBMGW6/MGWFunction:MBMGW6,Reliable,720
2024-06-03 04:00+03:00,60,RWMGW10/MGWFunction:RWMGW10,Reliable,283
2024-06-03 04:00+03:00,60,RWMGW4/MGWFunction:RWMGW4,Reliable,220
2024-06-03 04:00+03:00,60,AHMGW11/MGWFunction:AHMGW11,Reliable,973
2024-06-03 05:00+03:00,60,AHMGW2/MGWFunction:AHMGW2,Reliable,2499
2024-06-03 05:00+03:00,60,AHMGW3/MGWFunction:AHMGW3,Reliable,2003
2024-06-03 05:00+03:00,60,BUMGW9/MGWFunction:BUMGW9,Reliable,2128
2024-06-03 05:00+03:00,60,MBMGW6/MGWFunction:MBMGW6,Reliable,2316
2024-06-03 05:00+03:00,60,RWMGW10/MGWFunction:RWMGW10,Reliable,659
2024-06-03 05:00+03:00,60,RWMGW4/MGWFunction:RWMGW4,Reliable,566
2024-06-03 05:00+03:00,60,AHMGW11/MGWFunction:AHMGW11,Reliable,2111
2024-06-03 06:00+03:00,60,AHMGW2/MGWFunction:AHMGW2,Reliable,11616
2024-06-03 06:00+03:00,60,AHMGW3/MGWFunction:AHMGW3,Reliable,9238
2024-06-03 06:00+03:00,60,BUMGW9/MGWFunction:BUMGW9,Reliable,9590
2024-06-03 06:00+03:00,60,MBMGW6/MGWFunction:MBMGW6,Reliable,10228
2024-06-03 06:00+03:00,60,RWMGW10/MGWFunction:RWMGW10,Reliable,3970
2024-06-03 06:00+03:00,60,RWMGW4/MGWFunction:RWMGW4,Reliable,3446
2024-06-03 06:00+03:00,60,AHMGW11/MGWFunction:AHMGW11,Reliable,9874
2024-06-03 07:00+03:00,60,AHMGW2/MGWFunction:AHMGW2,Reliable,22054
2024-06-03 07:00+03:00,60,AHMGW3/MGWFunction:AHMGW3,Reliable,18556
2024-06-03 07:00+03:00,60,BUMGW9/MGWFunction:BUMGW9,Reliable,18955
2024-06-03 07:00+03:00,60,MBMGW6/MGWFunction:MBMGW6,Reliable,14963
2024-06-03 07:00+03:00,60,RWMGW10/MGWFunction:RWMGW10,Reliable,7455
2024-06-03 07:00+03:00,60,RWMGW4/MGWFunction:RWMGW4,Reliable,5782
2024-06-03 07:00+03:00,60,AHMGW11/MGWFunction:AHMGW11,Reliable,19932
2024-06-03 08:00+03:00,60,AHMGW2/MGWFunction:AHMGW2,Reliable,27205
2024-06-03 08:00+03:00,60,AHMGW3/MGWFunction:AHMGW3,Reliable,23546
2024-06-03 08:00+03:00,60,BUMGW9/MGWFunction:BUMGW9,Reliable,25242
2024-06-03 08:00+03:00,60,MBMGW6/MGWFunction:MBMGW6,Reliable,16308
2024-06-03 08:00+03:00,60,RWMGW10/MGWFunction:RWMGW10,Reliable,8164
2024-06-03 08:00+03:00,60,RWMGW4/MGWFunction:RWMGW4,Reliable,6196
2024-06-03 08:00+03:00,60,AHMGW11/MGWFunction:AHMGW11,Reliable,25435
2024-06-03 09:00+03:00,60,AHMGW2/MGWFunction:AHMGW2,Reliable,29214
2024-06-03 09:00+03:00,60,AHMGW3/MGWFunction:AHMGW3,Reliable,25443
2024-06-03 09:00+03:00,60,BUMGW9/MGWFunction:BUMGW9,Reliable,28158
2024-06-03 09:00+03:00,60,MBMGW6/MGWFunction:MBMGW6,Reliable,17127
2024-06-03 09:00+03:00,60,RWMGW10/MGWFunction:RWMGW10,Reliable,8185
2024-06-03 09:00+03:00,60,RWMGW4/MGWFunction:RWMGW4,Reliable,6338
2024-06-03 09:00+03:00,60,AHMGW11/MGWFunction:AHMGW11,Reliable,27715
2024-06-03 10:00+03:00,60,AHMGW2/MGWFunction:AHMGW2,Reliable,30430
2024-06-03 10:00+03:00,60,AHMGW3/MGWFunction:AHMGW3,Reliable,26647
2024-06-03 10:00+03:00,60,BUMGW9/MGWFunction:BUMGW9,Reliable,29656
2024-06-03 10:00+03:00,60,MBMGW6/MGWFunction:MBMGW6,Reliable,17600
2024-06-03 10:00+03:00,60,RWMGW10/MGWFunction:RWMGW10,Reliable,8367
2024-06-03 10:00+03:00,60,RWMGW4/MGWFunction:RWMGW4,Reliable,6263
2024-06-03 10:00+03:00,60,AHMGW11/MGWFunction:AHMGW11,Reliable,28836
2024-06-03 11:00+03:00,60,AHMGW2/MGWFunction:AHMGW2,Reliable,30118
2024-06-03 11:00+03:00,60,AHMGW3/MGWFunction:AHMGW3,Reliable,26903
2024-06-03 11:00+03:00,60,BUMGW9/MGWFunction:BUMGW9,Reliable,29704
2024-06-03 11:00+03:00,60,MBMGW6/MGWFunction:MBMGW6,Reliable,17844
2024-06-03 11:00+03:00,60,RWMGW10/MGWFunction:RWMGW10,Reliable,8057
2024-06-03 11:00+03:00,60,RWMGW4/MGWFunction:RWMGW4,Reliable,6139
2024-06-03 11:00+03:00,60,AHMGW11/MGWFunction:AHMGW11,Reliable,28954
2024-06-03 12:00+03:00,60,AHMGW2/MGWFunction:AHMGW2,Reliable,29888
2024-06-03 12:00+03:00,60,AHMGW3/MGWFunction:AHMGW3,Reliable,26074
2024-06-03 12:00+03:00,60,BUMGW9/MGWFunction:BUMGW9,Reliable,29686
2024-06-03 12:00+03:00,60,MBMGW6/MGWFunction:MBMGW6,Reliable,17641
2024-06-03 12:00+03:00,60,RWMGW10/MGWFunction:RWMGW10,Reliable,7807
2024-06-03 12:00+03:00,60,RWMGW4/MGWFunction:RWMGW4,Reliable,6137
2024-06-03 12:00+03:00,60,AHMGW11/MGWFunction:AHMGW11,Reliable,28328
2024-06-03 13:00+03:00,60,AHMGW2/MGWFunction:AHMGW2,Reliable,29585
2024-06-03 13:00+03:00,60,AHMGW3/MGWFunction:AHMGW3,Reliable,25446
2024-06-03 13:00+03:00,60,BUMGW9/MGWFunction:BUMGW9,Reliable,29165
2024-06-03 13:00+03:00,60,MBMGW6/MGWFunction:MBMGW6,Reliable,17186
2024-06-03 13:00+03:00,60,RWMGW10/MGWFunction:RWMGW10,Reliable,7794
2024-06-03 13:00+03:00,60,RWMGW4/MGWFunction:RWMGW4,Reliable,6182
2024-06-03 13:00+03:00,60,AHMGW11/MGWFunction:AHMGW11,Reliable,27497
2024-06-03 14:00+03:00,60,AHMGW2/MGWFunction:AHMGW2,Reliable,28718
2024-06-03 14:00+03:00,60,AHMGW3/MGWFunction:AHMGW3,Reliable,24951
2024-06-03 14:00+03:00,60,BUMGW9/MGWFunction:BUMGW9,Reliable,28433
2024-06-03 14:00+03:00,60,MBMGW6/MGWFunction:MBMGW6,Reliable,17861
2024-06-03 14:00+03:00,60,RWMGW10/MGWFunction:RWMGW10,Reliable,8179
2024-06-03 14:00+03:00,60,RWMGW4/MGWFunction:RWMGW4,Reliable,6485
2024-06-03 14:00+03:00,60,AHMGW11/MGWFunction:AHMGW11,Reliable,26851
2024-06-03 15:00+03:00,60,AHMGW2/MGWFunction:AHMGW2,Reliable,28533
2024-06-03 15:00+03:00,60,AHMGW3/MGWFunction:AHMGW3,Reliable,25184
2024-06-03 15:00+03:00,60,BUMGW9/MGWFunction:BUMGW9,Reliable,28330
2024-06-03 15:00+03:00,60,MBMGW6/MGWFunction:MBMGW6,Reliable,18384
2024-06-03 15:00+03:00,60,RWMGW10/MGWFunction:RWMGW10,Reliable,8182
2024-06-03 15:00+03:00,60,RWMGW4/MGWFunction:RWMGW4,Reliable,6427
2024-06-03 15:00+03:00,60,AHMGW11/MGWFunction:AHMGW11,Reliable,26692
2024-06-03 16:00+03:00,60,AHMGW2/MGWFunction:AHMGW2,Reliable,28884
2024-06-03 16:00+03:00,60,AHMGW3/MGWFunction:AHMGW3,Reliable,24814
2024-06-03 16:00+03:00,60,BUMGW9/MGWFunction:BUMGW9,Reliable,28183
2024-06-03 16:00+03:00,60,MBMGW6/MGWFunction:MBMGW6,Reliable,18673
2024-06-03 16:00+03:00,60,RWMGW10/MGWFunction:RWMGW10,Reliable,8340
2024-06-03 16:00+03:00,60,RWMGW4/MGWFunction:RWMGW4,Reliable,6567
2024-06-03 16:00+03:00,60,AHMGW11/MGWFunction:AHMGW11,Reliable,27010
2024-06-03 17:00+03:00,60,AHMGW2/MGWFunction:AHMGW2,Reliable,29713
2024-06-03 17:00+03:00,60,AHMGW3/MGWFunction:AHMGW3,Reliable,25813
2024-06-03 17:00+03:00,60,BUMGW9/MGWFunction:BUMGW9,Reliable,28522
2024-06-03 17:00+03:00,60,MBMGW6/MGWFunction:MBMGW6,Reliable,19941
2024-06-03 17:00+03:00,60,RWMGW10/MGWFunction:RWMGW10,Reliable,8843
2024-06-03 17:00+03:00,60,RWMGW4/MGWFunction:RWMGW4,Reliable,6932
2024-06-03 17:00+03:00,60,AHMGW11/MGWFunction:AHMGW11,Reliable,27647
2024-06-03 18:00+03:00,60,AHMGW2/MGWFunction:AHMGW2,Reliable,31785
2024-06-03 18:00+03:00,60,AHMGW3/MGWFunction:AHMGW3,Reliable,27769
2024-06-03 18:00+03:00,60,BUMGW9/MGWFunction:BUMGW9,Reliable,29978
2024-06-03 18:00+03:00,60,MBMGW6/MGWFunction:MBMGW6,Reliable,22990
2024-06-03 18:00+03:00,60,RWMGW10/MGWFunction:RWMGW10,Reliable,9622
2024-06-03 18:00+03:00,60,RWMGW4/MGWFunction:RWMGW4,Reliable,7654
2024-06-03 18:00+03:00,60,AHMGW11/MGWFunction:AHMGW11,Reliable,29524
2024-06-03 19:00+03:00,60,AHMGW2/MGWFunction:AHMGW2,Reliable,37065
2024-06-03 19:00+03:00,60,AHMGW3/MGWFunction:AHMGW3,Reliable,33485
2024-06-03 19:00+03:00,60,BUMGW9/MGWFunction:BUMGW9,Reliable,34323
2024-06-03 19:00+03:00,60,MBMGW6/MGWFunction:MBMGW6,Reliable,28797
2024-06-03 19:00+03:00,60,RWMGW10/MGWFunction:RWMGW10,Reliable,11846
2024-06-03 19:00+03:00,60,RWMGW4/MGWFunction:RWMGW4,Reliable,9527
2024-06-03 19:00+03:00,60,AHMGW11/MGWFunction:AHMGW11,Reliable,34817
2024-06-03 20:00+03:00,60,AHMGW2/MGWFunction:AHMGW2,Reliable,38970
2024-06-03 20:00+03:00,60,AHMGW3/MGWFunction:AHMGW3,Reliable,34385
2024-06-03 20:00+03:00,60,BUMGW9/MGWFunction:BUMGW9,Reliable,35029
2024-06-03 20:00+03:00,60,MBMGW6/MGWFunction:MBMGW6,Reliable,30550
2024-06-03 20:00+03:00,60,RWMGW10/MGWFunction:RWMGW10,Reliable,12266
2024-06-03 20:00+03:00,60,RWMGW4/MGWFunction:RWMGW4,Reliable,9871
2024-06-03 20:00+03:00,60,AHMGW11/MGWFunction:AHMGW11,Reliable,36417
2024-06-03 21:00+03:00,60,AHMGW2/MGWFunction:AHMGW2,Reliable,39137
2024-06-03 21:00+03:00,60,AHMGW3/MGWFunction:AHMGW3,Reliable,34418
2024-06-03 21:00+03:00,60,BUMGW9/MGWFunction:BUMGW9,Reliable,34718
2024-06-03 21:00+03:00,60,MBMGW6/MGWFunction:MBMGW6,Reliable,30463
2024-06-03 21:00+03:00,60,RWMGW10/MGWFunction:RWMGW10,Reliable,12165
2024-06-03 21:00+03:00,60,RWMGW4/MGWFunction:RWMGW4,Reliable,9846
2024-06-03 21:00+03:00,60,AHMGW11/MGWFunction:AHMGW11,Reliable,36478
2024-06-03 22:00+03:00,60,AHMGW2/MGWFunction:AHMGW2,Reliable,36310
2024-06-03 22:00+03:00,60,AHMGW3/MGWFunction:AHMGW3,Reliable,31298
2024-06-03 22:00+03:00,60,BUMGW9/MGWFunction:BUMGW9,Reliable,32068
2024-06-03 22:00+03:00,60,MBMGW6/MGWFunction:MBMGW6,Reliable,29299
2024-06-03 22:00+03:00,60,RWMGW10/MGWFunction:RWMGW10,Reliable,11037
2024-06-03 22:00+03:00,60,RWMGW4/MGWFunction:RWMGW4,Reliable,8823
2024-06-03 22:00+03:00,60,AHMGW11/MGWFunction:AHMGW11,Reliable,33819
2024-06-03 23:00+03:00,60,AHMGW2/MGWFunction:AHMGW2,Reliable,26393
2024-06-03 23:00+03:00,60,AHMGW3/MGWFunction:AHMGW3,Reliable,21828
2024-06-03 23:00+03:00,60,BUMGW9/MGWFunction:BUMGW9,Reliable,22670
2024-06-03 23:00+03:00,60,MBMGW6/MGWFunction:MBMGW6,Reliable,18611
2024-06-03 23:00+03:00,60,RWMGW10/MGWFunction:RWMGW10,Reliable,7618
2024-06-03 23:00+03:00,60,RWMGW4/MGWFunction:RWMGW4,Reliable,5840
2024-06-03 23:00+03:00,60,AHMGW11/MGWFunction:AHMGW11,Reliable,25277
2024-06-03 00:00+03:00,60,LRMGW12/MGWFunction:LRMGW12,Reliable,1831
2024-06-03 00:00+03:00,60,FPMGW13/MGWFunction:FPMGW13,Reliable,5759
2024-06-03 01:00+03:00,60,LRMGW12/MGWFunction:LRMGW12,Reliable,614
2024-06-03 01:00+03:00,60,FPMGW13/MGWFunction:FPMGW13,Reliable,2229
2024-06-03 02:00+03:00,60,LRMGW12/MGWFunction:LRMGW12,Reliable,279
2024-06-03 02:00+03:00,60,FPMGW13/MGWFunction:FPMGW13,Reliable,1042
2024-06-03 03:00+03:00,60,LRMGW12/MGWFunction:LRMGW12,Reliable,182
2024-06-03 03:00+03:00,60,FPMGW13/MGWFunction:FPMGW13,Reliable,606
2024-06-03 04:00+03:00,60,LRMGW12/MGWFunction:LRMGW12,Reliable,266
2024-06-03 04:00+03:00,60,FPMGW13/MGWFunction:FPMGW13,Reliable,473
2024-06-03 05:00+03:00,60,LRMGW12/MGWFunction:LRMGW12,Reliable,717
2024-06-03 05:00+03:00,60,FPMGW13/MGWFunction:FPMGW13,Reliable,1224
2024-06-03 06:00+03:00,60,LRMGW12/MGWFunction:LRMGW12,Reliable,3269
2024-06-03 06:00+03:00,60,FPMGW13/MGWFunction:FPMGW13,Reliable,7464
2024-06-03 07:00+03:00,60,LRMGW12/MGWFunction:LRMGW12,Reliable,4626
2024-06-03 07:00+03:00,60,FPMGW13/MGWFunction:FPMGW13,Reliable,12309
2024-06-03 08:00+03:00,60,LRMGW12/MGWFunction:LRMGW12,Reliable,4818
2024-06-03 08:00+03:00,60,FPMGW13/MGWFunction:FPMGW13,Reliable,13099
2024-06-03 09:00+03:00,60,LRMGW12/MGWFunction:LRMGW12,Reliable,4913
2024-06-03 09:00+03:00,60,FPMGW13/MGWFunction:FPMGW13,Reliable,13255
2024-06-03 10:00+03:00,60,LRMGW12/MGWFunction:LRMGW12,Reliable,5168
2024-06-03 10:00+03:00,60,FPMGW13/MGWFunction:FPMGW13,Reliable,13220
2024-06-03 11:00+03:00,60,LRMGW12/MGWFunction:LRMGW12,Reliable,5109
2024-06-03 11:00+03:00,60,FPMGW13/MGWFunction:FPMGW13,Reliable,13011
2024-06-03 12:00+03:00,60,LRMGW12/MGWFunction:LRMGW12,Reliable,5106
2024-06-03 12:00+03:00,60,FPMGW13/MGWFunction:FPMGW13,Reliable,12690
2024-06-03 13:00+03:00,60,LRMGW12/MGWFunction:LRMGW12,Reliable,5117
2024-06-03 13:00+03:00,60,FPMGW13/MGWFunction:FPMGW13,Reliable,12826
2024-06-03 14:00+03:00,60,LRMGW12/MGWFunction:LRMGW12,Reliable,5074
2024-06-03 14:00+03:00,60,FPMGW13/MGWFunction:FPMGW13,Reliable,13036
2024-06-03 15:00+03:00,60,LRMGW12/MGWFunction:LRMGW12,Reliable,5259
2024-06-03 15:00+03:00,60,FPMGW13/MGWFunction:FPMGW13,Reliable,13297
2024-06-03 16:00+03:00,60,LRMGW12/MGWFunction:LRMGW12,Reliable,5449
2024-06-03 16:00+03:00,60,FPMGW13/MGWFunction:FPMGW13,Reliable,13519
2024-06-03 17:00+03:00,60,LRMGW12/MGWFunction:LRMGW12,Reliable,5558
2024-06-03 17:00+03:00,60,FPMGW13/MGWFunction:FPMGW13,Reliable,14357
2024-06-03 18:00+03:00,60,LRMGW12/MGWFunction:LRMGW12,Reliable,6249
2024-06-03 18:00+03:00,60,FPMGW13/MGWFunction:FPMGW13,Reliable,15609
2024-06-03 19:00+03:00,60,LRMGW12/MGWFunction:LRMGW12,Reliable,8073
2024-06-03 19:00+03:00,60,FPMGW13/MGWFunction:FPMGW13,Reliable,20440
2024-06-03 20:00+03:00,60,LRMGW12/MGWFunction:LRMGW12,Reliable,8529
2024-06-03 20:00+03:00,60,FPMGW13/MGWFunction:FPMGW13,Reliable,21498
2024-06-03 21:00+03:00,60,LRMGW12/MGWFunction:LRMGW12,Reliable,8444
2024-06-03 21:00+03:00,60,FPMGW13/MGWFunction:FPMGW13,Reliable,21463
2024-06-03 22:00+03:00,60,LRMGW12/MGWFunction:LRMGW12,Reliable,7819
2024-06-03 22:00+03:00,60,FPMGW13/MGWFunction:FPMGW13,Reliable,18898
2024-06-03 23:00+03:00,60,LRMGW12/MGWFunction:LRMGW12,Reliable,4934
2024-06-03 23:00+03:00,60,FPMGW13/MGWFunction:FPMGW13,Reliable,12566
