Result Time,Granularity Period,Object Name,Reliability,Answer Rate,Answer Times,Call Attempts,Incoming Answer Times,Incoming Call Attempts,Originated Answer Times,Originated Call Attempts
2024-06-03 00:00+03:00,60,AHMSC3/MSCServerFunction:AHMSC3,Reliable,30.261999999999997,153250,506407,75552,239063,77698,267344
2024-06-03 00:00+03:00,60,BUMSC1/MSCServerFunction:BUMSC1,Reliable,26.337,142697,541817,66440,276994,76257,264823
2024-06-03 00:00+03:00,60,BUMSC2/MSCServerFunction:BUMSC2,Reliable,32.603,145646,446732,68421,178743,77225,267989
2024-06-03 00:00+03:00,60,AHMSC4/MSCServerFunction:AHMSC4,Reliable,32.885999999999996,137159,417080,59731,149578,77428,267502
2024-06-03 01:00+03:00,60,AHMSC3/MSCServerFunction:AHMSC3,Reliable,28.535,67114,235198,33403,112277,33711,122921
2024-06-03 01:00+03:00,60,BUMSC1/MSCServerFunction:BUMSC1,Reliable,25.498,62856,246516,29257,124199,33599,122317
2024-06-03 01:00+03:00,60,BUMSC2/MSCServerFunction:BUMSC2,Reliable,31.324,63537,202836,30282,81086,33255,121750
2024-06-03 01:00+03:00,60,AHMSC4/MSCServerFunction:AHMSC4,Reliable,31.229,60564,193936,26706,69727,33858,124209
2024-06-03 02:00+03:00,60,AHMSC3/MSCServerFunction:AHMSC3,Reliable,27.824,40424,145287,20213,68703,20211,76584
2024-06-03 02:00+03:00,60,BUMSC1/MSCServerFunction:BUMSC1,Reliable,24.478,37748,154213,17501,79049,20247,75164
2024-06-03 02:00+03:00,60,BUMSC2/MSCServerFunction:BUMSC2,Reliable,30.728,38435,125083,18221,50278,20214,74805
2024-06-03 02:00+03:00,60,AHMSC4/MSCServerFunction:AHMSC4,Reliable,30.679000000000002,36171,117903,15807,42053,20364,75850
2024-06-03 03:00+03:00,60,AHMSC3/MSCServerFunction:AHMSC3,Reliable,27.377,32404,118360,16397,56591,16007,61769
2024-06-03 03:00+03:00,60,BUMSC1/MSCServerFunction:BUMSC1,Reliable,24.345,30553,125502,14434,63749,16119,61753
2024-06-03 03:00+03:00,60,BUMSC2/MSCServerFunction:BUMSC2,Reliable,30.261999999999997,31262,103304,14497,41814,16765,61490
2024-06-03 03:00+03:00,60,AHMSC4/MSCServerFunction:AHMSC4,Reliable,30.465,29563,97040,12920,34824,16643,62216
2024-06-03 04:00+03:00,60,AHMSC3/MSCServerFunction:AHMSC3,Reliable,30.781999999999996,36744,119368,18210,56499,18534,62869
2024-06-03 04:00+03:00,60,BUMSC1/MSCServerFunction:BUMSC1,Reliable,27.454,34285,124882,16166,63016,18119,61866
2024-06-03 04:00+03:00,60,BUMSC2/MSCServerFunction:BUMSC2,Reliable,33.512,35095,104724,16693,42879,18402,61845
2024-06-03 04:00+03:00,60,AHMSC4/MSCServerFunction:AHMSC4,Reliable,34.238,33498,97839,14520,34625,18978,63214
2024-06-03 05:00+03:00,60,AHMSC3/MSCServerFunction:AHMSC3,Reliable,33.324,75175,225587,37340,106936,37835,118651
2024-06-03 05:00+03:00,60,BUMSC1/MSCServerFunction:BUMSC1,Reliable,29.434,71056,241407,33167,123034,37889,118373
2024-06-03 05:00+03:00,60,BUMSC2/MSCServerFunction:BUMSC2,Reliable,36.474000000000004,71817,196897,33480,79182,38337,117715
2024-06-03 05:00+03:00,60,AHMSC4/MSCServerFunction:AHMSC4,Reliable,36.953,68650,185778,30044,66088,38606,119690
2024-06-03 06:00+03:00,60,AHMSC3/MSCServerFunction:AHMSC3,Reliable,33.65,312768,929468,152145,434760,160623,494708
2024-06-03 06:00+03:00,60,BUMSC1/MSCServerFunction:BUMSC1,Reliable,29.232,298198,1020117,137483,522658,160715,497459
2024-06-03 06:00+03:00,60,BUMSC2/MSCServerFunction:BUMSC2,Reliable,36.751,300420,817458,139512,320632,160908,496826
2024-06-03 06:00+03:00,60,AHMSC4/MSCServerFunction:AHMSC4,Reliable,37.293,284309,762362,123531,270283,160778,492079
2024-06-03 07:00+03:00,60,AHMSC3/MSCServerFunction:AHMSC3,Reliable,36.611,798681,2181509,388313,1023411,410368,1158098
2024-06-03 07:00+03:00,60,BUMSC1/MSCServerFunction:BUMSC1,Reliable,31.85,753635,2366167,348138,1208502,405497,1157665
2024-06-03 07:00+03:00,60,BUMSC2/MSCServerFunction:BUMSC2,Reliable,39.55,761698,1925917,354017,764982,407681,1160935
2024-06-03 07:00+03:00,60,AHMSC4/MSCServerFunction:AHMSC4,Reliable,40.138000000000005,725725,1808062,316146,650557,409579,1157505
2024-06-03 08:00+03:00,60,AHMSC3/MSCServerFunction:AHMSC3,Reliable,38.703,1109310,2866243,541430,1347226,567880,1519017
2024-06-03 08:00+03:00,60,BUMSC1/MSCServerFunction:BUMSC1,Reliable,34.244,1049354,3064324,486556,1545077,562798,1519247
2024-06-03 08:00+03:00,60,BUMSC2/MSCServerFunction:BUMSC2,Reliable,41.473,1053407,2539989,492011,1030883,561396,1509106
2024-06-03 08:00+03:00,60,AHMSC4/MSCServerFunction:AHMSC4,Reliable,41.976000000000006,1001148,2385064,437722,878330,563426,1506734
2024-06-03 09:00+03:00,60,AHMSC3/MSCServerFunction:AHMSC3,Reliable,39.819,1267852,3184018,620771,1506821,647081,1677197
2024-06-03 09:00+03:00,60,BUMSC1/MSCServerFunction:BUMSC1,Reliable,35.512,1195882,3367528,554408,1693063,641474,1674465
2024-06-03 09:00+03:00,60,BUMSC2/MSCServerFunction:BUMSC2,Reliable,42.585,1205856,2831659,566433,1161727,639423,1669932
2024-06-03 09:00+03:00,60,AHMSC4/MSCServerFunction:AHMSC4,Reliable,43.104,1144504,2655236,501486,986295,643018,1668941
2024-06-03 10:00+03:00,60,AHMSC3/MSCServerFunction:AHMSC3,Reliable,40.116,1346844,3357394,662132,1589479,684712,1767915
2024-06-03 10:00+03:00,60,BUMSC1/MSCServerFunction:BUMSC1,Reliable,35.939,1271766,3538667,591286,1774296,680480,1764371
2024-06-03 10:00+03:00,60,BUMSC2/MSCServerFunction:BUMSC2,Reliable,43.006,1283902,2985399,602429,1222707,681473,1762692
2024-06-03 10:00+03:00,60,AHMSC4/MSCServerFunction:AHMSC4,Reliable,43.373000000000005,1217826,2807808,532611,1041816,685215,1765992
2024-06-03 11:00+03:00,60,AHMSC3/MSCServerFunction:AHMSC3,Reliable,39.945,1344327,3365486,659424,1587620,684903,1777866
2024-06-03 11:00+03:00,60,BUMSC1/MSCServerFunction:BUMSC1,Reliable,35.856,1266964,3533494,589254,1762982,677710,1770512
2024-06-03 11:00+03:00,60,BUMSC2/MSCServerFunction:BUMSC2,Reliable,42.778,1280909,2994320,601471,1221128,679438,1773192
2024-06-03 11:00+03:00,60,AHMSC4/MSCServerFunction:AHMSC4,Reliable,43.166000000000004,1212772,2809580,531760,1038671,681012,1770909
2024-06-03 12:00+03:00,60,AHMSC3/MSCServerFunction:AHMSC3,Reliable,39.603,1321852,3337768,650065,1573195,671787,1764573
2024-06-03 12:00+03:00,60,BUMSC1/MSCServerFunction:BUMSC1,Reliable,35.645,1247097,3498613,580322,1734747,666775,1763866
2024-06-03 12:00+03:00,60,BUMSC2/MSCServerFunction:BUMSC2,Reliable,42.457,1261710,2971718,591017,1200259,670693,1771459
2024-06-03 12:00+03:00,60,AHMSC4/MSCServerFunction:AHMSC4,Reliable,42.903999999999996,1193685,2782235,523469,1023980,670216,1758255
2024-06-03 13:00+03:00,60,AHMSC3/MSCServerFunction:AHMSC3,Reliable,39.29,1307284,3327254,642661,1567780,664623,1759474
2024-06-03 13:00+03:00,60,BUMSC1/MSCServerFunction:BUMSC1,Reliable,35.35,1231131,3482666,572606,1723070,658525,1759596
2024-06-03 13:00+03:00,60,BUMSC2/MSCServerFunction:BUMSC2,Reliable,42.174,1250223,2964461,586692,1196636,663531,1767825
2024-06-03 13:00+03:00,60,AHMSC4/MSCServerFunction:AHMSC4,Reliable,42.566,1179138,2770126,516710,1013612,662428,1756514
2024-06-03 14:00+03:00,60,AHMSC3/MSCServerFunction:AHMSC3,Reliable,38.927,1290047,3313983,635942,1559716,654105,1754267
2024-06-03 14:00+03:00,60,BUMSC1/MSCServerFunction:BUMSC1,Reliable,35.221,1217755,3457431,564544,1700928,653211,1756503
2024-06-03 14:00+03:00,60,BUMSC2/MSCServerFunction:BUMSC2,Reliable,41.91,1232579,2940992,578427,1182361,654152,1758631
2024-06-03 14:00+03:00,60,AHMSC4/MSCServerFunction:AHMSC4,Reliable,42.293,1164802,2754140,511305,1004472,653497,1749668
2024-06-03 15:00+03:00,60,AHMSC3/MSCServerFunction:AHMSC3,Reliable,38.605,1258941,3261043,619094,1532048,639847,1728995
2024-06-03 15:00+03:00,60,BUMSC1/MSCServerFunction:BUMSC1,Reliable,34.997,1184083,3383408,549887,1660183,634196,1723225
2024-06-03 15:00+03:00,60,BUMSC2/MSCServerFunction:BUMSC2,Reliable,41.494,1198597,2888602,562472,1158633,636125,1729969
2024-06-03 15:00+03:00,60,AHMSC4/MSCServerFunction:AHMSC4,Reliable,41.979,1134234,2701907,496817,981785,637417,1720122
2024-06-03 16:00+03:00,60,AHMSC3/MSCServerFunction:AHMSC3,Reliable,38.088,1261965,3313306,620312,1554246,641653,1759060
2024-06-03 16:00+03:00,60,BUMSC1/MSCServerFunction:BUMSC1,Reliable,34.599000000000004,1189315,3437475,551277,1681025,638038,1756450
2024-06-03 16:00+03:00,60,BUMSC2/MSCServerFunction:BUMSC2,Reliable,41.023,1203490,2933681,563366,1171722,640124,1761959
2024-06-03 16:00+03:00,60,AHMSC4/MSCServerFunction:AHMSC4,Reliable,41.347,1139463,2755832,499530,999344,639933,1756488
2024-06-03 17:00+03:00,60,AHMSC3/MSCServerFunction:AHMSC3,Reliable,38.003,1320339,3474300,648095,1628671,672244,1845629
2024-06-03 17:00+03:00,60,BUMSC1/MSCServerFunction:BUMSC1,Reliable,34.496,1243465,3604681,576437,1760436,667028,1844245
2024-06-03 17:00+03:00,60,BUMSC2/MSCServerFunction:BUMSC2,Reliable,40.893,1257508,3075100,589056,1228950,668452,1846150
2024-06-03 17:00+03:00,60,AHMSC4/MSCServerFunction:AHMSC4,Reliable,41.236999999999995,1191960,2890501,520923,1045517,671037,1844984
2024-06-03 18:00+03:00,60,AHMSC3/MSCServerFunction:AHMSC3,Reliable,37.731,1412500,3743652,692383,1752776,720117,1990876
2024-06-03 18:00+03:00,60,BUMSC1/MSCServerFunction:BUMSC1,Reliable,34.22,1329649,3885536,616794,1898950,712855,1986586
2024-06-03 18:00+03:00,60,BUMSC2/MSCServerFunction:BUMSC2,Reliable,40.544000000000004,1343658,3314037,628132,1321755,715526,1992282
2024-06-03 18:00+03:00,60,AHMSC4/MSCServerFunction:AHMSC4,Reliable,40.891,1272502,3111928,557204,1130360,715298,1981568
2024-06-03 19:00+03:00,60,AHMSC3/MSCServerFunction:AHMSC3,Reliable,37.096,1701906,4587825,831449,2139862,870457,2447963
2024-06-03 19:00+03:00,60,BUMSC1/MSCServerFunction:BUMSC1,Reliable,33.416,1604639,4802042,743666,2364313,860973,2437729
2024-06-03 19:00+03:00,60,BUMSC2/MSCServerFunction:BUMSC2,Reliable,40.04,1624133,4056248,758542,1609206,865591,2447042
2024-06-03 19:00+03:00,60,AHMSC4/MSCServerFunction:AHMSC4,Reliable,40.396,1541249,3815318,673655,1377542,867594,2437776
2024-06-03 20:00+03:00,60,AHMSC3/MSCServerFunction:AHMSC3,Reliable,36.501,1619678,4437393,789364,2051839,830314,2385554
2024-06-03 20:00+03:00,60,BUMSC1/MSCServerFunction:BUMSC1,Reliable,33.129,1529828,4617837,711316,2249523,818512,2368314
2024-06-03 20:00+03:00,60,BUMSC2/MSCServerFunction:BUMSC2,Reliable,39.358000000000004,1546330,3928911,720855,1544383,825475,2384528
2024-06-03 20:00+03:00,60,AHMSC4/MSCServerFunction:AHMSC4,Reliable,39.76,1468123,3692498,639705,1313204,828418,2379294
2024-06-03 21:00+03:00,60,AHMSC3/MSCServerFunction:AHMSC3,Reliable,35.43,1317480,3718530,641199,1708227,676281,2010303
2024-06-03 21:00+03:00,60,BUMSC1/MSCServerFunction:BUMSC1,Reliable,32.459,1244052,3832631,576618,1839584,667434,1993047
2024-06-03 21:00+03:00,60,BUMSC2/MSCServerFunction:BUMSC2,Reliable,38.25,1260180,3300023,585316,1280656,674864,2019367
2024-06-03 21:00+03:00,60,AHMSC4/MSCServerFunction:AHMSC4,Reliable,38.556999999999995,1195201,3099846,521220,1092542,673981,2007304
2024-06-03 22:00+03:00,60,AHMSC3/MSCServerFunction:AHMSC3,Reliable,33.757,855916,2535527,413924,1153920,441992,1381607
2024-06-03 22:00+03:00,60,BUMSC1/MSCServerFunction:BUMSC1,Reliable,31.221999999999998,807473,2586201,372274,1218287,435199,1367914
2024-06-03 22:00+03:00,60,BUMSC2/MSCServerFunction:BUMSC2,Reliable,36.472,819809,2247763,380835,867397,438974,1380366
2024-06-03 22:00+03:00,60,AHMSC4/MSCServerFunction:AHMSC4,Reliable,36.736,779308,2121378,338109,738788,441199,1382590
2024-06-03 23:00+03:00,60,AHMSC3/MSCServerFunction:AHMSC3,Reliable,31.963,368941,1154291,179684,532194,189257,622097
2024-06-03 23:00+03:00,60,BUMSC1/MSCServerFunction:BUMSC1,Reliable,29.680999999999997,345950,1165547,159368,546468,186582,619079
2024-06-03 23:00+03:00,60,BUMSC2/MSCServerFunction:BUMSC2,Reliable,34.654,352937,1018463,163865,393305,189072,625158
2024-06-03 23:00+03:00,60,AHMSC4/MSCServerFunction:AHMSC4,Reliable,35.145,335340,954156,145867,331327,189473,622829
2024-06-03 00:00+03:00,60,BUMSC5/MSCServerFunction:BUMSC5,Reliable,39.455999999999996,174,441,174,441,0,0
2024-06-03 00:00+03:00,60,RWMSC6/MSCServerFunction:RWMSC6,Reliable,0.0,0,0,0,0,0,0
2024-06-03 01:00+03:00,60,BUMSC5/MSCServerFunction:BUMSC5,Reliable,34.495,99,287,99,287,0,0
2024-06-03 01:00+03:00,60,RWMSC6/MSCServerFunction:RWMSC6,Reliable,0.0,0,0,0,0,0,0
2024-06-03 02:00+03:00,60,BUMSC5/MSCServerFunction:BUMSC5,Reliable,40.0,70,175,70,175,0,0
2024-06-03 02:00+03:00,60,RWMSC6/MSCServerFunction:RWMSC6,Reliable,0.0,0,0,0,0,0,0
2024-06-03 03:00+03:00,60,BUMSC5/MSCServerFunction:BUMSC5,Reliable,33.6,42,125,42,125,0,0
2024-06-03 03:00+03:00,60,RWMSC6/MSCServerFunction:RWMSC6,Reliable,0.0,0,0,0,0,0,0
2024-06-03 04:00+03:00,60,BUMSC5/MSCServerFunction:BUMSC5,Reliable,41.667,55,132,55,132,0,0
2024-06-03 04:00+03:00,60,RWMSC6/MSCServerFunction:RWMSC6,Reliable,0.0,0,0,0,0,0,0
2024-06-03 05:00+03:00,60,BUMSC5/MSCServerFunction:BUMSC5,Reliable,51.376000000000005,56,109,56,109,0,0
2024-06-03 05:00+03:00,60,RWMSC6/MSCServerFunction:RWMSC6,Reliable,0.0,0,0,0,0,0,0
2024-06-03 06:00+03:00,60,BUMSC5/MSCServerFunction:BUMSC5,Reliable,41.946000000000005,125,298,125,298,0,0
2024-06-03 06:00+03:00,60,RWMSC6/MSCServerFunction:RWMSC6,Reliable,0.0,0,0,0,0,0,0
2024-06-03 07:00+03:00,60,BUMSC5/MSCServerFunction:BUMSC5,Reliable,46.398999999999994,335,722,335,722,0,0
2024-06-03 07:00+03:00,60,RWMSC6/MSCServerFunction:RWMSC6,Reliable,0.0,0,0,0,0,0,0
2024-06-03 08:00+03:00,60,BUMSC5/MSCServerFunction:BUMSC5,Reliable,51.023999999999994,797,1562,797,1561,0,1
2024-06-03 08:00+03:00,60,RWMSC6/MSCServerFunction:RWMSC6,Reliable,0.0,0,0,0,0,0,0
2024-06-03 09:00+03:00,60,BUMSC5/MSCServerFunction:BUMSC5,Reliable,51.301,1104,2152,1104,2152,0,0
2024-06-03 09:00+03:00,60,RWMSC6/MSCServerFunction:RWMSC6,Reliable,0.0,0,0,0,0,0,0
2024-06-03 10:00+03:00,60,BUMSC5/MSCServerFunction:BUMSC5,Reliable,54.56,1382,2533,1382,2532,0,1
2024-06-03 10:00+03:00,60,RWMSC6/MSCServerFunction:RWMSC6,Reliable,0.0,0,0,0,0,0,0
2024-06-03 11:00+03:00,60,BUMSC5/MSCServerFunction:BUMSC5,Reliable,54.053000000000004,1467,2714,1467,2712,0,2
2024-06-03 11:00+03:00,60,RWMSC6/MSCServerFunction:RWMSC6,Reliable,0.0,0,0,0,0,0,0
2024-06-03 12:00+03:00,60,BUMSC5/MSCServerFunction:BUMSC5,Reliable,54.56399999999999,1369,2509,1366,2506,3,3
2024-06-03 12:00+03:00,60,RWMSC6/MSCServerFunction:RWMSC6,Reliable,0.0,0,0,0,0,0,0
2024-06-03 13:00+03:00,60,BUMSC5/MSCServerFunction:BUMSC5,Reliable,54.828,1499,2734,1499,2734,0,0
2024-06-03 13:00+03:00,60,RWMSC6/MSCServerFunction:RWMSC6,Reliable,0.0,0,0,0,0,0,0
2024-06-03 14:00+03:00,60,BUMSC5/MSCServerFunction:BUMSC5,Reliable,54.128,1331,2459,1324,2448,7,11
2024-06-03 14:00+03:00,60,RWMSC6/MSCServerFunction:RWMSC6,Reliable,0.0,0,0,0,0,0,0
2024-06-03 15:00+03:00,60,BUMSC5/MSCServerFunction:BUMSC5,Reliable,56.152,1319,2349,1315,2345,4,4
2024-06-03 15:00+03:00,60,RWMSC6/MSCServerFunction:RWMSC6,Reliable,0.0,0,0,0,0,0,0
2024-06-03 16:00+03:00,60,BUMSC5/MSCServerFunction:BUMSC5,Reliable,55.102,1242,2254,1242,2254,0,0
2024-06-03 16:00+03:00,60,RWMSC6/MSCServerFunction:RWMSC6,Reliable,0.0,0,0,0,0,0,0
2024-06-03 17:00+03:00,60,BUMSC5/MSCServerFunction:BUMSC5,Reliable,53.913999999999994,1219,2261,1219,2261,0,0
2024-06-03 17:00+03:00,60,RWMSC6/MSCServerFunction:RWMSC6,Reliable,0.0,0,0,0,0,0,0
2024-06-03 18:00+03:00,60,BUMSC5/MSCServerFunction:BUMSC5,Reliable,53.766000000000005,1242,2310,1242,2310,0,0
2024-06-03 18:00+03:00,60,RWMSC6/MSCServerFunction:RWMSC6,Reliable,0.0,0,0,0,0,0,0
2024-06-03 19:00+03:00,60,BUMSC5/MSCServerFunction:BUMSC5,Reliable,56.566,224,396,223,395,1,1
2024-06-03 19:00+03:00,60,RWMSC6/MSCServerFunction:RWMSC6,Reliable,0.0,0,0,0,0,0,0
2024-06-03 20:00+03:00,60,BUMSC5/MSCServerFunction:BUMSC5,Reliable,0.0,0,0,0,0,0,0
2024-06-03 20:00+03:00,60,RWMSC6/MSCServerFunction:RWMSC6,Reliable,0.0,0,0,0,0,0,0
2024-06-03 21:00+03:00,60,BUMSC5/MSCServerFunction:BUMSC5,Reliable,0.0,0,0,0,0,0,0
2024-06-03 21:00+03:00,60,RWMSC6/MSCServerFunction:RWMSC6,Reliable,0.0,0,0,0,0,0,0
2024-06-03 22:00+03:00,60,BUMSC5/MSCServerFunction:BUMSC5,Reliable,0.0,0,0,0,0,0,0
2024-06-03 22:00+03:00,60,RWMSC6/MSCServerFunction:RWMSC6,Reliable,0.0,0,0,0,0,0,0
2024-06-03 23:00+03:00,60,BUMSC5/MSCServerFunction:BUMSC5,Reliable,27.778000000000002,5,18,2,4,3,14
2024-06-03 23:00+03:00,60,RWMSC6/MSCServerFunction:RWMSC6,Reliable,0.0,0,0,0,0,0,0
