Result Time,Granularity Period,Object Name,Reliability,CAUSE129_unallocated DN,CAUSE130_no route to the selected transit network,CAUSE131_no route to the callee,CAUSE133_dial wrong prefix of long distance call,CAUSE134_route unacceptable,CAUSE145_user decide to busy,CAUSE146_no response from callee,CAUSE147_no answer from callee,CAUSE149_call rejected,CAUSE155_termination error,CAUSE156_invalid DN format,CAUSE157_facility rejected,CAUSE162_no route available,CAUSE166_network error,CAUSE169_temporary error,CAUSE170_device congestion,CAUSE172_no route or circuit applied available,CAUSE174_precedence call blocked,CAUSE175_no resource available,CAUSE177_no suitable service quality,CAUSE178_facility applied not preserved before,CAUSE216_incompatible terminal,CAUSE219_invalid transit network selection,CAUSE223_invalid message,CAUSE230_recovery of time out,CAUSE231_parameter not exist,CAUSE239_protocol error,CAUSE254_interwork
2024-06-03 00:00+03:00,1440,AHMSC3/MSCServerFunction:AHMSC3,Reliable,6612,0,406453,1,0,1265147,245582,340881,4388,171917,16720,2,16388,33265,5992,10,71379,0,1073,0,4,491,0,6,338233,0,244,27033
2024-06-03 00:00+03:00,1440,BUMSC1/MSCServerFunction:BUMSC1,Reliable,7236,6,392263,0,0,1260707,118558,1027375,3096,164477,47391,1,14483,34584,8752,47,63718,0,952,0,4,654,0,0,306813,0,217,18695
2024-06-03 00:00+03:00,1440,BUMSC2/MSCServerFunction:BUMSC2,Reliable,4897,3,426590,0,0,1267174,98194,192849,3306,166377,46853,1,11711,32733,5171,3,67712,0,359,0,1,623,0,3,319946,0,351,40980
2024-06-03 00:00+03:00,1440,AHMSC4/MSCServerFunction:AHMSC4,Reliable,4059,0,257258,1,0,1256661,186177,202179,2330,170193,12174,0,3425,30955,2692,0,66911,0,361,0,0,523,0,2,132729,1,129,14718
2024-06-03 00:00+03:00,1440,BUMSC5/MSCServerFunction:BUMSC5,Reliable,3,0,4,0,0,0,40,7,6,1,15,0,0,248,87,0,0,0,0,0,0,6,0,0,50,0,0,3035
2024-06-03 00:00+03:00,1440,RWMSC6/MSCServerFunction:RWMSC6,Reliable,0,0,4,0,0,0,0,0,0,0,0,0,0,295,0,0,0,0,0,0,0,0,0,0,0,0,0,0
