Result Time,Granularity Period,Object Name,Reliability,Call Attempts,Global BHCA,Incoming Answer Times,Originated Answer Times,Peak_Processor_Load,Peak_Processor_Load_Denom,Peak_Processor_Load_Nom
2024-06-03 00:00+03:00,60,AHMSC3/MSCServerFunction:AHMSC3,Reliable,506407,481017,75552,77698,30.261999999999997,506407,153250
2024-06-03 00:00+03:00,60,BUMSC1/MSCServerFunction:BUMSC1,Reliable,541817,511530,66440,76257,26.337,541817,142697
2024-06-03 00:00+03:00,60,BUMSC2/MSCServerFunction:BUMSC2,Reliable,446732,422114,68421,77225,32.603,446732,145646
2024-06-03 00:00+03:00,60,AHMSC4/MSCServerFunction:AHMSC4,Reliable,417080,395216,59731,77428,32.885999999999996,417080,137159
2024-06-03 01:00+03:00,60,AHMSC3/MSCServerFunction:AHMSC3,Reliable,235198,223088,33403,33711,28.535,235198,67114
2024-06-03 01:00+03:00,60,BUMSC1/MSCServerFunction:BUMSC1,Reliable,246516,232456,29257,33599,25.498,246516,62856
2024-06-03 01:00+03:00,60,BUMSC2/MSCServerFunction:BUMSC2,Reliable,202836,191143,30282,33255,31.324,202836,63537
2024-06-03 01:00+03:00,60,AHMSC4/MSCServerFunction:AHMSC4,Reliable,193936,183435,26706,33858,31.229,193936,60564
2024-06-03 02:00+03:00,60,AHMSC3/MSCServerFunction:AHMSC3,Reliable,145287,137839,20213,20211,27.824,145287,40424
2024-06-03 02:00+03:00,60,BUMSC1/MSCServerFunction:BUMSC1,Reliable,154213,145768,17501,20247,24.478,154213,37748
2024-06-03 02:00+03:00,60,BUMSC2/MSCServerFunction:BUMSC2,Reliable,125083,118042,18221,20214,30.728,125083,38435
2024-06-03 02:00+03:00,60,AHMSC4/MSCServerFunction:AHMSC4,Reliable,117903,111815,15807,20364,30.679000000000002,117903,36171
2024-06-03 03:00+03:00,60,AHMSC3/MSCServerFunction:AHMSC3,Reliable,118360,112306,16397,16007,27.377,118360,32404
2024-06-03 03:00+03:00,60,BUMSC1/MSCServerFunction:BUMSC1,Reliable,125502,118593,14434,16119,24.345,125502,30553
2024-06-03 03:00+03:00,60,BUMSC2/MSCServerFunction:BUMSC2,Reliable,103304,97698,14497,16765,30.261999999999997,103304,31262
2024-06-03 03:00+03:00,60,AHMSC4/MSCServerFunction:AHMSC4,Reliable,97040,92130,12920,16643,30.465,97040,29563
2024-06-03 04:00+03:00,60,AHMSC3/MSCServerFunction:AHMSC3,Reliable,119368,113301,18210,18534,30.781999999999996,119368,36744
2024-06-03 04:00+03:00,60,BUMSC1/MSCServerFunction:BUMSC1,Reliable,124882,118159,16166,18119,27.454,124882,34285
2024-06-03 04:00+03:00,60,BUMSC2/MSCServerFunction:BUMSC2,Reliable,104724,99037,16693,18402,33.512,104724,35095
2024-06-03 04:00+03:00,60,AHMSC4/MSCServerFunction:AHMSC4,Reliable,97839,92871,14520,18978,34.238,97839,33498
2024-06-03 05:00+03:00,60,AHMSC3/MSCServerFunction:AHMSC3,Reliable,225587,213704,37340,37835,33.324,225587,75175
2024-06-03 05:00+03:00,60,BUMSC1/MSCServerFunction:BUMSC1,Reliable,241407,227762,33167,37889,29.434,241407,71056
2024-06-03 05:00+03:00,60,BUMSC2/MSCServerFunction:BUMSC2,Reliable,196897,185872,33480,38337,36.474000000000004,196897,71817
2024-06-03 05:00+03:00,60,AHMSC4/MSCServerFunction:AHMSC4,Reliable,185778,175846,30044,38606,36.953,185778,68650
2024-06-03 06:00+03:00,60,AHMSC3/MSCServerFunction:AHMSC3,Reliable,929468,879465,152145,160623,33.65,929468,312768
2024-06-03 06:00+03:00,60,BUMSC1/MSCServerFunction:BUMSC1,Reliable,1020117,958714,137483,160715,29.232,1020117,298198
2024-06-03 06:00+03:00,60,BUMSC2/MSCServerFunction:BUMSC2,Reliable,817458,768723,139512,160908,36.751,817458,300420
2024-06-03 06:00+03:00,60,AHMSC4/MSCServerFunction:AHMSC4,Reliable,762362,719377,123531,160778,37.293,762362,284309
2024-06-03 07:00+03:00,60,AHMSC3/MSCServerFunction:AHMSC3,Reliable,2181509,2073482,388313,410368,36.611,2181509,798681
2024-06-03 07:00+03:00,60,BUMSC1/MSCServerFunction:BUMSC1,Reliable,2366167,2236439,348138,405497,31.85,2366167,753635
2024-06-03 07:00+03:00,60,BUMSC2/MSCServerFunction:BUMSC2,Reliable,1925917,1820095,354017,407681,39.55,1925917,761698
2024-06-03 07:00+03:00,60,AHMSC4/MSCServerFunction:AHMSC4,Reliable,1808062,1714257,316146,409579,40.138000000000005,1808062,725725
2024-06-03 08:00+03:00,60,AHMSC3/MSCServerFunction:AHMSC3,Reliable,2866243,2737616,541430,567880,38.703,2866243,1109310
2024-06-03 08:00+03:00,60,BUMSC1/MSCServerFunction:BUMSC1,Reliable,3064324,2912989,486556,562798,34.244,3064324,1049354
2024-06-03 08:00+03:00,60,BUMSC2/MSCServerFunction:BUMSC2,Reliable,2539989,2415304,492011,561396,41.473,2539989,1053407
2024-06-03 08:00+03:00,60,AHMSC4/MSCServerFunction:AHMSC4,Reliable,2385064,2273270,437722,563426,41.976000000000006,2385064,1001148
2024-06-03 09:00+03:00,60,AHMSC3/MSCServerFunction:AHMSC3,Reliable,3184018,3048087,620771,647081,39.819,3184018,1267852
2024-06-03 09:00+03:00,60,BUMSC1/MSCServerFunction:BUMSC1,Reliable,3367528,3210366,554408,641474,35.512,3367528,1195882
2024-06-03 09:00+03:00,60,BUMSC2/MSCServerFunction:BUMSC2,Reliable,2831659,2699277,566433,639423,42.585,2831659,1205856
2024-06-03 09:00+03:00,60,AHMSC4/MSCServerFunction:AHMSC4,Reliable,2655236,2537538,501486,643018,43.104,2655236,1144504
2024-06-03 10:00+03:00,60,AHMSC3/MSCServerFunction:AHMSC3,Reliable,3357394,3216279,662132,684712,40.116,3357394,1346844
2024-06-03 10:00+03:00,60,BUMSC1/MSCServerFunction:BUMSC1,Reliable,3538667,3375892,591286,680480,35.939,3538667,1271766
2024-06-03 10:00+03:00,60,BUMSC2/MSCServerFunction:BUMSC2,Reliable,2985399,2847138,602429,681473,43.006,2985399,1283902
2024-06-03 10:00+03:00,60,AHMSC4/MSCServerFunction:AHMSC4,Reliable,2807808,2684613,532611,685215,43.373000000000005,2807808,1217826
2024-06-03 11:00+03:00,60,AHMSC3/MSCServerFunction:AHMSC3,Reliable,3365486,3221860,659424,684903,39.945,3365486,1344327
2024-06-03 11:00+03:00,60,BUMSC1/MSCServerFunction:BUMSC1,Reliable,3533494,3369985,589254,677710,35.856,3533494,1266964
2024-06-03 11:00+03:00,60,BUMSC2/MSCServerFunction:BUMSC2,Reliable,2994320,2854871,601471,679438,42.778,2994320,1280909
2024-06-03 11:00+03:00,60,AHMSC4/MSCServerFunction:AHMSC4,Reliable,2809580,2685028,531760,681012,43.166000000000004,2809580,1212772
2024-06-03 12:00+03:00,60,AHMSC3/MSCServerFunction:AHMSC3,Reliable,3337768,3192843,650065,671787,39.603,3337768,1321852
2024-06-03 12:00+03:00,60,BUMSC1/MSCServerFunction:BUMSC1,Reliable,3498613,3332967,580322,666775,35.645,3498613,1247097
2024-06-03 12:00+03:00,60,BUMSC2/MSCServerFunction:BUMSC2,Reliable,2971718,2829397,591017,670693,42.457,2971718,1261710
2024-06-03 12:00+03:00,60,AHMSC4/MSCServerFunction:AHMSC4,Reliable,2782235,2655913,523469,670216,42.903999999999996,2782235,1193685
2024-06-03 13:00+03:00,60,AHMSC3/MSCServerFunction:AHMSC3,Reliable,3327254,3181390,642661,664623,39.29,3327254,1307284
2024-06-03 13:00+03:00,60,BUMSC1/MSCServerFunction:BUMSC1,Reliable,3482666,3315356,572606,658525,35.35,3482666,1231131
2024-06-03 13:00+03:00,60,BUMSC2/MSCServerFunction:BUMSC2,Reliable,2964461,2820574,586692,663531,42.174,2964461,1250223
2024-06-03 13:00+03:00,60,AHMSC4/MSCServerFunction:AHMSC4,Reliable,2770126,2642511,516710,662428,42.566,2770126,1179138
2024-06-03 14:00+03:00,60,AHMSC3/MSCServerFunction:AHMSC3,Reliable,3313983,3164996,635942,654105,38.927,3313983,1290047
2024-06-03 14:00+03:00,60,BUMSC1/MSCServerFunction:BUMSC1,Reliable,3457431,3288710,564544,653211,35.221,3457431,1217755
2024-06-03 14:00+03:00,60,BUMSC2/MSCServerFunction:BUMSC2,Reliable,2940992,2795086,578427,654152,41.91,2940992,1232579
2024-06-03 14:00+03:00,60,AHMSC4/MSCServerFunction:AHMSC4,Reliable,2754140,2624822,511305,653497,42.293,2754140,1164802
2024-06-03 15:00+03:00,60,AHMSC3/MSCServerFunction:AHMSC3,Reliable,3261043,3114970,619094,639847,38.605,3261043,1258941
2024-06-03 15:00+03:00,60,BUMSC1/MSCServerFunction:BUMSC1,Reliable,3383408,3218576,549887,634196,34.997,3383408,1184083
2024-06-03 15:00+03:00,60,BUMSC2/MSCServerFunction:BUMSC2,Reliable,2888602,2745416,562472,636125,41.494,2888602,1198597
2024-06-03 15:00+03:00,60,AHMSC4/MSCServerFunction:AHMSC4,Reliable,2701907,2575314,496817,637417,41.979,2701907,1134234
2024-06-03 16:00+03:00,60,AHMSC3/MSCServerFunction:AHMSC3,Reliable,3313306,3164692,620312,641653,38.088,3313306,1261965
2024-06-03 16:00+03:00,60,BUMSC1/MSCServerFunction:BUMSC1,Reliable,3437475,3269765,551277,638038,34.599000000000004,3437475,1189315
2024-06-03 16:00+03:00,60,BUMSC2/MSCServerFunction:BUMSC2,Reliable,2933681,2787915,563366,640124,41.023,2933681,1203490
2024-06-03 16:00+03:00,60,AHMSC4/MSCServerFunction:AHMSC4,Reliable,2755832,2625326,499530,639933,41.347,2755832,1139463
2024-06-03 17:00+03:00,60,AHMSC3/MSCServerFunction:AHMSC3,Reliable,3474300,3319456,648095,672244,38.003,3474300,1320339
2024-06-03 17:00+03:00,60,BUMSC1/MSCServerFunction:BUMSC1,Reliable,3604681,3430491,576437,667028,34.496,3604681,1243465
2024-06-03 17:00+03:00,60,BUMSC2/MSCServerFunction:BUMSC2,Reliable,3075100,2923690,589056,668452,40.893,3075100,1257508
2024-06-03 17:00+03:00,60,AHMSC4/MSCServerFunction:AHMSC4,Reliable,2890501,2754452,520923,671037,41.236999999999995,2890501,1191960
2024-06-03 18:00+03:00,60,AHMSC3/MSCServerFunction:AHMSC3,Reliable,3743652,3578719,692383,720117,37.731,3743652,1412500
2024-06-03 18:00+03:00,60,BUMSC1/MSCServerFunction:BUMSC1,Reliable,3885536,3700666,616794,712855,34.22,3885536,1329649
2024-06-03 18:00+03:00,60,BUMSC2/MSCServerFunction:BUMSC2,Reliable,3314037,3152473,628132,715526,40.544000000000004,3314037,1343658
2024-06-03 18:00+03:00,60,AHMSC4/MSCServerFunction:AHMSC4,Reliable,3111928,2966936,557204,715298,40.891,3111928,1272502
2024-06-03 19:00+03:00,60,AHMSC3/MSCServerFunction:AHMSC3,Reliable,4587825,4392102,831449,870457,37.096,4587825,1701906
2024-06-03 19:00+03:00,60,BUMSC1/MSCServerFunction:BUMSC1,Reliable,4802042,4572216,743666,860973,33.416,4802042,1604639
2024-06-03 19:00+03:00,60,BUMSC2/MSCServerFunction:BUMSC2,Reliable,4056248,3858035,758542,865591,40.04,4056248,1624133
2024-06-03 19:00+03:00,60,AHMSC4/MSCServerFunction:AHMSC4,Reliable,3815318,3635456,673655,867594,40.396,3815318,1541249
2024-06-03 20:00+03:00,60,AHMSC3/MSCServerFunction:AHMSC3,Reliable,4437393,4239218,789364,830314,36.501,4437393,1619678
2024-06-03 20:00+03:00,60,BUMSC1/MSCServerFunction:BUMSC1,Reliable,4617837,4385401,711316,818512,33.129,4617837,1529828
2024-06-03 20:00+03:00,60,BUMSC2/MSCServerFunction:BUMSC2,Reliable,3928911,3725159,720855,825475,39.358000000000004,3928911,1546330
2024-06-03 20:00+03:00,60,AHMSC4/MSCServerFunction:AHMSC4,Reliable,3692498,3506941,639705,828418,39.76,3692498,1468123
2024-06-03 21:00+03:00,60,AHMSC3/MSCServerFunction:AHMSC3,Reliable,3718530,3538945,641199,676281,35.43,3718530,1317480
2024-06-03 21:00+03:00,60,BUMSC1/MSCServerFunction:BUMSC1,Reliable,3832631,3630403,576618,667434,32.459,3832631,1244052
2024-06-03 21:00+03:00,60,BUMSC2/MSCServerFunction:BUMSC2,Reliable,3300023,3119180,585316,674864,38.187,3300023,1260180
2024-06-03 21:00+03:00,60,AHMSC4/MSCServerFunction:AHMSC4,Reliable,3099846,2936575,521220,673981,38.556999999999995,3099846,1195201
2024-06-03 22:00+03:00,60,AHMSC3/MSCServerFunction:AHMSC3,Reliable,2535527,2407322,413924,441992,33.757,2535527,855916
2024-06-03 22:00+03:00,60,BUMSC1/MSCServerFunction:BUMSC1,Reliable,2586201,2447592,372274,435199,31.221999999999998,2586201,807473
2024-06-03 22:00+03:00,60,BUMSC2/MSCServerFunction:BUMSC2,Reliable,2247763,2122061,380835,438974,36.472,2247763,819809
2024-06-03 22:00+03:00,60,AHMSC4/MSCServerFunction:AHMSC4,Reliable,2121378,2006568,338109,441199,36.736,2121378,779308
2024-06-03 23:00+03:00,60,AHMSC3/MSCServerFunction:AHMSC3,Reliable,1154291,1096065,179684,189257,31.963,1154291,368941
2024-06-03 23:00+03:00,60,BUMSC1/MSCServerFunction:BUMSC1,Reliable,1165547,1102563,159368,186582,29.680999999999997,1165547,345950
2024-06-03 23:00+03:00,60,BUMSC2/MSCServerFunction:BUMSC2,Reliable,1018463,961247,163865,189072,34.654,1018463,352937
2024-06-03 23:00+03:00,60,AHMSC4/MSCServerFunction:AHMSC4,Reliable,954156,902927,145867,189473,35.145,954156,335340
2024-06-03 00:00+03:00,60,BUMSC5/MSCServerFunction:BUMSC5,Reliable,441,419,174,0,39.455999999999996,441,174
2024-06-03 00:00+03:00,60,RWMSC6/MSCServerFunction:RWMSC6,Reliable,0,0,0,0,,0,0
2024-06-03 01:00+03:00,60,BUMSC5/MSCServerFunction:BUMSC5,Reliable,287,265,99,0,34.495,287,99
2024-06-03 01:00+03:00,60,RWMSC6/MSCServerFunction:RWMSC6,Reliable,0,0,0,0,,0,0
2024-06-03 02:00+03:00,60,BUMSC5/MSCServerFunction:BUMSC5,Reliable,175,164,70,0,40.0,175,70
2024-06-03 02:00+03:00,60,RWMSC6/MSCServerFunction:RWMSC6,Reliable,0,0,0,0,,0,0
2024-06-03 03:00+03:00,60,BUMSC5/MSCServerFunction:BUMSC5,Reliable,125,117,42,0,33.6,125,42
2024-06-03 03:00+03:00,60,RWMSC6/MSCServerFunction:RWMSC6,Reliable,0,0,0,0,,0,0
2024-06-03 04:00+03:00,60,BUMSC5/MSCServerFunction:BUMSC5,Reliable,132,124,55,0,41.667,132,55
2024-06-03 04:00+03:00,60,RWMSC6/MSCServerFunction:RWMSC6,Reliable,0,0,0,0,,0,0
2024-06-03 05:00+03:00,60,BUMSC5/MSCServerFunction:BUMSC5,Reliable,109,107,56,0,51.376000000000005,109,56
2024-06-03 05:00+03:00,60,RWMSC6/MSCServerFunction:RWMSC6,Reliable,0,0,0,0,,0,0
2024-06-03 06:00+03:00,60,BUMSC5/MSCServerFunction:BUMSC5,Reliable,298,277,125,0,41.946000000000005,298,125
2024-06-03 06:00+03:00,60,RWMSC6/MSCServerFunction:RWMSC6,Reliable,0,4,0,0,,0,0
2024-06-03 07:00+03:00,60,BUMSC5/MSCServerFunction:BUMSC5,Reliable,722,689,335,0,46.398999999999994,722,335
2024-06-03 07:00+03:00,60,RWMSC6/MSCServerFunction:RWMSC6,Reliable,0,0,0,0,,0,0
2024-06-03 08:00+03:00,60,BUMSC5/MSCServerFunction:BUMSC5,Reliable,1562,1480,797,0,51.023999999999994,1562,797
2024-06-03 08:00+03:00,60,RWMSC6/MSCServerFunction:RWMSC6,Reliable,0,12,0,0,,0,0
2024-06-03 09:00+03:00,60,BUMSC5/MSCServerFunction:BUMSC5,Reliable,2152,2058,1104,0,51.301,2152,1104
2024-06-03 09:00+03:00,60,RWMSC6/MSCServerFunction:RWMSC6,Reliable,0,4,0,0,,0,0
2024-06-03 10:00+03:00,60,BUMSC5/MSCServerFunction:BUMSC5,Reliable,2533,2447,1382,0,54.56,2533,1382
2024-06-03 10:00+03:00,60,RWMSC6/MSCServerFunction:RWMSC6,Reliable,0,4,0,0,,0,0
2024-06-03 11:00+03:00,60,BUMSC5/MSCServerFunction:BUMSC5,Reliable,2714,2621,1467,0,54.053000000000004,2714,1467
2024-06-03 11:00+03:00,60,RWMSC6/MSCServerFunction:RWMSC6,Reliable,0,14,0,0,,0,0
2024-06-03 12:00+03:00,60,BUMSC5/MSCServerFunction:BUMSC5,Reliable,2509,2414,1366,3,54.56399999999999,2509,1369
2024-06-03 12:00+03:00,60,RWMSC6/MSCServerFunction:RWMSC6,Reliable,0,10,0,0,,0,0
2024-06-03 13:00+03:00,60,BUMSC5/MSCServerFunction:BUMSC5,Reliable,2734,2643,1499,0,54.828,2734,1499
2024-06-03 13:00+03:00,60,RWMSC6/MSCServerFunction:RWMSC6,Reliable,0,15,0,0,,0,0
2024-06-03 14:00+03:00,60,BUMSC5/MSCServerFunction:BUMSC5,Reliable,2459,2382,1324,7,54.128,2459,1331
2024-06-03 14:00+03:00,60,RWMSC6/MSCServerFunction:RWMSC6,Reliable,0,5,0,0,,0,0
2024-06-03 15:00+03:00,60,BUMSC5/MSCServerFunction:BUMSC5,Reliable,2349,2255,1315,4,56.152,2349,1319
2024-06-03 15:00+03:00,60,RWMSC6/MSCServerFunction:RWMSC6,Reliable,0,5,0,0,,0,0
2024-06-03 16:00+03:00,60,BUMSC5/MSCServerFunction:BUMSC5,Reliable,2254,2187,1242,0,55.102,2254,1242
2024-06-03 16:00+03:00,60,RWMSC6/MSCServerFunction:RWMSC6,Reliable,0,3,0,0,,0,0
2024-06-03 17:00+03:00,60,BUMSC5/MSCServerFunction:BUMSC5,Reliable,2261,2180,1219,0,53.913999999999994,2261,1219
2024-06-03 17:00+03:00,60,RWMSC6/MSCServerFunction:RWMSC6,Reliable,0,16,0,0,,0,0
2024-06-03 18:00+03:00,60,BUMSC5/MSCServerFunction:BUMSC5,Reliable,2310,2234,1242,0,53.766000000000005,2310,1242
2024-06-03 18:00+03:00,60,RWMSC6/MSCServerFunction:RWMSC6,Reliable,0,12,0,0,,0,0
2024-06-03 19:00+03:00,60,BUMSC5/MSCServerFunction:BUMSC5,Reliable,396,402,223,1,56.566,396,224
2024-06-03 19:00+03:00,60,RWMSC6/MSCServerFunction:RWMSC6,Reliable,0,20,0,0,,0,0
2024-06-03 20:00+03:00,60,BUMSC5/MSCServerFunction:BUMSC5,Reliable,0,1,0,0,,0,0
2024-06-03 20:00+03:00,60,RWMSC6/MSCServerFunction:RWMSC6,Reliable,0,41,0,0,,0,0
2024-06-03 21:00+03:00,60,BUMSC5/MSCServerFunction:BUMSC5,Reliable,0,6,0,0,,0,0
2024-06-03 21:00+03:00,60,RWMSC6/MSCServerFunction:RWMSC6,Reliable,0,6,0,0,,0,0
2024-06-03 22:00+03:00,60,BUMSC5/MSCServerFunction:BUMSC5,Reliable,0,5,0,0,,0,0
2024-06-03 22:00+03:00,60,RWMSC6/MSCServerFunction:RWMSC6,Reliable,0,1,0,0,,0,0
2024-06-03 23:00+03:00,60,BUMSC5/MSCServerFunction:BUMSC5,Reliable,18,20,2,3,27.778000000000002,18,5
2024-06-03 23:00+03:00,60,RWMSC6/MSCServerFunction:RWMSC6,Reliable,0,1,0,0,,0,0
