Result Time,Granularity Period,Object Name,Reliability,BSS Trunk Overflow Times,Call Attempts,Common Resource Application Failures,SCR_2G_3G_DENOM,SCR_2G_3G_KPI,SCR_2G_3G_NOM,Temporary Error,Termination Application Failures
2024-06-03 00:00+03:00,60,"AHMSC3/Local Zone of caller:LABEL=0, STATICAREAX=0",Reliable,0,174548,0,267476,99.234,265426,806,766
2024-06-03 00:00+03:00,60,"BUMSC1/Local Zone of caller:LABEL=0, STATICAREAX=0",Reliable,0,171612,0,264930,99.514,263642,755,21
2024-06-03 00:00+03:00,60,"BUMSC2/Local Zone of caller:LABEL=0, STATICAREAX=0",Reliable,0,174836,0,268114,99.565,266948,688,17
2024-06-03 00:00+03:00,60,"AHMSC4/Local Zone of caller:LABEL=0, STATICAREAX=0",Reliable,0,174081,0,267618,99.523,266341,838,22
2024-06-03 01:00+03:00,60,"AHMSC3/Local Zone of caller:LABEL=0, STATICAREAX=0",Reliable,0,80865,0,122996,98.90799999999999,121653,376,751
2024-06-03 01:00+03:00,60,"BUMSC1/Local Zone of caller:LABEL=0, STATICAREAX=0",Reliable,0,79637,0,122382,99.493,121761,329,7
2024-06-03 01:00+03:00,60,"BUMSC2/Local Zone of caller:LABEL=0, STATICAREAX=0",Reliable,0,80216,0,121825,99.499,121215,381,4
2024-06-03 01:00+03:00,60,"AHMSC4/Local Zone of caller:LABEL=0, STATICAREAX=0",Reliable,0,81446,0,124264,99.45299999999999,123584,414,15
2024-06-03 02:00+03:00,60,"AHMSC3/Local Zone of caller:LABEL=0, STATICAREAX=0",Reliable,0,51674,0,76604,98.821,75701,121,707
2024-06-03 02:00+03:00,60,"BUMSC1/Local Zone of caller:LABEL=0, STATICAREAX=0",Reliable,0,49927,0,75194,99.738,74997,108,8
2024-06-03 02:00+03:00,60,"BUMSC2/Local Zone of caller:LABEL=0, STATICAREAX=0",Reliable,0,49910,0,74841,99.77799999999999,74675,96,6
2024-06-03 02:00+03:00,60,"AHMSC4/Local Zone of caller:LABEL=0, STATICAREAX=0",Reliable,0,50496,0,75879,99.736,75679,113,5
2024-06-03 03:00+03:00,60,"AHMSC3/Local Zone of caller:LABEL=0, STATICAREAX=0",Reliable,0,41757,0,61794,98.662,60967,89,690
2024-06-03 03:00+03:00,60,"BUMSC1/Local Zone of caller:LABEL=0, STATICAREAX=0",Reliable,0,41096,0,61784,99.73100000000001,61618,81,1
2024-06-03 03:00+03:00,60,"BUMSC2/Local Zone of caller:LABEL=0, STATICAREAX=0",Reliable,0,41155,0,61522,99.74799999999999,61367,94,2
2024-06-03 03:00+03:00,60,"AHMSC4/Local Zone of caller:LABEL=0, STATICAREAX=0",Reliable,0,41774,0,62234,99.83,62128,75,2
2024-06-03 04:00+03:00,60,"AHMSC3/Local Zone of caller:LABEL=0, STATICAREAX=0",Reliable,0,42217,0,62886,98.62299999999999,62020,67,752
2024-06-03 04:00+03:00,60,"BUMSC1/Local Zone of caller:LABEL=0, STATICAREAX=0",Reliable,0,41235,0,61890,99.75399999999999,61738,82,0
2024-06-03 04:00+03:00,60,"BUMSC2/Local Zone of caller:LABEL=0, STATICAREAX=0",Reliable,0,42194,0,61875,99.806,61755,76,1
2024-06-03 04:00+03:00,60,"AHMSC4/Local Zone of caller:LABEL=0, STATICAREAX=0",Reliable,0,42775,0,63245,99.79899999999999,63118,94,7
2024-06-03 05:00+03:00,60,"AHMSC3/Local Zone of caller:LABEL=0, STATICAREAX=0",Reliable,0,83443,0,118704,99.161,117708,140,758
2024-06-03 05:00+03:00,60,"BUMSC1/Local Zone of caller:LABEL=0, STATICAREAX=0",Reliable,0,83541,0,118447,99.75200000000001,118153,185,5
2024-06-03 05:00+03:00,60,"BUMSC2/Local Zone of caller:LABEL=0, STATICAREAX=0",Reliable,0,82618,0,117770,99.807,117543,149,7
2024-06-03 05:00+03:00,60,"AHMSC4/Local Zone of caller:LABEL=0, STATICAREAX=0",Reliable,0,83981,0,119763,99.79,119511,165,6
2024-06-03 06:00+03:00,60,"AHMSC3/Local Zone of caller:LABEL=0, STATICAREAX=0",Reliable,0,363393,0,494916,99.56200000000001,492750,1000,727
2024-06-03 06:00+03:00,60,"BUMSC1/Local Zone of caller:LABEL=0, STATICAREAX=0",Reliable,0,365176,0,497695,99.706,496231,951,38
2024-06-03 06:00+03:00,60,"BUMSC2/Local Zone of caller:LABEL=0, STATICAREAX=0",Reliable,0,364415,0,497069,99.73299999999999,495744,880,35
2024-06-03 06:00+03:00,60,"AHMSC4/Local Zone of caller:LABEL=0, STATICAREAX=0",Reliable,0,360737,0,492279,99.698,490793,956,21
2024-06-03 07:00+03:00,60,"AHMSC3/Local Zone of caller:LABEL=0, STATICAREAX=0",Reliable,0,806423,0,1158525,99.541,1153209,2891,712
2024-06-03 07:00+03:00,60,"BUMSC1/Local Zone of caller:LABEL=0, STATICAREAX=0",Reliable,0,806140,0,1158119,99.595,1153426,2884,88
2024-06-03 07:00+03:00,60,"BUMSC2/Local Zone of caller:LABEL=0, STATICAREAX=0",Reliable,0,807942,0,1161301,99.617,1156853,2786,69
2024-06-03 07:00+03:00,60,"AHMSC4/Local Zone of caller:LABEL=0, STATICAREAX=0",Reliable,0,805143,0,1157912,99.598,1153255,2895,68
2024-06-03 08:00+03:00,60,"AHMSC3/Local Zone of caller:LABEL=0, STATICAREAX=0",Reliable,0,996674,0,1519553,99.583,1513222,3307,810
2024-06-03 08:00+03:00,60,"BUMSC1/Local Zone of caller:LABEL=0, STATICAREAX=0",Reliable,0,995375,0,1519839,99.632,1514239,3337,97
2024-06-03 08:00+03:00,60,"BUMSC2/Local Zone of caller:LABEL=0, STATICAREAX=0",Reliable,0,981419,0,1509585,99.64399999999999,1504213,3137,101
2024-06-03 08:00+03:00,60,"AHMSC4/Local Zone of caller:LABEL=0, STATICAREAX=0",Reliable,0,984247,0,1507243,99.641,1501834,3178,89
2024-06-03 09:00+03:00,60,"AHMSC3/Local Zone of caller:LABEL=0, STATICAREAX=0",Reliable,0,1065279,0,1677772,99.59299999999999,1670936,3446,907
2024-06-03 09:00+03:00,60,"BUMSC1/Local Zone of caller:LABEL=0, STATICAREAX=0",Reliable,0,1061371,0,1675114,99.637,1669035,3463,107
2024-06-03 09:00+03:00,60,"BUMSC2/Local Zone of caller:LABEL=0, STATICAREAX=0",Reliable,0,1052877,0,1670543,99.65799999999999,1664831,3180,98
2024-06-03 09:00+03:00,60,"AHMSC4/Local Zone of caller:LABEL=0, STATICAREAX=0",Reliable,0,1058784,0,1669557,99.639,1663527,3439,103
2024-06-03 10:00+03:00,60,"AHMSC3/Local Zone of caller:LABEL=0, STATICAREAX=0",Reliable,0,1120655,0,1768607,99.65899999999999,1762570,3107,748
2024-06-03 10:00+03:00,60,"BUMSC1/Local Zone of caller:LABEL=0, STATICAREAX=0",Reliable,0,1113098,0,1765032,99.691,1759579,3143,115
2024-06-03 10:00+03:00,60,"BUMSC2/Local Zone of caller:LABEL=0, STATICAREAX=0",Reliable,0,1110565,0,1763354,99.69200000000001,1757923,3176,105
2024-06-03 10:00+03:00,60,"AHMSC4/Local Zone of caller:LABEL=0, STATICAREAX=0",Reliable,0,1116161,0,1766649,99.689,1761160,3128,129
2024-06-03 11:00+03:00,60,"AHMSC3/Local Zone of caller:LABEL=0, STATICAREAX=0",Reliable,0,1132650,0,1778613,99.639,1772193,3352,890
2024-06-03 11:00+03:00,60,"BUMSC1/Local Zone of caller:LABEL=0, STATICAREAX=0",Reliable,0,1124194,0,1771250,99.691,1765769,3160,146
2024-06-03 11:00+03:00,60,"BUMSC2/Local Zone of caller:LABEL=0, STATICAREAX=0",Reliable,0,1125489,0,1773908,99.693,1768458,3204,113
2024-06-03 11:00+03:00,60,"AHMSC4/Local Zone of caller:LABEL=0, STATICAREAX=0",Reliable,0,1126874,0,1771642,99.686,1766087,3198,122
2024-06-03 12:00+03:00,60,"AHMSC3/Local Zone of caller:LABEL=0, STATICAREAX=0",Reliable,0,1131173,0,1765295,99.652,1759150,3331,603
2024-06-03 12:00+03:00,60,"BUMSC1/Local Zone of caller:LABEL=0, STATICAREAX=0",Reliable,0,1128878,0,1764641,99.684,1759073,3308,138
2024-06-03 12:00+03:00,60,"BUMSC2/Local Zone of caller:LABEL=0, STATICAREAX=0",Reliable,0,1133647,0,1772172,99.679,1766492,3354,109
2024-06-03 12:00+03:00,60,"AHMSC4/Local Zone of caller:LABEL=0, STATICAREAX=0",Reliable,0,1126071,0,1758995,99.67200000000001,1753224,3419,121
2024-06-03 13:00+03:00,60,"AHMSC3/Local Zone of caller:LABEL=0, STATICAREAX=0",Reliable,0,1136496,0,1760250,99.57700000000001,1752809,4029,606
2024-06-03 13:00+03:00,60,"BUMSC1/Local Zone of caller:LABEL=0, STATICAREAX=0",Reliable,0,1136031,0,1760404,99.605,1753456,3954,123
2024-06-03 13:00+03:00,60,"BUMSC2/Local Zone of caller:LABEL=0, STATICAREAX=0",Reliable,0,1139210,0,1768604,99.61200000000001,1761737,3866,136
2024-06-03 13:00+03:00,60,"AHMSC4/Local Zone of caller:LABEL=0, STATICAREAX=0",Reliable,0,1131134,0,1757285,99.604,1750324,4105,89
2024-06-03 14:00+03:00,60,"AHMSC3/Local Zone of caller:LABEL=0, STATICAREAX=0",Reliable,0,1144124,0,1755035,99.51799999999999,1746574,4556,531
2024-06-03 14:00+03:00,60,"BUMSC1/Local Zone of caller:LABEL=0, STATICAREAX=0",Reliable,0,1140337,0,1757239,99.54299999999999,1749200,4381,156
2024-06-03 14:00+03:00,60,"BUMSC2/Local Zone of caller:LABEL=0, STATICAREAX=0",Reliable,0,1144352,0,1759393,99.55799999999999,1751614,4368,115
2024-06-03 14:00+03:00,60,"AHMSC4/Local Zone of caller:LABEL=0, STATICAREAX=0",Reliable,0,1137532,0,1750462,99.553,1742638,4444,120
2024-06-03 15:00+03:00,60,"AHMSC3/Local Zone of caller:LABEL=0, STATICAREAX=0",Reliable,0,1142270,0,1729770,99.671,1724081,3137,611
2024-06-03 15:00+03:00,60,"BUMSC1/Local Zone of caller:LABEL=0, STATICAREAX=0",Reliable,0,1130054,0,1723992,99.70100000000001,1718830,3065,96
2024-06-03 15:00+03:00,60,"BUMSC2/Local Zone of caller:LABEL=0, STATICAREAX=0",Reliable,0,1137880,0,1730785,99.695,1725503,3271,99
2024-06-03 15:00+03:00,60,"AHMSC4/Local Zone of caller:LABEL=0, STATICAREAX=0",Reliable,0,1129623,0,1720905,99.694,1715633,3205,122
2024-06-03 16:00+03:00,60,"AHMSC3/Local Zone of caller:LABEL=0, STATICAREAX=0",Reliable,0,1168012,0,1759859,99.635,1753440,3513,841
2024-06-03 16:00+03:00,60,"BUMSC1/Local Zone of caller:LABEL=0, STATICAREAX=0",Reliable,0,1159055,0,1757255,99.699,1751971,3180,93
2024-06-03 16:00+03:00,60,"BUMSC2/Local Zone of caller:LABEL=0, STATICAREAX=0",Reliable,0,1167159,0,1762734,99.69200000000001,1757298,3384,112
2024-06-03 16:00+03:00,60,"AHMSC4/Local Zone of caller:LABEL=0, STATICAREAX=0",Reliable,0,1159895,0,1757266,99.69,1751820,3205,132
2024-06-03 17:00+03:00,60,"AHMSC3/Local Zone of caller:LABEL=0, STATICAREAX=0",Reliable,0,1226274,0,1846430,99.62299999999999,1839473,3818,578
2024-06-03 17:00+03:00,60,"BUMSC1/Local Zone of caller:LABEL=0, STATICAREAX=0",Reliable,0,1221283,0,1845061,99.652,1838648,3818,140
2024-06-03 17:00+03:00,60,"BUMSC2/Local Zone of caller:LABEL=0, STATICAREAX=0",Reliable,0,1224722,0,1846926,99.656,1840575,3859,143
2024-06-03 17:00+03:00,60,"AHMSC4/Local Zone of caller:LABEL=0, STATICAREAX=0",Reliable,0,1222884,0,1845819,99.639,1839162,3881,168
2024-06-03 18:00+03:00,60,"AHMSC3/Local Zone of caller:LABEL=0, STATICAREAX=0",Reliable,0,1330162,0,1991674,99.61200000000001,1983940,4277,773
2024-06-03 18:00+03:00,60,"BUMSC1/Local Zone of caller:LABEL=0, STATICAREAX=0",Reliable,0,1324471,0,1987340,99.648,1980348,3996,144
2024-06-03 18:00+03:00,60,"BUMSC2/Local Zone of caller:LABEL=0, STATICAREAX=0",Reliable,0,1326315,0,1993090,99.65,1986118,4266,140
2024-06-03 18:00+03:00,60,"AHMSC4/Local Zone of caller:LABEL=0, STATICAREAX=0",Reliable,0,1321796,0,1982287,99.639,1975139,4199,129
2024-06-03 19:00+03:00,60,"AHMSC3/Local Zone of caller:LABEL=0, STATICAREAX=0",Reliable,0,1688493,0,2449189,99.633,2440206,5301,832
2024-06-03 19:00+03:00,60,"BUMSC1/Local Zone of caller:LABEL=0, STATICAREAX=0",Reliable,0,1676373,0,2438966,99.667,2430840,5238,170
2024-06-03 19:00+03:00,60,"BUMSC2/Local Zone of caller:LABEL=0, STATICAREAX=0",Reliable,0,1683625,0,2448204,99.665,2439996,5371,183
2024-06-03 19:00+03:00,60,"AHMSC4/Local Zone of caller:LABEL=0, STATICAREAX=0",Reliable,0,1677880,0,2439010,99.67200000000001,2431004,5123,220
2024-06-03 20:00+03:00,60,"AHMSC3/Local Zone of caller:LABEL=0, STATICAREAX=0",Reliable,0,1679276,0,2386810,99.604,2377359,5754,872
2024-06-03 20:00+03:00,60,"BUMSC1/Local Zone of caller:LABEL=0, STATICAREAX=0",Reliable,0,1660801,0,2369575,99.63799999999999,2360992,5834,208
2024-06-03 20:00+03:00,60,"BUMSC2/Local Zone of caller:LABEL=0, STATICAREAX=0",Reliable,0,1673079,0,2385814,99.63799999999999,2377188,5755,225
2024-06-03 20:00+03:00,60,"AHMSC4/Local Zone of caller:LABEL=0, STATICAREAX=0",Reliable,0,1671792,0,2380511,99.648,2372130,5543,224
2024-06-03 21:00+03:00,60,"AHMSC3/Local Zone of caller:LABEL=0, STATICAREAX=0",Reliable,0,1417141,0,2011302,99.579,2002843,5064,842
2024-06-03 21:00+03:00,60,"BUMSC1/Local Zone of caller:LABEL=0, STATICAREAX=0",Reliable,0,1398356,0,1994012,99.62299999999999,1986497,4951,197
2024-06-03 21:00+03:00,60,"BUMSC2/Local Zone of caller:LABEL=0, STATICAREAX=0",Reliable,0,1423102,0,2020323,99.62100000000001,2012662,5095,181
2024-06-03 21:00+03:00,60,"AHMSC4/Local Zone of caller:LABEL=0, STATICAREAX=0",Reliable,0,1414308,0,2008324,99.615,2000597,5141,205
2024-06-03 22:00+03:00,60,"AHMSC3/Local Zone of caller:LABEL=0, STATICAREAX=0",Reliable,0,963614,0,1382222,99.59200000000001,1376588,3307,630
2024-06-03 22:00+03:00,60,"BUMSC1/Local Zone of caller:LABEL=0, STATICAREAX=0",Reliable,0,949430,0,1368557,99.631,1363509,3222,168
2024-06-03 22:00+03:00,60,"BUMSC2/Local Zone of caller:LABEL=0, STATICAREAX=0",Reliable,0,961629,0,1381006,99.647,1376125,3223,114
2024-06-03 22:00+03:00,60,"AHMSC4/Local Zone of caller:LABEL=0, STATICAREAX=0",Reliable,0,962509,0,1383255,99.645,1378346,3152,148
2024-06-03 23:00+03:00,60,"AHMSC3/Local Zone of caller:LABEL=0, STATICAREAX=0",Reliable,0,418202,0,622368,99.575,619723,1164,820
2024-06-03 23:00+03:00,60,"BUMSC1/Local Zone of caller:LABEL=0, STATICAREAX=0",Reliable,0,413689,0,619329,99.689,617403,1198,56
2024-06-03 23:00+03:00,60,"BUMSC2/Local Zone of caller:LABEL=0, STATICAREAX=0",Reliable,0,420116,0,625417,99.663,623308,1334,44
2024-06-03 23:00+03:00,60,"AHMSC4/Local Zone of caller:LABEL=0, STATICAREAX=0",Reliable,0,419116,0,623090,99.681,621104,1232,39
