Result Time,Granularity Period,Object Name,Reliability,Answer Rate,Answer Times,Call Attempts,Incoming Answer Times,Incoming Call Attempts,Originated Answer Times,Originated Call Attempts
2024-06-09 00:00+03:00,60,AHMSC3/MSCServerFunction:AHMSC3,Reliable,30.857,162511,526655,81019,254341,81492,272314
2024-06-09 00:00+03:00,60,BUMSC1/MSCServerFunction:BUMSC1,Reliable,26.706999999999997,160210,599881,80005,329469,80205,270412
2024-06-09 00:00+03:00,60,BUMSC2/MSCServerFunction:BUMSC2,Reliable,33.089,124665,376758,62431,161659,62234,215099
2024-06-09 00:00+03:00,60,AHMSC4/MSCServerFunction:AHMSC4,Reliable,33.687,145877,433031,63888,160828,81989,272203
2024-06-09 01:00+03:00,60,AHMSC3/MSCServerFunction:AHMSC3,Reliable,28.747,71225,247764,36004,120528,35221,127236
2024-06-09 01:00+03:00,60,BUMSC1/MSCServerFunction:BUMSC1,Reliable,25.613000000000003,70977,277113,35824,152413,35153,124700
2024-06-09 01:00+03:00,60,BUMSC2/MSCServerFunction:BUMSC2,Reliable,31.693,55866,176272,28034,76013,27832,100259
2024-06-09 01:00+03:00,60,AHMSC4/MSCServerFunction:AHMSC4,Reliable,32.047,63737,198889,28163,73630,35574,125259
2024-06-09 02:00+03:00,60,AHMSC3/MSCServerFunction:AHMSC3,Reliable,27.764,42027,151374,21301,75010,20726,76364
2024-06-09 02:00+03:00,60,BUMSC1/MSCServerFunction:BUMSC1,Reliable,24.359,40892,167875,20780,92483,20112,75392
2024-06-09 02:00+03:00,60,BUMSC2/MSCServerFunction:BUMSC2,Reliable,30.023000000000003,32530,108352,16719,47494,15811,60858
2024-06-09 02:00+03:00,60,AHMSC4/MSCServerFunction:AHMSC4,Reliable,30.555,36579,119716,16180,42593,20399,77123
2024-06-09 03:00+03:00,60,AHMSC3/MSCServerFunction:AHMSC3,Reliable,26.386,32763,124170,16634,60665,16129,63505
2024-06-09 03:00+03:00,60,BUMSC1/MSCServerFunction:BUMSC1,Reliable,24.139,32901,136296,16636,74727,16265,61569
2024-06-09 03:00+03:00,60,BUMSC2/MSCServerFunction:BUMSC2,Reliable,28.835,25653,88966,12936,38207,12717,50759
2024-06-09 03:00+03:00,60,AHMSC4/MSCServerFunction:AHMSC4,Reliable,29.23,29088,99515,12826,35790,16262,63725
2024-06-09 04:00+03:00,60,AHMSC3/MSCServerFunction:AHMSC3,Reliable,28.655,33773,117859,17084,57053,16689,60806
2024-06-09 04:00+03:00,60,BUMSC1/MSCServerFunction:BUMSC1,Reliable,25.473000000000003,33594,131879,16727,71597,16867,60282
2024-06-09 04:00+03:00,60,BUMSC2/MSCServerFunction:BUMSC2,Reliable,31.587,27414,86790,13600,36573,13814,50217
2024-06-09 04:00+03:00,60,AHMSC4/MSCServerFunction:AHMSC4,Reliable,31.36,30348,96774,13443,36334,16905,60440
2024-06-09 05:00+03:00,60,AHMSC3/MSCServerFunction:AHMSC3,Reliable,31.558000000000003,62800,198999,31150,94863,31650,104136
2024-06-09 05:00+03:00,60,BUMSC1/MSCServerFunction:BUMSC1,Reliable,27.483,62218,226391,30951,123293,31267,103098
2024-06-09 05:00+03:00,60,BUMSC2/MSCServerFunction:BUMSC2,Reliable,34.379,51624,150163,25472,61997,26152,88166
2024-06-09 05:00+03:00,60,AHMSC4/MSCServerFunction:AHMSC4,Reliable,33.818000000000005,56883,168203,25106,63772,31777,104431
2024-06-09 06:00+03:00,60,AHMSC3/MSCServerFunction:AHMSC3,Reliable,33.111999999999995,239935,724612,117527,342143,122408,382469
2024-06-09 06:00+03:00,60,BUMSC1/MSCServerFunction:BUMSC1,Reliable,27.983,241045,861391,119491,477838,121554,383553
2024-06-09 06:00+03:00,60,BUMSC2/MSCServerFunction:BUMSC2,Reliable,36.336,199868,550049,96442,221451,103426,328598
2024-06-09 06:00+03:00,60,AHMSC4/MSCServerFunction:AHMSC4,Reliable,36.865,218179,591836,95413,210571,122766,381265
2024-06-09 07:00+03:00,60,AHMSC3/MSCServerFunction:AHMSC3,Reliable,34.516999999999996,601931,1743872,294302,821926,307629,921946
2024-06-09 07:00+03:00,60,BUMSC1/MSCServerFunction:BUMSC1,Reliable,29.436999999999998,599458,2036444,296009,1118224,303449,918220
2024-06-09 07:00+03:00,60,BUMSC2/MSCServerFunction:BUMSC2,Reliable,37.564,500345,1331987,240555,542322,259790,789665
2024-06-09 07:00+03:00,60,AHMSC4/MSCServerFunction:AHMSC4,Reliable,38.128,544641,1428451,238852,516234,305789,912217
2024-06-09 08:00+03:00,60,AHMSC3/MSCServerFunction:AHMSC3,Reliable,36.256,858165,2366939,421667,1122987,436498,1243952
2024-06-09 08:00+03:00,60,BUMSC1/MSCServerFunction:BUMSC1,Reliable,31.265,852957,2728169,422189,1488563,430768,1239606
2024-06-09 08:00+03:00,60,BUMSC2/MSCServerFunction:BUMSC2,Reliable,39.012,714952,1832637,346717,757213,368235,1075424
2024-06-09 08:00+03:00,60,AHMSC4/MSCServerFunction:AHMSC4,Reliable,39.67,775917,1955918,340692,716137,435225,1239781
2024-06-09 09:00+03:00,60,AHMSC3/MSCServerFunction:AHMSC3,Reliable,37.664,1047623,2781485,517831,1332475,529792,1449010
2024-06-09 09:00+03:00,60,BUMSC1/MSCServerFunction:BUMSC1,Reliable,32.672,1042991,3192320,515354,1740809,527637,1451511
2024-06-09 09:00+03:00,60,BUMSC2/MSCServerFunction:BUMSC2,Reliable,40.086,897265,2238339,435689,935072,461576,1303267
2024-06-09 09:00+03:00,60,AHMSC4/MSCServerFunction:AHMSC4,Reliable,41.231,946222,2294955,418386,856434,527836,1438521
2024-06-09 10:00+03:00,60,AHMSC3/MSCServerFunction:AHMSC3,Reliable,38.37,1113721,2902601,549301,1390559,564420,1512042
2024-06-09 10:00+03:00,60,BUMSC1/MSCServerFunction:BUMSC1,Reliable,33.385999999999996,1108274,3319606,550683,1808643,557591,1510963
2024-06-09 10:00+03:00,60,BUMSC2/MSCServerFunction:BUMSC2,Reliable,40.539,991640,2446147,477471,1014826,514169,1431321
2024-06-09 10:00+03:00,60,AHMSC4/MSCServerFunction:AHMSC4,Reliable,41.713,1002600,2403565,444269,904099,558331,1499466
2024-06-09 11:00+03:00,60,AHMSC3/MSCServerFunction:AHMSC3,Reliable,37.711,1094320,2901893,539205,1380184,555115,1521709
2024-06-09 11:00+03:00,60,BUMSC1/MSCServerFunction:BUMSC1,Reliable,33.05,1089648,3297002,541045,1782742,548603,1514260
2024-06-09 11:00+03:00,60,BUMSC2/MSCServerFunction:BUMSC2,Reliable,40.175,943548,2348603,458204,982244,485344,1366359
2024-06-09 11:00+03:00,60,AHMSC4/MSCServerFunction:AHMSC4,Reliable,40.968999999999994,987630,2410687,436005,896919,551625,1513768
2024-06-09 12:00+03:00,60,AHMSC3/MSCServerFunction:AHMSC3,Reliable,37.459,1081783,2887921,534504,1374808,547279,1513113
2024-06-09 12:00+03:00,60,BUMSC1/MSCServerFunction:BUMSC1,Reliable,33.013000000000005,1077773,3264685,535567,1754028,542206,1510657
2024-06-09 12:00+03:00,60,BUMSC2/MSCServerFunction:BUMSC2,Reliable,39.966,910377,2277860,443302,953303,467075,1324557
2024-06-09 12:00+03:00,60,AHMSC4/MSCServerFunction:AHMSC4,Reliable,40.772,975577,2392765,429803,883327,545774,1509438
2024-06-09 13:00+03:00,60,AHMSC3/MSCServerFunction:AHMSC3,Reliable,37.525999999999996,1127570,3004777,556568,1429953,571002,1574824
2024-06-09 13:00+03:00,60,BUMSC1/MSCServerFunction:BUMSC1,Reliable,33.104,1121202,3386883,557731,1814636,563471,1572247
2024-06-09 13:00+03:00,60,BUMSC2/MSCServerFunction:BUMSC2,Reliable,40.08,936512,2336595,457736,980431,478776,1356164
2024-06-09 13:00+03:00,60,AHMSC4/MSCServerFunction:AHMSC4,Reliable,40.841,1018927,2494871,448902,918376,570025,1576495
2024-06-09 14:00+03:00,60,AHMSC3/MSCServerFunction:AHMSC3,Reliable,37.701,1199053,3180433,592975,1513755,606078,1666678
2024-06-09 14:00+03:00,60,BUMSC1/MSCServerFunction:BUMSC1,Reliable,33.5,1194500,3565677,595991,1909866,598509,1655811
2024-06-09 14:00+03:00,60,BUMSC2/MSCServerFunction:BUMSC2,Reliable,40.419000000000004,985574,2438407,483073,1027354,502501,1411053
2024-06-09 14:00+03:00,60,AHMSC4/MSCServerFunction:AHMSC4,Reliable,41.191,1082616,2628264,477888,968470,604728,1659794
2024-06-09 15:00+03:00,60,AHMSC3/MSCServerFunction:AHMSC3,Reliable,37.67,1227107,3257483,607294,1546431,619813,1711052
2024-06-09 15:00+03:00,60,BUMSC1/MSCServerFunction:BUMSC1,Reliable,33.516,1223117,3649406,609513,1943373,613604,1706033
2024-06-09 15:00+03:00,60,BUMSC2/MSCServerFunction:BUMSC2,Reliable,40.349000000000004,1002049,2483480,491725,1043586,510324,1439894
2024-06-09 15:00+03:00,60,AHMSC4/MSCServerFunction:AHMSC4,Reliable,41.044,1103272,2688000,486596,987673,616676,1700327
2024-06-09 16:00+03:00,60,AHMSC3/MSCServerFunction:AHMSC3,Reliable,37.379,1238718,3313982,614313,1572387,624405,1741595
2024-06-09 16:00+03:00,60,BUMSC1/MSCServerFunction:BUMSC1,Reliable,33.415,1234101,3693291,615621,1958110,618480,1735181
2024-06-09 16:00+03:00,60,BUMSC2/MSCServerFunction:BUMSC2,Reliable,40.135,1005743,2505885,493750,1051458,511993,1454427
2024-06-09 16:00+03:00,60,AHMSC4/MSCServerFunction:AHMSC4,Reliable,40.71,1114012,2736474,489976,998280,624036,1738194
2024-06-09 17:00+03:00,60,AHMSC3/MSCServerFunction:AHMSC3,Reliable,37.053000000000004,1258543,3396640,622646,1606679,635897,1789961
2024-06-09 17:00+03:00,60,BUMSC1/MSCServerFunction:BUMSC1,Reliable,33.242,1253737,3771509,624409,1991663,629328,1779846
2024-06-09 17:00+03:00,60,BUMSC2/MSCServerFunction:BUMSC2,Reliable,39.815,1016963,2554190,499157,1070101,517806,1484089
2024-06-09 17:00+03:00,60,AHMSC4/MSCServerFunction:AHMSC4,Reliable,40.439,1133428,2802818,499834,1022444,633594,1780374
2024-06-09 18:00+03:00,60,AHMSC3/MSCServerFunction:AHMSC3,Reliable,36.777,1317180,3581526,651450,1689907,665730,1891619
2024-06-09 18:00+03:00,60,BUMSC1/MSCServerFunction:BUMSC1,Reliable,33.082,1312094,3966180,653832,2091610,658262,1874570
2024-06-09 18:00+03:00,60,BUMSC2/MSCServerFunction:BUMSC2,Reliable,39.556999999999995,1060549,2681076,519944,1120604,540605,1560472
2024-06-09 18:00+03:00,60,AHMSC4/MSCServerFunction:AHMSC4,Reliable,40.103,1183708,2951639,520155,1073652,663553,1877987
2024-06-09 19:00+03:00,60,AHMSC3/MSCServerFunction:AHMSC3,Reliable,36.571999999999996,1617264,4422092,797409,2080944,819855,2341148
2024-06-09 19:00+03:00,60,BUMSC1/MSCServerFunction:BUMSC1,Reliable,32.611999999999995,1614244,4949858,804705,2622459,809539,2327399
2024-06-09 19:00+03:00,60,BUMSC2/MSCServerFunction:BUMSC2,Reliable,39.327,1305732,3320164,638096,1376545,667636,1943619
2024-06-09 19:00+03:00,60,AHMSC4/MSCServerFunction:AHMSC4,Reliable,39.88,1464026,3671113,643946,1329332,820080,2341781
2024-06-09 20:00+03:00,60,AHMSC3/MSCServerFunction:AHMSC3,Reliable,36.089,1521372,4215653,748957,1972501,772415,2243152
2024-06-09 20:00+03:00,60,BUMSC1/MSCServerFunction:BUMSC1,Reliable,32.453,1523856,4695515,761062,2469766,762794,2225749
2024-06-09 20:00+03:00,60,BUMSC2/MSCServerFunction:BUMSC2,Reliable,38.91,1224953,3148193,599469,1295982,625484,1852211
2024-06-09 20:00+03:00,60,AHMSC4/MSCServerFunction:AHMSC4,Reliable,39.367,1376557,3496750,605388,1253389,771169,2243361
2024-06-09 21:00+03:00,60,AHMSC3/MSCServerFunction:AHMSC3,Reliable,34.985,1196898,3421209,587824,1588664,609074,1832545
2024-06-09 21:00+03:00,60,BUMSC1/MSCServerFunction:BUMSC1,Reliable,31.694000000000003,1202637,3794494,598868,1967118,603769,1827376
2024-06-09 21:00+03:00,60,BUMSC2/MSCServerFunction:BUMSC2,Reliable,37.623000000000005,958138,2546671,469014,1043477,489124,1503194
2024-06-09 21:00+03:00,60,AHMSC4/MSCServerFunction:AHMSC4,Reliable,38.248000000000005,1088558,2846039,478445,1012420,610113,1833619
2024-06-09 22:00+03:00,60,AHMSC3/MSCServerFunction:AHMSC3,Reliable,33.296,763497,2293083,373389,1057891,390108,1235192
2024-06-09 22:00+03:00,60,BUMSC1/MSCServerFunction:BUMSC1,Reliable,30.441,767254,2520422,381382,1290782,385872,1229640
2024-06-09 22:00+03:00,60,BUMSC2/MSCServerFunction:BUMSC2,Reliable,35.629,603955,1695144,295837,698565,308118,996579
2024-06-09 22:00+03:00,60,AHMSC4/MSCServerFunction:AHMSC4,Reliable,36.508,695735,1905729,305797,675310,389938,1230419
2024-06-09 23:00+03:00,60,AHMSC3/MSCServerFunction:AHMSC3,Reliable,31.824,323039,1015083,159272,472608,163767,542475
2024-06-09 23:00+03:00,60,BUMSC1/MSCServerFunction:BUMSC1,Reliable,29.177,322823,1106443,159906,565775,162917,540668
2024-06-09 23:00+03:00,60,BUMSC2/MSCServerFunction:BUMSC2,Reliable,34.247,252802,738176,124931,305421,127871,432755
2024-06-09 23:00+03:00,60,AHMSC4/MSCServerFunction:AHMSC4,Reliable,34.792,292166,839760,128378,296858,163788,542902
2024-06-09 00:00+03:00,60,BUMSC5/MSCServerFunction:BUMSC5,Reliable,32.913000000000004,58848,178797,27971,67231,30877,111566
2024-06-09 00:00+03:00,60,RWMSC6/MSCServerFunction:RWMSC6,Reliable,0.0,0,0,0,0,0,0
2024-06-09 01:00+03:00,60,BUMSC5/MSCServerFunction:BUMSC5,Reliable,31.37,25790,82212,11981,29990,13809,52222
2024-06-09 01:00+03:00,60,RWMSC6/MSCServerFunction:RWMSC6,Reliable,0.0,0,0,0,0,0,0
2024-06-09 02:00+03:00,60,BUMSC5/MSCServerFunction:BUMSC5,Reliable,30.135,15316,50824,7118,18518,8198,32306
2024-06-09 02:00+03:00,60,RWMSC6/MSCServerFunction:RWMSC6,Reliable,0.0,0,0,0,0,0,0
2024-06-09 03:00+03:00,60,BUMSC5/MSCServerFunction:BUMSC5,Reliable,29.346,12030,40994,5683,15217,6347,25777
2024-06-09 03:00+03:00,60,RWMSC6/MSCServerFunction:RWMSC6,Reliable,0.0,0,0,0,0,0,0
2024-06-09 04:00+03:00,60,BUMSC5/MSCServerFunction:BUMSC5,Reliable,31.612,12243,38729,5888,14883,6355,23846
2024-06-09 04:00+03:00,60,RWMSC6/MSCServerFunction:RWMSC6,Reliable,0.0,0,0,0,0,0,0
2024-06-09 05:00+03:00,60,BUMSC5/MSCServerFunction:BUMSC5,Reliable,34.941,22510,64422,10637,23963,11873,40459
2024-06-09 05:00+03:00,60,RWMSC6/MSCServerFunction:RWMSC6,Reliable,0.0,0,0,0,0,0,0
2024-06-09 06:00+03:00,60,BUMSC5/MSCServerFunction:BUMSC5,Reliable,36.385,85869,235998,41032,87393,44837,148605
2024-06-09 06:00+03:00,60,RWMSC6/MSCServerFunction:RWMSC6,Reliable,0.0,0,0,0,0,0,0
2024-06-09 07:00+03:00,60,BUMSC5/MSCServerFunction:BUMSC5,Reliable,37.468,207776,554546,99760,209514,108016,345032
2024-06-09 07:00+03:00,60,RWMSC6/MSCServerFunction:RWMSC6,Reliable,0.0,0,0,0,0,0,0
2024-06-09 08:00+03:00,60,BUMSC5/MSCServerFunction:BUMSC5,Reliable,39.010999999999996,291391,746940,139461,287678,151930,459262
2024-06-09 08:00+03:00,60,RWMSC6/MSCServerFunction:RWMSC6,Reliable,0.0,0,0,0,0,0,0
2024-06-09 09:00+03:00,60,BUMSC5/MSCServerFunction:BUMSC5,Reliable,40.496,354828,876197,170513,343009,184315,533188
2024-06-09 09:00+03:00,60,RWMSC6/MSCServerFunction:RWMSC6,Reliable,0.0,0,0,0,0,0,0
2024-06-09 10:00+03:00,60,BUMSC5/MSCServerFunction:BUMSC5,Reliable,41.073,382318,930829,183192,366107,199126,564722
2024-06-09 10:00+03:00,60,RWMSC6/MSCServerFunction:RWMSC6,Reliable,0.0,0,0,0,0,0,0
2024-06-09 11:00+03:00,60,BUMSC5/MSCServerFunction:BUMSC5,Reliable,40.275999999999996,388423,964414,185668,374253,202755,590161
2024-06-09 11:00+03:00,60,RWMSC6/MSCServerFunction:RWMSC6,Reliable,0.0,0,0,0,0,0,0
2024-06-09 12:00+03:00,60,BUMSC5/MSCServerFunction:BUMSC5,Reliable,40.109,391049,974957,186684,377080,204365,597877
2024-06-09 12:00+03:00,60,RWMSC6/MSCServerFunction:RWMSC6,Reliable,100.0,1,1,0,0,1,1
2024-06-09 13:00+03:00,60,BUMSC5/MSCServerFunction:BUMSC5,Reliable,39.952,409735,1025571,195490,395376,214245,630195
2024-06-09 13:00+03:00,60,RWMSC6/MSCServerFunction:RWMSC6,Reliable,0.0,1,0,0,0,1,0
2024-06-09 14:00+03:00,60,BUMSC5/MSCServerFunction:BUMSC5,Reliable,40.19,439500,1093551,209580,421217,229920,672334
2024-06-09 14:00+03:00,60,RWMSC6/MSCServerFunction:RWMSC6,Reliable,0.0,0,0,0,0,0,0
2024-06-09 15:00+03:00,60,BUMSC5/MSCServerFunction:BUMSC5,Reliable,40.024,450693,1126048,215489,431699,235204,694349
2024-06-09 15:00+03:00,60,RWMSC6/MSCServerFunction:RWMSC6,Reliable,0.0,0,3,0,0,0,3
2024-06-09 16:00+03:00,60,BUMSC5/MSCServerFunction:BUMSC5,Reliable,39.736999999999995,459070,1155260,219269,441532,239801,713728
2024-06-09 16:00+03:00,60,RWMSC6/MSCServerFunction:RWMSC6,Reliable,0.0,0,0,0,0,0,0
2024-06-09 17:00+03:00,60,BUMSC5/MSCServerFunction:BUMSC5,Reliable,39.374,470265,1194366,225007,456492,245258,737874
2024-06-09 17:00+03:00,60,RWMSC6/MSCServerFunction:RWMSC6,Reliable,0.0,2,0,0,0,2,0
2024-06-09 18:00+03:00,60,BUMSC5/MSCServerFunction:BUMSC5,Reliable,38.955999999999996,494930,1270469,235684,481291,259246,789178
2024-06-09 18:00+03:00,60,RWMSC6/MSCServerFunction:RWMSC6,Reliable,0.0,0,0,0,0,0,0
2024-06-09 19:00+03:00,60,BUMSC5/MSCServerFunction:BUMSC5,Reliable,38.594,617236,1599315,293037,600533,324199,998782
2024-06-09 19:00+03:00,60,RWMSC6/MSCServerFunction:RWMSC6,Reliable,0.0,0,4,0,4,0,0
2024-06-09 20:00+03:00,60,BUMSC5/MSCServerFunction:BUMSC5,Reliable,38.043,583234,1533092,276126,569005,307108,964087
2024-06-09 20:00+03:00,60,RWMSC6/MSCServerFunction:RWMSC6,Reliable,0.0,0,0,0,0,0,0
2024-06-09 21:00+03:00,60,BUMSC5/MSCServerFunction:BUMSC5,Reliable,37.11,462012,1244972,218347,458657,243665,786315
2024-06-09 21:00+03:00,60,RWMSC6/MSCServerFunction:RWMSC6,Reliable,0.0,0,0,0,0,0,0
2024-06-09 22:00+03:00,60,BUMSC5/MSCServerFunction:BUMSC5,Reliable,35.695,295366,827468,139046,304069,156320,523399
2024-06-09 22:00+03:00,60,RWMSC6/MSCServerFunction:RWMSC6,Reliable,0.0,0,0,0,0,0,0
2024-06-09 23:00+03:00,60,BUMSC5/MSCServerFunction:BUMSC5,Reliable,34.284,122563,357496,58077,131574,64486,225922
2024-06-09 23:00+03:00,60,RWMSC6/MSCServerFunction:RWMSC6,Reliable,0.0,0,0,0,0,0,0
