Result Time,Granularity Period,Object Name,Reliability,Peak Licensed Traffic
2024-06-09 00:00+03:00,60,AHMGW2/MGWFunction:AHMGW2,Reliable,13517
2024-06-09 00:00+03:00,60,AHMGW3/MGWFunction:AHMGW3,Reliable,11235
2024-06-09 00:00+03:00,60,BUMGW9/MGWFunction:BUMGW9,Reliable,11851
2024-06-09 00:00+03:00,60,MBMGW6/MGWFunction:MBMGW6,Reliable,6635
2024-06-09 00:00+03:00,60,RWMGW10/MGWFunction:RWMGW10,Reliable,3316
2024-06-09 00:00+03:00,60,RWMGW4/MGWFunction:RWMGW4,Reliable,2472
2024-06-09 00:00+03:00,60,AHMGW11/MGWFunction:AHMGW11,Reliable,13974
2024-06-09 01:00+03:00,60,AHMGW2/MGWFunction:AHMGW2,Reliable,5662
2024-06-09 01:00+03:00,60,AHMGW3/MGWFunction:AHMGW3,Reliable,4606
2024-06-09 01:00+03:00,60,BUMGW9/MGWFunction:BUMGW9,Reliable,4873
2024-06-09 01:00+03:00,60,MBMGW6/MGWFunction:MBMGW6,Reliable,2181
2024-06-09 01:00+03:00,60,RWMGW10/MGWFunction:RWMGW10,Reliable,1283
2024-06-09 01:00+03:00,60,RWMGW4/MGWFunction:RWMGW4,Reliable,897
2024-06-09 01:00+03:00,60,AHMGW11/MGWFunction:AHMGW11,Reliable,5891
2024-06-09 02:00+03:00,60,AHMGW2/MGWFunction:AHMGW2,Reliable,2435
2024-06-09 02:00+03:00,60,AHMGW3/MGWFunction:AHMGW3,Reliable,1905
2024-06-09 02:00+03:00,60,BUMGW9/MGWFunction:BUMGW9,Reliable,2008
2024-06-09 02:00+03:00,60,MBMGW6/MGWFunction:MBMGW6,Reliable,925
2024-06-09 02:00+03:00,60,RWMGW10/MGWFunction:RWMGW10,Reliable,545
2024-06-09 02:00+03:00,60,RWMGW4/MGWFunction:RWMGW4,Reliable,429
2024-06-09 02:00+03:00,60,AHMGW11/MGWFunction:AHMGW11,Reliable,2372
2024-06-09 03:00+03:00,60,AHMGW2/MGWFunction:AHMGW2,Reliable,1381
2024-06-09 03:00+03:00,60,AHMGW3/MGWFunction:AHMGW3,Reliable,1203
2024-06-09 03:00+03:00,60,BUMGW9/MGWFunction:BUMGW9,Reliable,1172
2024-06-09 03:00+03:00,60,MBMGW6/MGWFunction:MBMGW6,Reliable,675
2024-06-09 03:00+03:00,60,RWMGW10/MGWFunction:RWMGW10,Reliable,339
2024-06-09 03:00+03:00,60,RWMGW4/MGWFunction:RWMGW4,Reliable,271
2024-06-09 03:00+03:00,60,AHMGW11/MGWFunction:AHMGW11,Reliable,1342
2024-06-09 04:00+03:00,60,AHMGW2/MGWFunction:AHMGW2,Reliable,1124
2024-06-09 04:00+03:00,60,AHMGW3/MGWFunction:AHMGW3,Reliable,937
2024-06-09 04:00+03:00,60,BUMGW9/MGWFunction:BUMGW9,Reliable,930
2024-06-09 04:00+03:00,60,MBMGW6/MGWFunction:MBMGW6,Reliable,872
2024-06-09 04:00+03:00,60,RWMGW10/MGWFunction:RWMGW10,Reliable,267
2024-06-09 04:00+03:00,60,RWMGW4/MGWFunction:RWMGW4,Reliable,208
2024-06-09 04:00+03:00,60,AHMGW11/MGWFunction:AHMGW11,Reliable,1005
2024-06-09 05:00+03:00,60,AHMGW2/MGWFunction:AHMGW2,Reliable,2281
2024-06-09 05:00+03:00,60,AHMGW3/MGWFunction:AHMGW3,Reliable,1776
2024-06-09 05:00+03:00,60,BUMGW9/MGWFunction:BUMGW9,Reliable,1952
2024-06-09 05:00+03:00,60,MBMGW6/MGWFunction:MBMGW6,Reliable,2151
2024-06-09 05:00+03:00,60,RWMGW10/MGWFunction:RWMGW10,Reliable,564
2024-06-09 05:00+03:00,60,RWMGW4/MGWFunction:RWMGW4,Reliable,499
2024-06-09 05:00+03:00,60,AHMGW11/MGWFunction:AHMGW11,Reliable,2031
2024-06-09 06:00+03:00,60,AHMGW2/MGWFunction:AHMGW2,Reliable,10000
2024-06-09 06:00+03:00,60,AHMGW3/MGWFunction:AHMGW3,Reliable,7908
2024-06-09 06:00+03:00,60,BUMGW9/MGWFunction:BUMGW9,Reliable,8017
2024-06-09 06:00+03:00,60,MBMGW6/MGWFunction:MBMGW6,Reliable,9673
2024-06-09 06:00+03:00,60,RWMGW10/MGWFunction:RWMGW10,Reliable,3617
2024-06-09 06:00+03:00,60,RWMGW4/MGWFunction:RWMGW4,Reliable,2929
2024-06-09 06:00+03:00,60,AHMGW11/MGWFunction:AHMGW11,Reliable,8838
2024-06-09 07:00+03:00,60,AHMGW2/MGWFunction:AHMGW2,Reliable,18057
2024-06-09 07:00+03:00,60,AHMGW3/MGWFunction:AHMGW3,Reliable,14907
2024-06-09 07:00+03:00,60,BUMGW9/MGWFunction:BUMGW9,Reliable,14716
2024-06-09 07:00+03:00,60,MBMGW6/MGWFunction:MBMGW6,Reliable,14826
2024-06-09 07:00+03:00,60,RWMGW10/MGWFunction:RWMGW10,Reliable,6963
2024-06-09 07:00+03:00,60,RWMGW4/MGWFunction:RWMGW4,Reliable,5434
2024-06-09 07:00+03:00,60,AHMGW11/MGWFunction:AHMGW11,Reliable,16553
2024-06-09 08:00+03:00,60,AHMGW2/MGWFunction:AHMGW2,Reliable,24280
2024-06-09 08:00+03:00,60,AHMGW3/MGWFunction:AHMGW3,Reliable,20852
2024-06-09 08:00+03:00,60,BUMGW9/MGWFunction:BUMGW9,Reliable,20795
2024-06-09 08:00+03:00,60,MBMGW6/MGWFunction:MBMGW6,Reliable,15904
2024-06-09 08:00+03:00,60,RWMGW10/MGWFunction:RWMGW10,Reliable,7860
2024-06-09 08:00+03:00,60,RWMGW4/MGWFunction:RWMGW4,Reliable,6155
2024-06-09 08:00+03:00,60,AHMGW11/MGWFunction:AHMGW11,Reliable,23606
2024-06-09 09:00+03:00,60,AHMGW2/MGWFunction:AHMGW2,Reliable,27274
2024-06-09 09:00+03:00,60,AHMGW3/MGWFunction:AHMGW3,Reliable,23183
2024-06-09 09:00+03:00,60,BUMGW9/MGWFunction:BUMGW9,Reliable,23862
2024-06-09 09:00+03:00,60,MBMGW6/MGWFunction:MBMGW6,Reliable,15847
2024-06-09 09:00+03:00,60,RWMGW10/MGWFunction:RWMGW10,Reliable,8029
2024-06-09 09:00+03:00,60,RWMGW4/MGWFunction:RWMGW4,Reliable,6236
2024-06-09 09:00+03:00,60,AHMGW11/MGWFunction:AHMGW11,Reliable,26690
2024-06-09 10:00+03:00,60,AHMGW2/MGWFunction:AHMGW2,Reliable,27707
2024-06-09 10:00+03:00,60,AHMGW3/MGWFunction:AHMGW3,Reliable,24135
2024-06-09 10:00+03:00,60,BUMGW9/MGWFunction:BUMGW9,Reliable,24845
2024-06-09 10:00+03:00,60,MBMGW6/MGWFunction:MBMGW6,Reliable,16108
2024-06-09 10:00+03:00,60,RWMGW10/MGWFunction:RWMGW10,Reliable,7722
2024-06-09 10:00+03:00,60,RWMGW4/MGWFunction:RWMGW4,Reliable,5841
2024-06-09 10:00+03:00,60,AHMGW11/MGWFunction:AHMGW11,Reliable,27124
2024-06-09 11:00+03:00,60,AHMGW2/MGWFunction:AHMGW2,Reliable,28228
2024-06-09 11:00+03:00,60,AHMGW3/MGWFunction:AHMGW3,Reliable,24621
2024-06-09 11:00+03:00,60,BUMGW9/MGWFunction:BUMGW9,Reliable,25600
2024-06-09 11:00+03:00,60,MBMGW6/MGWFunction:MBMGW6,Reliable,16661
2024-06-09 11:00+03:00,60,RWMGW10/MGWFunction:RWMGW10,Reliable,6990
2024-06-09 11:00+03:00,60,RWMGW4/MGWFunction:RWMGW4,Reliable,5320
2024-06-09 11:00+03:00,60,AHMGW11/MGWFunction:AHMGW11,Reliable,27638
2024-06-09 12:00+03:00,60,AHMGW2/MGWFunction:AHMGW2,Reliable,28008
2024-06-09 12:00+03:00,60,AHMGW3/MGWFunction:AHMGW3,Reliable,24399
2024-06-09 12:00+03:00,60,BUMGW9/MGWFunction:BUMGW9,Reliable,25794
2024-06-09 12:00+03:00,60,MBMGW6/MGWFunction:MBMGW6,Reliable,17311
2024-06-09 12:00+03:00,60,RWMGW10/MGWFunction:RWMGW10,Reliable,6774
2024-06-09 12:00+03:00,60,RWMGW4/MGWFunction:RWMGW4,Reliable,5327
2024-06-09 12:00+03:00,60,AHMGW11/MGWFunction:AHMGW11,Reliable,27834
2024-06-09 13:00+03:00,60,AHMGW2/MGWFunction:AHMGW2,Reliable,27969
2024-06-09 13:00+03:00,60,AHMGW3/MGWFunction:AHMGW3,Reliable,24140
2024-06-09 13:00+03:00,60,BUMGW9/MGWFunction:BUMGW9,Reliable,25694
2024-06-09 13:00+03:00,60,MBMGW6/MGWFunction:MBMGW6,Reliable,17883
2024-06-09 13:00+03:00,60,RWMGW10/MGWFunction:RWMGW10,Reliable,7300
2024-06-09 13:00+03:00,60,RWMGW4/MGWFunction:RWMGW4,Reliable,5721
2024-06-09 13:00+03:00,60,AHMGW11/MGWFunction:AHMGW11,Reliable,27519
2024-06-09 14:00+03:00,60,AHMGW2/MGWFunction:AHMGW2,Reliable,28892
2024-06-09 14:00+03:00,60,AHMGW3/MGWFunction:AHMGW3,Reliable,25594
2024-06-09 14:00+03:00,60,BUMGW9/MGWFunction:BUMGW9,Reliable,26693
2024-06-09 14:00+03:00,60,MBMGW6/MGWFunction:MBMGW6,Reliable,18682
2024-06-09 14:00+03:00,60,RWMGW10/MGWFunction:RWMGW10,Reliable,8013
2024-06-09 14:00+03:00,60,RWMGW4/MGWFunction:RWMGW4,Reliable,6407
2024-06-09 14:00+03:00,60,AHMGW11/MGWFunction:AHMGW11,Reliable,28477
2024-06-09 15:00+03:00,60,AHMGW2/MGWFunction:AHMGW2,Reliable,29489
2024-06-09 15:00+03:00,60,AHMGW3/MGWFunction:AHMGW3,Reliable,26115
2024-06-09 15:00+03:00,60,BUMGW9/MGWFunction:BUMGW9,Reliable,27013
2024-06-09 15:00+03:00,60,MBMGW6/MGWFunction:MBMGW6,Reliable,19488
2024-06-09 15:00+03:00,60,RWMGW10/MGWFunction:RWMGW10,Reliable,8402
2024-06-09 15:00+03:00,60,RWMGW4/MGWFunction:RWMGW4,Reliable,6746
2024-06-09 15:00+03:00,60,AHMGW11/MGWFunction:AHMGW11,Reliable,29170
2024-06-09 16:00+03:00,60,AHMGW2/MGWFunction:AHMGW2,Reliable,30137
2024-06-09 16:00+03:00,60,AHMGW3/MGWFunction:AHMGW3,Reliable,26349
2024-06-09 16:00+03:00,60,BUMGW9/MGWFunction:BUMGW9,Reliable,27145
2024-06-09 16:00+03:00,60,MBMGW6/MGWFunction:MBMGW6,Reliable,20324
2024-06-09 16:00+03:00,60,RWMGW10/MGWFunction:RWMGW10,Reliable,8715
2024-06-09 16:00+03:00,60,RWMGW4/MGWFunction:RWMGW4,Reliable,7021
2024-06-09 16:00+03:00,60,AHMGW11/MGWFunction:AHMGW11,Reliable,29373
2024-06-09 17:00+03:00,60,AHMGW2/MGWFunction:AHMGW2,Reliable,30597
2024-06-09 17:00+03:00,60,AHMGW3/MGWFunction:AHMGW3,Reliable,27347
2024-06-09 17:00+03:00,60,BUMGW9/MGWFunction:BUMGW9,Reliable,28011
2024-06-09 17:00+03:00,60,MBMGW6/MGWFunction:MBMGW6,Reliable,21344
2024-06-09 17:00+03:00,60,RWMGW10/MGWFunction:RWMGW10,Reliable,8976
2024-06-09 17:00+03:00,60,RWMGW4/MGWFunction:RWMGW4,Reliable,7160
2024-06-09 17:00+03:00,60,AHMGW11/MGWFunction:AHMGW11,Reliable,30097
2024-06-09 18:00+03:00,60,AHMGW2/MGWFunction:AHMGW2,Reliable,32586
2024-06-09 18:00+03:00,60,AHMGW3/MGWFunction:AHMGW3,Reliable,28875
2024-06-09 18:00+03:00,60,BUMGW9/MGWFunction:BUMGW9,Reliable,29043
2024-06-09 18:00+03:00,60,MBMGW6/MGWFunction:MBMGW6,Reliable,24114
2024-06-09 18:00+03:00,60,RWMGW10/MGWFunction:RWMGW10,Reliable,9884
2024-06-09 18:00+03:00,60,RWMGW4/MGWFunction:RWMGW4,Reliable,7889
2024-06-09 18:00+03:00,60,AHMGW11/MGWFunction:AHMGW11,Reliable,31903
2024-06-09 19:00+03:00,60,AHMGW2/MGWFunction:AHMGW2,Reliable,38809
2024-06-09 19:00+03:00,60,AHMGW3/MGWFunction:AHMGW3,Reliable,35139
2024-06-09 19:00+03:00,60,BUMGW9/MGWFunction:BUMGW9,Reliable,35322
2024-06-09 19:00+03:00,60,MBMGW6/MGWFunction:MBMGW6,Reliable,30101
2024-06-09 19:00+03:00,60,RWMGW10/MGWFunction:RWMGW10,Reliable,12112
2024-06-09 19:00+03:00,60,RWMGW4/MGWFunction:RWMGW4,Reliable,10152
2024-06-09 19:00+03:00,60,AHMGW11/MGWFunction:AHMGW11,Reliable,38093
2024-06-09 20:00+03:00,60,AHMGW2/MGWFunction:AHMGW2,Reliable,39900
2024-06-09 20:00+03:00,60,AHMGW3/MGWFunction:AHMGW3,Reliable,35626
2024-06-09 20:00+03:00,60,BUMGW9/MGWFunction:BUMGW9,Reliable,35585
2024-06-09 20:00+03:00,60,MBMGW6/MGWFunction:MBMGW6,Reliable,31776
2024-06-09 20:00+03:00,60,RWMGW10/MGWFunction:RWMGW10,Reliable,12666
2024-06-09 20:00+03:00,60,RWMGW4/MGWFunction:RWMGW4,Reliable,10399
2024-06-09 20:00+03:00,60,AHMGW11/MGWFunction:AHMGW11,Reliable,38476
2024-06-09 21:00+03:00,60,AHMGW2/MGWFunction:AHMGW2,Reliable,39131
2024-06-09 21:00+03:00,60,AHMGW3/MGWFunction:AHMGW3,Reliable,35087
2024-06-09 21:00+03:00,60,BUMGW9/MGWFunction:BUMGW9,Reliable,35166
2024-06-09 21:00+03:00,60,MBMGW6/MGWFunction:MBMGW6,Reliable,31355
2024-06-09 21:00+03:00,60,RWMGW10/MGWFunction:RWMGW10,Reliable,12522
2024-06-09 21:00+03:00,60,RWMGW4/MGWFunction:RWMGW4,Reliable,10033
2024-06-09 21:00+03:00,60,AHMGW11/MGWFunction:AHMGW11,Reliable,37954
2024-06-09 22:00+03:00,60,AHMGW2/MGWFunction:AHMGW2,Reliable,35699
2024-06-09 22:00+03:00,60,AHMGW3/MGWFunction:AHMGW3,Reliable,31197
2024-06-09 22:00+03:00,60,BUMGW9/MGWFunction:BUMGW9,Reliable,31327
2024-06-09 22:00+03:00,60,MBMGW6/MGWFunction:MBMGW6,Reliable,29285
2024-06-09 22:00+03:00,60,RWMGW10/MGWFunction:RWMGW10,Reliable,11041
2024-06-09 22:00+03:00,60,RWMGW4/MGWFunction:RWMGW4,Reliable,8878
2024-06-09 22:00+03:00,60,AHMGW11/MGWFunction:AHMGW11,Reliable,34737
2024-06-09 23:00+03:00,60,AHMGW2/MGWFunction:AHMGW2,Reliable,24726
2024-06-09 23:00+03:00,60,AHMGW3/MGWFunction:AHMGW3,Reliable,20933
2024-06-09 23:00+03:00,60,BUMGW9/MGWFunction:BUMGW9,Reliable,21364
2024-06-09 23:00+03:00,60,MBMGW6/MGWFunction:MBMGW6,Reliable,18284
2024-06-09 23:00+03:00,60,RWMGW10/MGWFunction:RWMGW10,Reliable,7120
2024-06-09 23:00+03:00,60,RWMGW4/MGWFunction:RWMGW4,Reliable,5682
2024-06-09 23:00+03:00,60,AHMGW11/MGWFunction:AHMGW11,Reliable,24246
2024-06-09 00:00+03:00,60,LRMGW12/MGWFunction:LRMGW12,Reliable,1698
2024-06-09 00:00+03:00,60,FPMGW13/MGWFunction:FPMGW13,Reliable,5727
2024-06-09 01:00+03:00,60,LRMGW12/MGWFunction:LRMGW12,Reliable,582
2024-06-09 01:00+03:00,60,FPMGW13/MGWFunction:FPMGW13,Reliable,2261
2024-06-09 02:00+03:00,60,LRMGW12/MGWFunction:LRMGW12,Reliable,262
2024-06-09 02:00+03:00,60,FPMGW13/MGWFunction:FPMGW13,Reliable,1069
2024-06-09 03:00+03:00,60,LRMGW12/MGWFunction:LRMGW12,Reliable,209
2024-06-09 03:00+03:00,60,FPMGW13/MGWFunction:FPMGW13,Reliable,667
2024-06-09 04:00+03:00,60,LRMGW12/MGWFunction:LRMGW12,Reliable,238
2024-06-09 04:00+03:00,60,FPMGW13/MGWFunction:FPMGW13,Reliable,529
2024-06-09 05:00+03:00,60,LRMGW12/MGWFunction:LRMGW12,Reliable,726
2024-06-09 05:00+03:00,60,FPMGW13/MGWFunction:FPMGW13,Reliable,1182
2024-06-09 06:00+03:00,60,LRMGW12/MGWFunction:LRMGW12,Reliable,3079
2024-06-09 06:00+03:00,60,FPMGW13/MGWFunction:FPMGW13,Reliable,6829
2024-06-09 07:00+03:00,60,LRMGW12/MGWFunction:LRMGW12,Reliable,4561
2024-06-09 07:00+03:00,60,FPMGW13/MGWFunction:FPMGW13,Reliable,11947
2024-06-09 08:00+03:00,60,LRMGW12/MGWFunction:LRMGW12,Reliable,4810
2024-06-09 08:00+03:00,60,FPMGW13/MGWFunction:FPMGW13,Reliable,13231
2024-06-09 09:00+03:00,60,LRMGW12/MGWFunction:LRMGW12,Reliable,4632
2024-06-09 09:00+03:00,60,FPMGW13/MGWFunction:FPMGW13,Reliable,13171
2024-06-09 10:00+03:00,60,LRMGW12/MGWFunction:LRMGW12,Reliable,4666
2024-06-09 10:00+03:00,60,FPMGW13/MGWFunction:FPMGW13,Reliable,12697
2024-06-09 11:00+03:00,60,LRMGW12/MGWFunction:LRMGW12,Reliable,4860
2024-06-09 11:00+03:00,60,FPMGW13/MGWFunction:FPMGW13,Reliable,12032
2024-06-09 12:00+03:00,60,LRMGW12/MGWFunction:LRMGW12,Reliable,4815
2024-06-09 12:00+03:00,60,FPMGW13/MGWFunction:FPMGW13,Reliable,11899
2024-06-09 13:00+03:00,60,LRMGW12/MGWFunction:LRMGW12,Reliable,5154
2024-06-09 13:00+03:00,60,FPMGW13/MGWFunction:FPMGW13,Reliable,12917
2024-06-09 14:00+03:00,60,LRMGW12/MGWFunction:LRMGW12,Reliable,5285
2024-06-09 14:00+03:00,60,FPMGW13/MGWFunction:FPMGW13,Reliable,13893
2024-06-09 15:00+03:00,60,LRMGW12/MGWFunction:LRMGW12,Reliable,5413
2024-06-09 15:00+03:00,60,FPMGW13/MGWFunction:FPMGW13,Reliable,14368
2024-06-09 16:00+03:00,60,LRMGW12/MGWFunction:LRMGW12,Reliable,5651
2024-06-09 16:00+03:00,60,FPMGW13/MGWFunction:FPMGW13,Reliable,15127
2024-06-09 17:00+03:00,60,LRMGW12/MGWFunction:LRMGW12,Reliable,5831
2024-06-09 17:00+03:00,60,FPMGW13/MGWFunction:FPMGW13,Reliable,15361
2024-06-09 18:00+03:00,60,LRMGW12/MGWFunction:LRMGW12,Reliable,6519
2024-06-09 18:00+03:00,60,FPMGW13/MGWFunction:FPMGW13,Reliable,16596
2024-06-09 19:00+03:00,60,LRMGW12/MGWFunction:LRMGW12,Reliable,8457
2024-06-09 19:00+03:00,60,FPMGW13/MGWFunction:FPMGW13,Reliable,21872
2024-06-09 20:00+03:00,60,LRMGW12/MGWFunction:LRMGW12,Reliable,8833
2024-06-09 20:00+03:00,60,FPMGW13/MGWFunction:FPMGW13,Reliable,22272
2024-06-09 21:00+03:00,60,LRMGW12/MGWFunction:LRMGW12,Reliable,8564
2024-06-09 21:00+03:00,60,FPMGW13/MGWFunction:FPMGW13,Reliable,21431
2024-06-09 22:00+03:00,60,LRMGW12/MGWFunction:LRMGW12,Reliable,7539
2024-06-09 22:00+03:00,60,FPMGW13/MGWFunction:FPMGW13,Reliable,19253
2024-06-09 23:00+03:00,60,LRMGW12/MGWFunction:LRMGW12,Reliable,4448
2024-06-09 23:00+03:00,60,FPMGW13/MGWFunction:FPMGW13,Reliable,12225
