Result Time,Granularity Period,Object Name,Reliability,CAUSE129_unallocated DN,CAUSE130_no route to the selected transit network,CAUSE131_no route to the callee,CAUSE133_dial wrong prefix of long distance call,CAUSE134_route unacceptable,CAUSE145_user decide to busy,CAUSE146_no response from callee,CAUSE147_no answer from callee,CAUSE149_call rejected,CAUSE155_termination error,CAUSE156_invalid DN format,CAUSE157_facility rejected,CAUSE162_no route available,CAUSE166_network error,CAUSE169_temporary error,CAUSE170_device congestion,CAUSE172_no route or circuit applied available,CAUSE174_precedence call blocked,CAUSE175_no resource available,CAUSE177_no suitable service quality,CAUSE178_facility applied not preserved before,CAUSE216_incompatible terminal,CAUSE219_invalid transit network selection,CAUSE223_invalid message,CAUSE230_recovery of time out,CAUSE231_parameter not exist,CAUSE239_protocol error,CAUSE254_interwork
2024-06-09 00:00+03:00,1440,AHMSC3/MSCServerFunction:AHMSC3,Reliable,5960,5,372567,1,0,1193203,235514,320315,3671,156743,15104,0,15796,46280,5214,11,33307,0,785,0,2,538,0,4,322470,2,216,38042
2024-06-09 00:00+03:00,1440,BUMSC1/MSCServerFunction:BUMSC1,Reliable,6298,2,366855,0,0,1187856,154866,1047914,3314,156527,44469,0,18584,36637,8612,40,30673,0,711,0,0,574,0,1,297061,0,211,22007
2024-06-09 00:00+03:00,1440,BUMSC2/MSCServerFunction:BUMSC2,Reliable,3723,2,348703,0,0,972272,87967,149443,2282,141685,38737,0,11340,36247,2265,0,31739,0,235,0,0,416,0,3,277485,0,257,45103
2024-06-09 00:00+03:00,1440,AHMSC4/MSCServerFunction:AHMSC4,Reliable,3939,0,242927,1,0,1180724,181455,186000,1946,156855,10951,0,4234,31295,2168,0,32356,0,221,0,2,377,0,0,123776,0,83,16847
2024-06-09 00:00+03:00,1440,BUMSC5/MSCServerFunction:BUMSC5,Reliable,1715,0,71785,0,0,460672,68798,66451,836,64521,4225,0,3300,13235,659,0,9334,0,117,0,0,225,0,0,57284,0,37,6057
2024-06-09 00:00+03:00,1440,RWMSC6/MSCServerFunction:RWMSC6,Reliable,0,0,0,0,0,0,0,0,0,0,0,0,0,371,0,0,0,0,0,0,0,0,0,0,0,0,0,0
