Result Time,Granularity Period,Object Name,Reliability,Call Attempts,Global BHCA,Incoming Answer Times,Originated Answer Times,Peak_Processor_Load,Peak_Processor_Load_Denom,Peak_Processor_Load_Nom
2024-06-09 00:00+03:00,60,AHMSC3/MSCServerFunction:AHMSC3,Reliable,526655,501819,81019,81492,30.857,526655,162511
2024-06-09 00:00+03:00,60,BUMSC1/MSCServerFunction:BUMSC1,Reliable,599881,570682,80005,80205,26.706999999999997,599881,160210
2024-06-09 00:00+03:00,60,BUMSC2/MSCServerFunction:BUMSC2,Reliable,376758,356584,62431,62234,33.089,376758,124665
2024-06-09 00:00+03:00,60,AHMSC4/MSCServerFunction:AHMSC4,Reliable,433031,412213,63888,81989,33.687,433031,145877
2024-06-09 01:00+03:00,60,AHMSC3/MSCServerFunction:AHMSC3,Reliable,247764,235762,36004,35221,28.747,247764,71225
2024-06-09 01:00+03:00,60,BUMSC1/MSCServerFunction:BUMSC1,Reliable,277113,263609,35824,35153,25.613000000000003,277113,70977
2024-06-09 01:00+03:00,60,BUMSC2/MSCServerFunction:BUMSC2,Reliable,176272,167057,28034,27832,31.693,176272,55866
2024-06-09 01:00+03:00,60,AHMSC4/MSCServerFunction:AHMSC4,Reliable,198889,189424,28163,35574,32.047,198889,63737
2024-06-09 02:00+03:00,60,AHMSC3/MSCServerFunction:AHMSC3,Reliable,151374,143827,21301,20726,27.764,151374,42027
2024-06-09 02:00+03:00,60,BUMSC1/MSCServerFunction:BUMSC1,Reliable,167875,159587,20780,20112,24.359,167875,40892
2024-06-09 02:00+03:00,60,BUMSC2/MSCServerFunction:BUMSC2,Reliable,108352,102483,16719,15811,30.023000000000003,108352,32530
2024-06-09 02:00+03:00,60,AHMSC4/MSCServerFunction:AHMSC4,Reliable,119716,113819,16180,20399,30.555,119716,36579
2024-06-09 03:00+03:00,60,AHMSC3/MSCServerFunction:AHMSC3,Reliable,124170,117968,16634,16129,26.386,124170,32763
2024-06-09 03:00+03:00,60,BUMSC1/MSCServerFunction:BUMSC1,Reliable,136296,129585,16636,16265,24.139,136296,32901
2024-06-09 03:00+03:00,60,BUMSC2/MSCServerFunction:BUMSC2,Reliable,88966,84149,12936,12717,28.835,88966,25653
2024-06-09 03:00+03:00,60,AHMSC4/MSCServerFunction:AHMSC4,Reliable,99515,94621,12826,16262,29.23,99515,29088
2024-06-09 04:00+03:00,60,AHMSC3/MSCServerFunction:AHMSC3,Reliable,117859,111702,17084,16689,28.655,117859,33773
2024-06-09 04:00+03:00,60,BUMSC1/MSCServerFunction:BUMSC1,Reliable,131879,125166,16727,16867,25.473000000000003,131879,33594
2024-06-09 04:00+03:00,60,BUMSC2/MSCServerFunction:BUMSC2,Reliable,86790,82084,13600,13814,31.587,86790,27414
2024-06-09 04:00+03:00,60,AHMSC4/MSCServerFunction:AHMSC4,Reliable,96774,91979,13443,16905,31.36,96774,30348
2024-06-09 05:00+03:00,60,AHMSC3/MSCServerFunction:AHMSC3,Reliable,198999,188319,31150,31650,31.558000000000003,198999,62800
2024-06-09 05:00+03:00,60,BUMSC1/MSCServerFunction:BUMSC1,Reliable,226391,214293,30951,31267,27.483,226391,62218
2024-06-09 05:00+03:00,60,BUMSC2/MSCServerFunction:BUMSC2,Reliable,150163,141530,25472,26152,34.379,150163,51624
2024-06-09 05:00+03:00,60,AHMSC4/MSCServerFunction:AHMSC4,Reliable,168203,159678,25106,31777,33.818000000000005,168203,56883
2024-06-09 06:00+03:00,60,AHMSC3/MSCServerFunction:AHMSC3,Reliable,724612,685548,117527,122408,33.111999999999995,724612,239935
2024-06-09 06:00+03:00,60,BUMSC1/MSCServerFunction:BUMSC1,Reliable,861391,812474,119491,121554,27.983,861391,241045
2024-06-09 06:00+03:00,60,BUMSC2/MSCServerFunction:BUMSC2,Reliable,550049,516274,96442,103426,36.336,550049,199868
2024-06-09 06:00+03:00,60,AHMSC4/MSCServerFunction:AHMSC4,Reliable,591836,558765,95413,122766,36.865,591836,218179
2024-06-09 07:00+03:00,60,AHMSC3/MSCServerFunction:AHMSC3,Reliable,1743872,1654729,294302,307629,34.516999999999996,1743872,601931
2024-06-09 07:00+03:00,60,BUMSC1/MSCServerFunction:BUMSC1,Reliable,2036444,1926686,296009,303449,29.436999999999998,2036444,599458
2024-06-09 07:00+03:00,60,BUMSC2/MSCServerFunction:BUMSC2,Reliable,1331987,1254784,240555,259790,37.564,1331987,500345
2024-06-09 07:00+03:00,60,AHMSC4/MSCServerFunction:AHMSC4,Reliable,1428451,1352658,238852,305789,38.128,1428451,544641
2024-06-09 08:00+03:00,60,AHMSC3/MSCServerFunction:AHMSC3,Reliable,2366939,2255726,421667,436498,36.256,2366939,858165
2024-06-09 08:00+03:00,60,BUMSC1/MSCServerFunction:BUMSC1,Reliable,2728169,2593651,422189,430768,31.265,2728169,852957
2024-06-09 08:00+03:00,60,BUMSC2/MSCServerFunction:BUMSC2,Reliable,1832637,1734060,346717,368235,39.012,1832637,714952
2024-06-09 08:00+03:00,60,AHMSC4/MSCServerFunction:AHMSC4,Reliable,1955918,1859354,340692,435225,39.67,1955918,775917
2024-06-09 09:00+03:00,60,AHMSC3/MSCServerFunction:AHMSC3,Reliable,2781485,2659101,517831,529792,37.664,2781485,1047623
2024-06-09 09:00+03:00,60,BUMSC1/MSCServerFunction:BUMSC1,Reliable,3192320,3046886,515354,527637,32.672,3192320,1042991
2024-06-09 09:00+03:00,60,BUMSC2/MSCServerFunction:BUMSC2,Reliable,2238339,2123802,435689,461576,40.086,2238339,897265
2024-06-09 09:00+03:00,60,AHMSC4/MSCServerFunction:AHMSC4,Reliable,2294955,2191148,418386,527836,41.231,2294955,946222
2024-06-09 10:00+03:00,60,AHMSC3/MSCServerFunction:AHMSC3,Reliable,2902601,2778422,549301,564420,38.37,2902601,1113721
2024-06-09 10:00+03:00,60,BUMSC1/MSCServerFunction:BUMSC1,Reliable,3319606,3173887,550683,557591,33.385999999999996,3319606,1108274
2024-06-09 10:00+03:00,60,BUMSC2/MSCServerFunction:BUMSC2,Reliable,2446147,2323958,477471,514169,40.539,2446147,991640
2024-06-09 10:00+03:00,60,AHMSC4/MSCServerFunction:AHMSC4,Reliable,2403565,2298421,444269,558331,41.713,2403565,1002600
2024-06-09 11:00+03:00,60,AHMSC3/MSCServerFunction:AHMSC3,Reliable,2901893,2775490,539205,555115,37.711,2901893,1094320
2024-06-09 11:00+03:00,60,BUMSC1/MSCServerFunction:BUMSC1,Reliable,3297002,3151349,541045,548603,33.05,3297002,1089648
2024-06-09 11:00+03:00,60,BUMSC2/MSCServerFunction:BUMSC2,Reliable,2348603,2231688,458204,485344,40.175,2348603,943548
2024-06-09 11:00+03:00,60,AHMSC4/MSCServerFunction:AHMSC4,Reliable,2410687,2302557,436005,551625,40.968999999999994,2410687,987630
2024-06-09 12:00+03:00,60,AHMSC3/MSCServerFunction:AHMSC3,Reliable,2887921,2759225,534504,547279,37.459,2887921,1081783
2024-06-09 12:00+03:00,60,BUMSC1/MSCServerFunction:BUMSC1,Reliable,3264685,3116924,535567,542206,33.013000000000005,3264685,1077773
2024-06-09 12:00+03:00,60,BUMSC2/MSCServerFunction:BUMSC2,Reliable,2277860,2162043,443302,467075,39.966,2277860,910377
2024-06-09 12:00+03:00,60,AHMSC4/MSCServerFunction:AHMSC4,Reliable,2392765,2282836,429803,545774,40.772,2392765,975577
2024-06-09 13:00+03:00,60,AHMSC3/MSCServerFunction:AHMSC3,Reliable,3004777,2872475,556568,571002,37.525999999999996,3004777,1127570
2024-06-09 13:00+03:00,60,BUMSC1/MSCServerFunction:BUMSC1,Reliable,3386883,3234679,557731,563471,33.104,3386883,1121202
2024-06-09 13:00+03:00,60,BUMSC2/MSCServerFunction:BUMSC2,Reliable,2336595,2218629,457736,478776,40.08,2336595,936512
2024-06-09 13:00+03:00,60,AHMSC4/MSCServerFunction:AHMSC4,Reliable,2494871,2379883,448902,570025,40.841,2494871,1018927
2024-06-09 14:00+03:00,60,AHMSC3/MSCServerFunction:AHMSC3,Reliable,3180433,3040274,592975,606078,37.701,3180433,1199053
2024-06-09 14:00+03:00,60,BUMSC1/MSCServerFunction:BUMSC1,Reliable,3565677,3406727,595991,598509,33.5,3565677,1194500
2024-06-09 14:00+03:00,60,BUMSC2/MSCServerFunction:BUMSC2,Reliable,2438407,2316448,483073,502501,40.419000000000004,2438407,985574
2024-06-09 14:00+03:00,60,AHMSC4/MSCServerFunction:AHMSC4,Reliable,2628264,2508123,477888,604728,41.191,2628264,1082616
2024-06-09 15:00+03:00,60,AHMSC3/MSCServerFunction:AHMSC3,Reliable,3257483,3113219,607294,619813,37.67,3257483,1227107
2024-06-09 15:00+03:00,60,BUMSC1/MSCServerFunction:BUMSC1,Reliable,3649406,3485452,609513,613604,33.516,3649406,1223117
2024-06-09 15:00+03:00,60,BUMSC2/MSCServerFunction:BUMSC2,Reliable,2483480,2358990,491725,510324,40.349000000000004,2483480,1002049
2024-06-09 15:00+03:00,60,AHMSC4/MSCServerFunction:AHMSC4,Reliable,2688000,2564426,486596,616676,41.044,2688000,1103272
2024-06-09 16:00+03:00,60,AHMSC3/MSCServerFunction:AHMSC3,Reliable,3313982,3166079,614313,624405,37.379,3313982,1238718
2024-06-09 16:00+03:00,60,BUMSC1/MSCServerFunction:BUMSC1,Reliable,3693291,3526596,615621,618480,33.415,3693291,1234101
2024-06-09 16:00+03:00,60,BUMSC2/MSCServerFunction:BUMSC2,Reliable,2505885,2379054,493750,511993,40.135,2505885,1005743
2024-06-09 16:00+03:00,60,AHMSC4/MSCServerFunction:AHMSC4,Reliable,2736474,2608627,489976,624036,40.71,2736474,1114012
2024-06-09 17:00+03:00,60,AHMSC3/MSCServerFunction:AHMSC3,Reliable,3396640,3244304,622646,635897,37.053000000000004,3396640,1258543
2024-06-09 17:00+03:00,60,BUMSC1/MSCServerFunction:BUMSC1,Reliable,3771509,3600799,624409,629328,33.242,3771509,1253737
2024-06-09 17:00+03:00,60,BUMSC2/MSCServerFunction:BUMSC2,Reliable,2554190,2424909,499157,517806,39.815,2554190,1016963
2024-06-09 17:00+03:00,60,AHMSC4/MSCServerFunction:AHMSC4,Reliable,2802818,2671577,499834,633594,40.439,2802818,1133428
2024-06-09 18:00+03:00,60,AHMSC3/MSCServerFunction:AHMSC3,Reliable,3581526,3420865,651450,665730,36.777,3581526,1317180
2024-06-09 18:00+03:00,60,BUMSC1/MSCServerFunction:BUMSC1,Reliable,3966180,3787244,653832,658262,33.082,3966180,1312094
2024-06-09 18:00+03:00,60,BUMSC2/MSCServerFunction:BUMSC2,Reliable,2681076,2545314,519944,540605,39.556999999999995,2681076,1060549
2024-06-09 18:00+03:00,60,AHMSC4/MSCServerFunction:AHMSC4,Reliable,2951639,2812671,520155,663553,40.103,2951639,1183708
2024-06-09 19:00+03:00,60,AHMSC3/MSCServerFunction:AHMSC3,Reliable,4422092,4228505,797409,819855,36.571999999999996,4422092,1617264
2024-06-09 19:00+03:00,60,BUMSC1/MSCServerFunction:BUMSC1,Reliable,4949858,4723777,804705,809539,32.611999999999995,4949858,1614244
2024-06-09 19:00+03:00,60,BUMSC2/MSCServerFunction:BUMSC2,Reliable,3320164,3149935,638096,667636,39.327,3320164,1305732
2024-06-09 19:00+03:00,60,AHMSC4/MSCServerFunction:AHMSC4,Reliable,3671113,3494387,643946,820080,39.88,3671113,1464026
2024-06-09 20:00+03:00,60,AHMSC3/MSCServerFunction:AHMSC3,Reliable,4215653,4026646,748957,772415,36.089,4215653,1521372
2024-06-09 20:00+03:00,60,BUMSC1/MSCServerFunction:BUMSC1,Reliable,4695515,4473933,761062,762794,32.453,4695515,1523856
2024-06-09 20:00+03:00,60,BUMSC2/MSCServerFunction:BUMSC2,Reliable,3148193,2980622,599469,625484,38.91,3148193,1224953
2024-06-09 20:00+03:00,60,AHMSC4/MSCServerFunction:AHMSC4,Reliable,3496750,3321102,605388,771169,39.367,3496750,1376557
2024-06-09 21:00+03:00,60,AHMSC3/MSCServerFunction:AHMSC3,Reliable,3421209,3256170,587824,609074,34.985,3421209,1196898
2024-06-09 21:00+03:00,60,BUMSC1/MSCServerFunction:BUMSC1,Reliable,3794494,3607992,598868,603769,31.694000000000003,3794494,1202637
2024-06-09 21:00+03:00,60,BUMSC2/MSCServerFunction:BUMSC2,Reliable,2546671,2405247,469014,489124,37.623000000000005,2546671,958138
2024-06-09 21:00+03:00,60,AHMSC4/MSCServerFunction:AHMSC4,Reliable,2846039,2698637,478445,610113,38.248000000000005,2846039,1088558
2024-06-09 22:00+03:00,60,AHMSC3/MSCServerFunction:AHMSC3,Reliable,2293083,2177594,373389,390108,33.296,2293083,763497
2024-06-09 22:00+03:00,60,BUMSC1/MSCServerFunction:BUMSC1,Reliable,2520422,2395621,381382,385872,30.441,2520422,767254
2024-06-09 22:00+03:00,60,BUMSC2/MSCServerFunction:BUMSC2,Reliable,1695144,1599178,295837,308118,35.629,1695144,603955
2024-06-09 22:00+03:00,60,AHMSC4/MSCServerFunction:AHMSC4,Reliable,1905729,1805823,305797,389938,36.508,1905729,695735
2024-06-09 23:00+03:00,60,AHMSC3/MSCServerFunction:AHMSC3,Reliable,1015083,964892,159272,163767,31.824,1015083,323039
2024-06-09 23:00+03:00,60,BUMSC1/MSCServerFunction:BUMSC1,Reliable,1106443,1051828,159906,162917,29.177,1106443,322823
2024-06-09 23:00+03:00,60,BUMSC2/MSCServerFunction:BUMSC2,Reliable,738176,697102,124931,127871,34.247,738176,252802
2024-06-09 23:00+03:00,60,AHMSC4/MSCServerFunction:AHMSC4,Reliable,839760,796432,128378,163788,34.792,839760,292166
2024-06-09 00:00+03:00,60,BUMSC5/MSCServerFunction:BUMSC5,Reliable,178797,170431,27971,30877,32.913000000000004,178797,58848
2024-06-09 00:00+03:00,60,RWMSC6/MSCServerFunction:RWMSC6,Reliable,0,0,0,0,,0,0
2024-06-09 01:00+03:00,60,BUMSC5/MSCServerFunction:BUMSC5,Reliable,82212,78305,11981,13809,31.37,82212,25790
2024-06-09 01:00+03:00,60,RWMSC6/MSCServerFunction:RWMSC6,Reliable,0,3,0,0,,0,0
2024-06-09 02:00+03:00,60,BUMSC5/MSCServerFunction:BUMSC5,Reliable,50824,48340,7118,8198,30.135,50824,15316
2024-06-09 02:00+03:00,60,RWMSC6/MSCServerFunction:RWMSC6,Reliable,0,0,0,0,,0,0
2024-06-09 03:00+03:00,60,BUMSC5/MSCServerFunction:BUMSC5,Reliable,40994,39013,5683,6347,29.346,40994,12030
2024-06-09 03:00+03:00,60,RWMSC6/MSCServerFunction:RWMSC6,Reliable,0,0,0,0,,0,0
2024-06-09 04:00+03:00,60,BUMSC5/MSCServerFunction:BUMSC5,Reliable,38729,36871,5888,6355,31.612,38729,12243
2024-06-09 04:00+03:00,60,RWMSC6/MSCServerFunction:RWMSC6,Reliable,0,0,0,0,,0,0
2024-06-09 05:00+03:00,60,BUMSC5/MSCServerFunction:BUMSC5,Reliable,64422,61170,10637,11873,34.941,64422,22510
2024-06-09 05:00+03:00,60,RWMSC6/MSCServerFunction:RWMSC6,Reliable,0,0,0,0,,0,0
2024-06-09 06:00+03:00,60,BUMSC5/MSCServerFunction:BUMSC5,Reliable,235998,223924,41032,44837,36.385,235998,85869
2024-06-09 06:00+03:00,60,RWMSC6/MSCServerFunction:RWMSC6,Reliable,0,0,0,0,,0,0
2024-06-09 07:00+03:00,60,BUMSC5/MSCServerFunction:BUMSC5,Reliable,554546,527726,99760,108016,37.468,554546,207776
2024-06-09 07:00+03:00,60,RWMSC6/MSCServerFunction:RWMSC6,Reliable,0,5,0,0,,0,0
2024-06-09 08:00+03:00,60,BUMSC5/MSCServerFunction:BUMSC5,Reliable,746940,713952,139461,151930,39.010999999999996,746940,291391
2024-06-09 08:00+03:00,60,RWMSC6/MSCServerFunction:RWMSC6,Reliable,0,13,0,0,,0,0
2024-06-09 09:00+03:00,60,BUMSC5/MSCServerFunction:BUMSC5,Reliable,876197,840365,170513,184315,40.496,876197,354828
2024-06-09 09:00+03:00,60,RWMSC6/MSCServerFunction:RWMSC6,Reliable,0,18,0,0,,0,0
2024-06-09 10:00+03:00,60,BUMSC5/MSCServerFunction:BUMSC5,Reliable,930829,893577,183192,199126,41.073,930829,382318
2024-06-09 10:00+03:00,60,RWMSC6/MSCServerFunction:RWMSC6,Reliable,0,12,0,0,,0,0
2024-06-09 11:00+03:00,60,BUMSC5/MSCServerFunction:BUMSC5,Reliable,964414,924301,185668,202755,40.275999999999996,964414,388423
2024-06-09 11:00+03:00,60,RWMSC6/MSCServerFunction:RWMSC6,Reliable,0,26,0,0,,0,0
2024-06-09 12:00+03:00,60,BUMSC5/MSCServerFunction:BUMSC5,Reliable,974957,933095,186684,204365,40.109,974957,391049
2024-06-09 12:00+03:00,60,RWMSC6/MSCServerFunction:RWMSC6,Reliable,1,26,0,1,100.0,1,1
2024-06-09 13:00+03:00,60,BUMSC5/MSCServerFunction:BUMSC5,Reliable,1025571,981346,195490,214245,39.952,1025571,409735
2024-06-09 13:00+03:00,60,RWMSC6/MSCServerFunction:RWMSC6,Reliable,0,17,0,1,,0,1
2024-06-09 14:00+03:00,60,BUMSC5/MSCServerFunction:BUMSC5,Reliable,1093551,1046106,209580,229920,40.19,1093551,439500
2024-06-09 14:00+03:00,60,RWMSC6/MSCServerFunction:RWMSC6,Reliable,0,8,0,0,,0,0
2024-06-09 15:00+03:00,60,BUMSC5/MSCServerFunction:BUMSC5,Reliable,1126048,1076754,215489,235204,40.024,1126048,450693
2024-06-09 15:00+03:00,60,RWMSC6/MSCServerFunction:RWMSC6,Reliable,3,7,0,0,0.0,3,0
2024-06-09 16:00+03:00,60,BUMSC5/MSCServerFunction:BUMSC5,Reliable,1155260,1104103,219269,239801,39.736999999999995,1155260,459070
2024-06-09 16:00+03:00,60,RWMSC6/MSCServerFunction:RWMSC6,Reliable,0,9,0,0,,0,0
2024-06-09 17:00+03:00,60,BUMSC5/MSCServerFunction:BUMSC5,Reliable,1194366,1141447,225007,245258,39.374,1194366,470265
2024-06-09 17:00+03:00,60,RWMSC6/MSCServerFunction:RWMSC6,Reliable,0,8,0,2,,0,2
2024-06-09 18:00+03:00,60,BUMSC5/MSCServerFunction:BUMSC5,Reliable,1270469,1212561,235684,259246,38.955999999999996,1270469,494930
2024-06-09 18:00+03:00,60,RWMSC6/MSCServerFunction:RWMSC6,Reliable,0,22,0,0,,0,0
2024-06-09 19:00+03:00,60,BUMSC5/MSCServerFunction:BUMSC5,Reliable,1599315,1524899,293037,324199,38.594,1599315,617236
2024-06-09 19:00+03:00,60,RWMSC6/MSCServerFunction:RWMSC6,Reliable,4,23,0,0,0.0,4,0
2024-06-09 20:00+03:00,60,BUMSC5/MSCServerFunction:BUMSC5,Reliable,1533092,1458515,276126,307108,38.043,1533092,583234
2024-06-09 20:00+03:00,60,RWMSC6/MSCServerFunction:RWMSC6,Reliable,0,11,0,0,,0,0
2024-06-09 21:00+03:00,60,BUMSC5/MSCServerFunction:BUMSC5,Reliable,1244972,1182521,218347,243665,37.11,1244972,462012
2024-06-09 21:00+03:00,60,RWMSC6/MSCServerFunction:RWMSC6,Reliable,0,14,0,0,,0,0
2024-06-09 22:00+03:00,60,BUMSC5/MSCServerFunction:BUMSC5,Reliable,827468,786134,139046,156320,35.695,827468,295366
2024-06-09 22:00+03:00,60,RWMSC6/MSCServerFunction:RWMSC6,Reliable,0,21,0,0,,0,0
2024-06-09 23:00+03:00,60,BUMSC5/MSCServerFunction:BUMSC5,Reliable,357496,340031,58077,64486,34.284,357496,122563
2024-06-09 23:00+03:00,60,RWMSC6/MSCServerFunction:RWMSC6,Reliable,0,0,0,0,,0,0
