Result Time,Granularity Period,Object Name,Reliability,BSS Trunk Overflow Times,Call Attempts,Common Resource Application Failures,SCR_2G_3G_DENOM,SCR_2G_3G_KPI,SCR_2G_3G_NOM,Temporary Error,Termination Application Failures
2024-06-09 00:00+03:00,60,"AHMSC3/Local Zone of caller:LABEL=0, STATICAREAX=0",Reliable,0,170743,0,272436,99.441,270914,361,909
2024-06-09 00:00+03:00,60,"BUMSC1/Local Zone of caller:LABEL=0, STATICAREAX=0",Reliable,0,167759,0,270500,99.75200000000001,269829,388,17
2024-06-09 00:00+03:00,60,"BUMSC2/Local Zone of caller:LABEL=0, STATICAREAX=0",Reliable,0,152632,0,215188,99.759,214670,322,17
2024-06-09 00:00+03:00,60,"AHMSC4/Local Zone of caller:LABEL=0, STATICAREAX=0",Reliable,0,169506,0,272294,99.756,271629,379,12
2024-06-09 01:00+03:00,60,"AHMSC3/Local Zone of caller:LABEL=0, STATICAREAX=0",Reliable,0,79808,0,127285,99.044,126068,135,991
2024-06-09 01:00+03:00,60,"BUMSC1/Local Zone of caller:LABEL=0, STATICAREAX=0",Reliable,0,77605,0,124749,99.807,124508,159,4
2024-06-09 01:00+03:00,60,"BUMSC2/Local Zone of caller:LABEL=0, STATICAREAX=0",Reliable,0,71357,0,100320,99.804,100123,137,7
2024-06-09 01:00+03:00,60,"AHMSC4/Local Zone of caller:LABEL=0, STATICAREAX=0",Reliable,0,77954,0,125315,99.78299999999999,125043,191,4
2024-06-09 02:00+03:00,60,"AHMSC3/Local Zone of caller:LABEL=0, STATICAREAX=0",Reliable,0,48464,0,76414,98.70299999999999,75423,66,870
2024-06-09 02:00+03:00,60,"BUMSC1/Local Zone of caller:LABEL=0, STATICAREAX=0",Reliable,0,47579,0,75431,99.838,75309,71,4
2024-06-09 02:00+03:00,60,"BUMSC2/Local Zone of caller:LABEL=0, STATICAREAX=0",Reliable,0,43678,0,60891,99.819,60781,73,1
2024-06-09 02:00+03:00,60,"AHMSC4/Local Zone of caller:LABEL=0, STATICAREAX=0",Reliable,0,48643,0,77168,99.79899999999999,77013,90,4
2024-06-09 03:00+03:00,60,"AHMSC3/Local Zone of caller:LABEL=0, STATICAREAX=0",Reliable,0,41198,0,63550,98.411,62540,66,895
2024-06-09 03:00+03:00,60,"BUMSC1/Local Zone of caller:LABEL=0, STATICAREAX=0",Reliable,0,39411,0,61606,99.86399999999999,61522,44,0
2024-06-09 03:00+03:00,60,"BUMSC2/Local Zone of caller:LABEL=0, STATICAREAX=0",Reliable,0,37472,0,50812,99.82700000000001,50724,38,10
2024-06-09 03:00+03:00,60,"AHMSC4/Local Zone of caller:LABEL=0, STATICAREAX=0",Reliable,0,40441,0,63761,99.84299999999999,63661,62,2
2024-06-09 04:00+03:00,60,"AHMSC3/Local Zone of caller:LABEL=0, STATICAREAX=0",Reliable,0,39204,0,60838,98.415,59874,52,876
2024-06-09 04:00+03:00,60,"BUMSC1/Local Zone of caller:LABEL=0, STATICAREAX=0",Reliable,0,38889,0,60298,99.861,60214,52,0
2024-06-09 04:00+03:00,60,"BUMSC2/Local Zone of caller:LABEL=0, STATICAREAX=0",Reliable,0,37287,0,50253,99.84700000000001,50176,56,0
2024-06-09 04:00+03:00,60,"AHMSC4/Local Zone of caller:LABEL=0, STATICAREAX=0",Reliable,0,39278,0,60456,99.82600000000001,60351,69,0
2024-06-09 05:00+03:00,60,"AHMSC3/Local Zone of caller:LABEL=0, STATICAREAX=0",Reliable,0,71346,0,104166,99.13600000000001,103266,87,753
2024-06-09 05:00+03:00,60,"BUMSC1/Local Zone of caller:LABEL=0, STATICAREAX=0",Reliable,0,70538,0,103142,99.84299999999999,102980,109,5
2024-06-09 05:00+03:00,60,"BUMSC2/Local Zone of caller:LABEL=0, STATICAREAX=0",Reliable,0,67498,0,88212,99.866,88094,78,7
2024-06-09 05:00+03:00,60,"AHMSC4/Local Zone of caller:LABEL=0, STATICAREAX=0",Reliable,0,71798,0,104479,99.863,104336,101,12
2024-06-09 06:00+03:00,60,"AHMSC3/Local Zone of caller:LABEL=0, STATICAREAX=0",Reliable,0,275961,0,382636,99.569,380985,471,966
2024-06-09 06:00+03:00,60,"BUMSC1/Local Zone of caller:LABEL=0, STATICAREAX=0",Reliable,0,277162,0,383719,99.81200000000001,382998,507,15
2024-06-09 06:00+03:00,60,"BUMSC2/Local Zone of caller:LABEL=0, STATICAREAX=0",Reliable,0,263567,0,328777,99.815,328168,490,9
2024-06-09 06:00+03:00,60,"AHMSC4/Local Zone of caller:LABEL=0, STATICAREAX=0",Reliable,0,275712,0,381443,99.821,380759,471,17
2024-06-09 07:00+03:00,60,"AHMSC3/Local Zone of caller:LABEL=0, STATICAREAX=0",Reliable,0,653458,0,922345,99.694,919524,1375,818
2024-06-09 07:00+03:00,60,"BUMSC1/Local Zone of caller:LABEL=0, STATICAREAX=0",Reliable,0,651445,0,918647,99.781,916636,1349,75
2024-06-09 07:00+03:00,60,"BUMSC2/Local Zone of caller:LABEL=0, STATICAREAX=0",Reliable,0,622799,0,790150,99.78399999999999,788440,1318,44
2024-06-09 07:00+03:00,60,"AHMSC4/Local Zone of caller:LABEL=0, STATICAREAX=0",Reliable,0,647582,0,912662,99.777,910624,1363,54
2024-06-09 08:00+03:00,60,"AHMSC3/Local Zone of caller:LABEL=0, STATICAREAX=0",Reliable,0,841118,0,1244499,99.678,1240495,2040,923
2024-06-09 08:00+03:00,60,"BUMSC1/Local Zone of caller:LABEL=0, STATICAREAX=0",Reliable,0,836908,0,1240126,99.76100000000001,1237162,1901,72
2024-06-09 08:00+03:00,60,"BUMSC2/Local Zone of caller:LABEL=0, STATICAREAX=0",Reliable,0,825021,0,1076059,99.74,1073259,2053,100
2024-06-09 08:00+03:00,60,"AHMSC4/Local Zone of caller:LABEL=0, STATICAREAX=0",Reliable,0,837146,0,1240302,99.738,1237058,2141,74
2024-06-09 09:00+03:00,60,"AHMSC3/Local Zone of caller:LABEL=0, STATICAREAX=0",Reliable,0,932304,0,1449430,99.65899999999999,1444492,2469,952
2024-06-09 09:00+03:00,60,"BUMSC1/Local Zone of caller:LABEL=0, STATICAREAX=0",Reliable,0,934133,0,1451930,99.71700000000001,1447818,2495,95
2024-06-09 09:00+03:00,60,"BUMSC2/Local Zone of caller:LABEL=0, STATICAREAX=0",Reliable,0,984372,0,1304204,99.72,1300550,2651,81
2024-06-09 09:00+03:00,60,"AHMSC4/Local Zone of caller:LABEL=0, STATICAREAX=0",Reliable,0,922929,0,1438907,99.727,1434983,2365,92
2024-06-09 10:00+03:00,60,"AHMSC3/Local Zone of caller:LABEL=0, STATICAREAX=0",Reliable,0,947867,0,1512509,99.61200000000001,1506637,2895,848
2024-06-09 10:00+03:00,60,"BUMSC1/Local Zone of caller:LABEL=0, STATICAREAX=0",Reliable,0,947285,0,1511484,99.669,1506482,2854,95
2024-06-09 10:00+03:00,60,"BUMSC2/Local Zone of caller:LABEL=0, STATICAREAX=0",Reliable,0,1078062,0,1432161,99.661,1427308,3370,111
2024-06-09 10:00+03:00,60,"AHMSC4/Local Zone of caller:LABEL=0, STATICAREAX=0",Reliable,0,937803,0,1499981,99.663,1494926,2858,98
2024-06-09 11:00+03:00,60,"AHMSC3/Local Zone of caller:LABEL=0, STATICAREAX=0",Reliable,0,967947,0,1522301,99.677,1517382,2409,852
2024-06-09 11:00+03:00,60,"BUMSC1/Local Zone of caller:LABEL=0, STATICAREAX=0",Reliable,0,964577,0,1514862,99.719,1510600,2577,108
2024-06-09 11:00+03:00,60,"BUMSC2/Local Zone of caller:LABEL=0, STATICAREAX=0",Reliable,0,1024464,0,1366879,99.712,1362938,2775,93
2024-06-09 11:00+03:00,60,"AHMSC4/Local Zone of caller:LABEL=0, STATICAREAX=0",Reliable,0,964445,0,1514345,99.71600000000001,1510039,2530,107
2024-06-09 12:00+03:00,60,"AHMSC3/Local Zone of caller:LABEL=0, STATICAREAX=0",Reliable,0,976573,0,1513754,99.667,1508710,2437,952
2024-06-09 12:00+03:00,60,"BUMSC1/Local Zone of caller:LABEL=0, STATICAREAX=0",Reliable,0,974000,0,1511305,99.72,1507079,2534,93
2024-06-09 12:00+03:00,60,"BUMSC2/Local Zone of caller:LABEL=0, STATICAREAX=0",Reliable,0,989999,0,1325100,99.71600000000001,1321332,2658,92
2024-06-09 12:00+03:00,60,"AHMSC4/Local Zone of caller:LABEL=0, STATICAREAX=0",Reliable,0,971810,0,1510069,99.72399999999999,1505894,2379,111
2024-06-09 13:00+03:00,60,"AHMSC3/Local Zone of caller:LABEL=0, STATICAREAX=0",Reliable,0,1019766,0,1575480,99.681,1570453,2510,901
2024-06-09 13:00+03:00,60,"BUMSC1/Local Zone of caller:LABEL=0, STATICAREAX=0",Reliable,0,1016583,0,1572847,99.723,1568490,2635,121
2024-06-09 13:00+03:00,60,"BUMSC2/Local Zone of caller:LABEL=0, STATICAREAX=0",Reliable,0,1011375,0,1356721,99.715,1352852,2746,91
2024-06-09 13:00+03:00,60,"AHMSC4/Local Zone of caller:LABEL=0, STATICAREAX=0",Reliable,0,1016482,0,1577139,99.71700000000001,1572675,2642,109
2024-06-09 14:00+03:00,60,"AHMSC3/Local Zone of caller:LABEL=0, STATICAREAX=0",Reliable,0,1077919,0,1667380,99.667,1661824,2786,922
2024-06-09 14:00+03:00,60,"BUMSC1/Local Zone of caller:LABEL=0, STATICAREAX=0",Reliable,0,1067963,0,1656432,99.71799999999999,1651768,2717,106
2024-06-09 14:00+03:00,60,"BUMSC2/Local Zone of caller:LABEL=0, STATICAREAX=0",Reliable,0,1047118,0,1411623,99.721,1407678,2728,102
2024-06-09 14:00+03:00,60,"AHMSC4/Local Zone of caller:LABEL=0, STATICAREAX=0",Reliable,0,1069609,0,1660488,99.723,1655885,2797,92
2024-06-09 15:00+03:00,60,"AHMSC3/Local Zone of caller:LABEL=0, STATICAREAX=0",Reliable,0,1116594,0,1711735,99.662,1705952,2869,1053
2024-06-09 15:00+03:00,60,"BUMSC1/Local Zone of caller:LABEL=0, STATICAREAX=0",Reliable,0,1109320,0,1706652,99.72,1701872,2777,114
2024-06-09 15:00+03:00,60,"BUMSC2/Local Zone of caller:LABEL=0, STATICAREAX=0",Reliable,0,1071696,0,1440465,99.729,1436555,2707,107
2024-06-09 15:00+03:00,60,"AHMSC4/Local Zone of caller:LABEL=0, STATICAREAX=0",Reliable,0,1105975,0,1700987,99.723,1696273,2844,93
2024-06-09 16:00+03:00,60,"AHMSC3/Local Zone of caller:LABEL=0, STATICAREAX=0",Reliable,0,1142909,0,1742265,99.664,1736408,3033,917
2024-06-09 16:00+03:00,60,"BUMSC1/Local Zone of caller:LABEL=0, STATICAREAX=0",Reliable,0,1133242,0,1735818,99.729,1731106,2832,106
2024-06-09 16:00+03:00,60,"BUMSC2/Local Zone of caller:LABEL=0, STATICAREAX=0",Reliable,0,1083457,0,1454987,99.72200000000001,1450948,2761,87
2024-06-09 16:00+03:00,60,"AHMSC4/Local Zone of caller:LABEL=0, STATICAREAX=0",Reliable,0,1138711,0,1738833,99.719,1733949,2966,109
2024-06-09 17:00+03:00,60,"AHMSC3/Local Zone of caller:LABEL=0, STATICAREAX=0",Reliable,0,1179555,0,1790580,99.661,1784506,3160,1012
2024-06-09 17:00+03:00,60,"BUMSC1/Local Zone of caller:LABEL=0, STATICAREAX=0",Reliable,0,1166598,0,1780478,99.706,1775247,3169,121
2024-06-09 17:00+03:00,60,"BUMSC2/Local Zone of caller:LABEL=0, STATICAREAX=0",Reliable,0,1106892,0,1484634,99.712,1480363,2944,131
2024-06-09 17:00+03:00,60,"AHMSC4/Local Zone of caller:LABEL=0, STATICAREAX=0",Reliable,0,1170299,0,1781037,99.70700000000001,1775813,3221,109
2024-06-09 18:00+03:00,60,"AHMSC3/Local Zone of caller:LABEL=0, STATICAREAX=0",Reliable,0,1255348,0,1892336,99.631,1885360,3699,959
2024-06-09 18:00+03:00,60,"BUMSC1/Local Zone of caller:LABEL=0, STATICAREAX=0",Reliable,0,1238320,0,1875272,99.678,1869227,3520,157
2024-06-09 18:00+03:00,60,"BUMSC2/Local Zone of caller:LABEL=0, STATICAREAX=0",Reliable,0,1168571,0,1561146,99.68,1556145,3363,121
2024-06-09 18:00+03:00,60,"AHMSC4/Local Zone of caller:LABEL=0, STATICAREAX=0",Reliable,0,1245741,0,1878639,99.67299999999999,1872498,3618,138
2024-06-09 19:00+03:00,60,"AHMSC3/Local Zone of caller:LABEL=0, STATICAREAX=0",Reliable,0,1594885,0,2342246,99.639,2333787,4965,518
2024-06-09 19:00+03:00,60,"BUMSC1/Local Zone of caller:LABEL=0, STATICAREAX=0",Reliable,0,1580209,0,2328468,99.68,2321023,4598,184
2024-06-09 19:00+03:00,60,"BUMSC2/Local Zone of caller:LABEL=0, STATICAREAX=0",Reliable,0,1480129,0,1944596,99.675,1938285,4502,138
2024-06-09 19:00+03:00,60,"AHMSC4/Local Zone of caller:LABEL=0, STATICAREAX=0",Reliable,0,1591361,0,2342924,99.67299999999999,2335266,4905,170
2024-06-09 20:00+03:00,60,"AHMSC3/Local Zone of caller:LABEL=0, STATICAREAX=0",Reliable,0,1556730,0,2244212,99.60799999999999,2235419,5262,573
2024-06-09 20:00+03:00,60,"BUMSC1/Local Zone of caller:LABEL=0, STATICAREAX=0",Reliable,0,1537236,0,2226839,99.64399999999999,2218916,5019,194
2024-06-09 20:00+03:00,60,"BUMSC2/Local Zone of caller:LABEL=0, STATICAREAX=0",Reliable,0,1426066,0,1853134,99.65,1846647,4638,153
2024-06-09 20:00+03:00,60,"AHMSC4/Local Zone of caller:LABEL=0, STATICAREAX=0",Reliable,0,1553463,0,2244448,99.64399999999999,2236451,5196,159
2024-06-09 21:00+03:00,60,"AHMSC3/Local Zone of caller:LABEL=0, STATICAREAX=0",Reliable,0,1268022,0,1833372,99.59299999999999,1825907,4277,885
2024-06-09 21:00+03:00,60,"BUMSC1/Local Zone of caller:LABEL=0, STATICAREAX=0",Reliable,0,1262655,0,1828237,99.647,1821788,4105,155
2024-06-09 21:00+03:00,60,"BUMSC2/Local Zone of caller:LABEL=0, STATICAREAX=0",Reliable,0,1154676,0,1503981,99.645,1498648,3875,137
2024-06-09 21:00+03:00,60,"AHMSC4/Local Zone of caller:LABEL=0, STATICAREAX=0",Reliable,0,1267220,0,1834533,99.64299999999999,1827986,4165,172
2024-06-09 22:00+03:00,60,"AHMSC3/Local Zone of caller:LABEL=0, STATICAREAX=0",Reliable,0,840018,0,1235703,99.601,1230776,2553,945
2024-06-09 22:00+03:00,60,"BUMSC1/Local Zone of caller:LABEL=0, STATICAREAX=0",Reliable,0,835845,0,1230164,99.662,1226005,2565,132
2024-06-09 22:00+03:00,60,"BUMSC2/Local Zone of caller:LABEL=0, STATICAREAX=0",Reliable,0,753743,0,997084,99.65299999999999,993629,2343,110
2024-06-09 22:00+03:00,60,"AHMSC4/Local Zone of caller:LABEL=0, STATICAREAX=0",Reliable,0,833460,0,1230959,99.65700000000001,1226733,2677,90
2024-06-09 23:00+03:00,60,"AHMSC3/Local Zone of caller:LABEL=0, STATICAREAX=0",Reliable,0,352604,0,542718,99.56299999999999,540344,898,836
2024-06-09 23:00+03:00,60,"BUMSC1/Local Zone of caller:LABEL=0, STATICAREAX=0",Reliable,0,350045,0,540900,99.73700000000001,539479,869,31
2024-06-09 23:00+03:00,60,"BUMSC2/Local Zone of caller:LABEL=0, STATICAREAX=0",Reliable,0,317217,0,432969,99.71799999999999,431748,809,35
2024-06-09 23:00+03:00,60,"AHMSC4/Local Zone of caller:LABEL=0, STATICAREAX=0",Reliable,0,351860,0,543130,99.70700000000001,541540,931,48
2024-06-09 00:00+03:00,60,"BUMSC5/Local Zone of caller:LABEL=0, STATICAREAX=0",Reliable,0,68804,0,111614,99.741,111325,169,3
2024-06-09 00:00+03:00,60,"RWMSC6/Local Zone of caller:LABEL=0, STATICAREAX=0",Reliable,0,0,0,0,,0,0,0
2024-06-09 01:00+03:00,60,"BUMSC5/Local Zone of caller:LABEL=0, STATICAREAX=0",Reliable,0,32204,0,52245,99.818,52150,64,1
2024-06-09 01:00+03:00,60,"RWMSC6/Local Zone of caller:LABEL=0, STATICAREAX=0",Reliable,0,0,0,0,,0,0,0
2024-06-09 02:00+03:00,60,"BUMSC5/Local Zone of caller:LABEL=0, STATICAREAX=0",Reliable,0,20418,0,32329,99.805,32266,31,0
2024-06-09 02:00+03:00,60,"RWMSC6/Local Zone of caller:LABEL=0, STATICAREAX=0",Reliable,0,0,0,0,,0,0,0
2024-06-09 03:00+03:00,60,"BUMSC5/Local Zone of caller:LABEL=0, STATICAREAX=0",Reliable,0,16272,0,25780,99.876,25748,19,1
2024-06-09 03:00+03:00,60,"RWMSC6/Local Zone of caller:LABEL=0, STATICAREAX=0",Reliable,0,0,0,0,,0,0,0
2024-06-09 04:00+03:00,60,"BUMSC5/Local Zone of caller:LABEL=0, STATICAREAX=0",Reliable,0,14978,0,23850,99.82,23807,26,0
2024-06-09 04:00+03:00,60,"RWMSC6/Local Zone of caller:LABEL=0, STATICAREAX=0",Reliable,0,0,0,0,,0,0,0
2024-06-09 05:00+03:00,60,"BUMSC5/Local Zone of caller:LABEL=0, STATICAREAX=0",Reliable,0,27218,0,40465,99.77,40372,73,3
2024-06-09 05:00+03:00,60,"RWMSC6/Local Zone of caller:LABEL=0, STATICAREAX=0",Reliable,0,0,0,0,,0,0,0
2024-06-09 06:00+03:00,60,"BUMSC5/Local Zone of caller:LABEL=0, STATICAREAX=0",Reliable,0,104555,0,148636,99.79700000000001,148334,227,3
2024-06-09 06:00+03:00,60,"RWMSC6/Local Zone of caller:LABEL=0, STATICAREAX=0",Reliable,0,0,0,0,,0,0,0
2024-06-09 07:00+03:00,60,"BUMSC5/Local Zone of caller:LABEL=0, STATICAREAX=0",Reliable,0,235869,0,345082,99.765,344272,519,22
2024-06-09 07:00+03:00,60,"RWMSC6/Local Zone of caller:LABEL=0, STATICAREAX=0",Reliable,0,0,0,9,100.0,9,0,0
2024-06-09 08:00+03:00,60,"BUMSC5/Local Zone of caller:LABEL=0, STATICAREAX=0",Reliable,0,291518,0,459313,99.759,458206,680,25
2024-06-09 08:00+03:00,60,"RWMSC6/Local Zone of caller:LABEL=0, STATICAREAX=0",Reliable,0,0,0,1,100.0,1,0,0
2024-06-09 09:00+03:00,60,"BUMSC5/Local Zone of caller:LABEL=0, STATICAREAX=0",Reliable,0,319827,0,533238,99.734,531820,761,19
2024-06-09 09:00+03:00,60,"RWMSC6/Local Zone of caller:LABEL=0, STATICAREAX=0",Reliable,0,0,0,1,100.0,1,0,0
2024-06-09 10:00+03:00,60,"BUMSC5/Local Zone of caller:LABEL=0, STATICAREAX=0",Reliable,0,331411,0,564869,99.663,562964,1012,39
2024-06-09 10:00+03:00,60,"RWMSC6/Local Zone of caller:LABEL=0, STATICAREAX=0",Reliable,0,0,0,1,100.0,1,0,0
2024-06-09 11:00+03:00,60,"BUMSC5/Local Zone of caller:LABEL=0, STATICAREAX=0",Reliable,0,362415,0,590424,99.723,588789,990,35
2024-06-09 11:00+03:00,60,"RWMSC6/Local Zone of caller:LABEL=0, STATICAREAX=0",Reliable,0,0,0,0,,0,0,0
2024-06-09 12:00+03:00,60,"BUMSC5/Local Zone of caller:LABEL=0, STATICAREAX=0",Reliable,0,376259,0,598158,99.741,596610,914,29
2024-06-09 12:00+03:00,60,"RWMSC6/Local Zone of caller:LABEL=0, STATICAREAX=0",Reliable,0,0,0,6,100.0,6,0,0
2024-06-09 13:00+03:00,60,"BUMSC5/Local Zone of caller:LABEL=0, STATICAREAX=0",Reliable,0,401142,0,630453,99.729,628745,1044,38
2024-06-09 13:00+03:00,60,"RWMSC6/Local Zone of caller:LABEL=0, STATICAREAX=0",Reliable,0,0,0,2,100.0,2,0,0
2024-06-09 14:00+03:00,60,"BUMSC5/Local Zone of caller:LABEL=0, STATICAREAX=0",Reliable,0,429172,0,672584,99.723,670722,1111,41
2024-06-09 14:00+03:00,60,"RWMSC6/Local Zone of caller:LABEL=0, STATICAREAX=0",Reliable,0,0,0,2,100.0,2,0,0
2024-06-09 15:00+03:00,60,"BUMSC5/Local Zone of caller:LABEL=0, STATICAREAX=0",Reliable,0,448988,0,694614,99.71799999999999,692658,1168,39
2024-06-09 15:00+03:00,60,"RWMSC6/Local Zone of caller:LABEL=0, STATICAREAX=0",Reliable,0,0,0,7,100.0,7,0,0
2024-06-09 16:00+03:00,60,"BUMSC5/Local Zone of caller:LABEL=0, STATICAREAX=0",Reliable,0,465338,0,713997,99.72399999999999,712029,1204,38
2024-06-09 16:00+03:00,60,"RWMSC6/Local Zone of caller:LABEL=0, STATICAREAX=0",Reliable,0,0,0,3,100.0,3,0,0
2024-06-09 17:00+03:00,60,"BUMSC5/Local Zone of caller:LABEL=0, STATICAREAX=0",Reliable,0,486243,0,738144,99.696,735897,1404,39
2024-06-09 17:00+03:00,60,"RWMSC6/Local Zone of caller:LABEL=0, STATICAREAX=0",Reliable,0,0,0,2,100.0,2,0,0
2024-06-09 18:00+03:00,60,"BUMSC5/Local Zone of caller:LABEL=0, STATICAREAX=0",Reliable,0,524815,0,789454,99.663,786793,1642,48
2024-06-09 18:00+03:00,60,"RWMSC6/Local Zone of caller:LABEL=0, STATICAREAX=0",Reliable,0,0,0,2,100.0,2,0,0
2024-06-09 19:00+03:00,60,"BUMSC5/Local Zone of caller:LABEL=0, STATICAREAX=0",Reliable,0,688863,0,999235,99.671,995945,2091,103
2024-06-09 19:00+03:00,60,"RWMSC6/Local Zone of caller:LABEL=0, STATICAREAX=0",Reliable,0,0,0,0,,0,0,0
2024-06-09 20:00+03:00,60,"BUMSC5/Local Zone of caller:LABEL=0, STATICAREAX=0",Reliable,0,678843,0,964516,99.631,960953,2291,261
2024-06-09 20:00+03:00,60,"RWMSC6/Local Zone of caller:LABEL=0, STATICAREAX=0",Reliable,0,0,0,0,,0,0,0
2024-06-09 21:00+03:00,60,"BUMSC5/Local Zone of caller:LABEL=0, STATICAREAX=0",Reliable,0,552717,0,786684,99.634,783805,1934,50
2024-06-09 21:00+03:00,60,"RWMSC6/Local Zone of caller:LABEL=0, STATICAREAX=0",Reliable,0,0,0,0,,0,0,0
2024-06-09 22:00+03:00,60,"BUMSC5/Local Zone of caller:LABEL=0, STATICAREAX=0",Reliable,0,361431,0,523637,99.67,521911,1099,56
2024-06-09 22:00+03:00,60,"RWMSC6/Local Zone of caller:LABEL=0, STATICAREAX=0",Reliable,0,0,0,0,,0,0,0
2024-06-09 23:00+03:00,60,"BUMSC5/Local Zone of caller:LABEL=0, STATICAREAX=0",Reliable,0,148531,0,226049,99.71600000000001,225406,425,5
2024-06-09 23:00+03:00,60,"RWMSC6/Local Zone of caller:LABEL=0, STATICAREAX=0",Reliable,0,0,0,0,,0,0,0
