Result Time,Granularity Period,Object Name,Reliability,Average CPU Usage
2024-06-09 00:00+03:00,60,"HSS9860-2/CPU Measurement:Location=0, Slot=9, SubRack=2",Reliable,13
2024-06-09 00:00+03:00,60,"HSS9860-2/CPU Measurement:Location=0, Slot=8, SubRack=2",Reliable,15
2024-06-09 00:00+03:00,60,"HSS9860-2/CPU Measurement:Location=0, Slot=5, SubRack=2",Reliable,14
2024-06-09 00:00+03:00,60,"HSS9860-2/CPU Measurement:Location=0, Slot=4, SubRack=2",Reliable,14
2024-06-09 00:00+03:00,60,"HSS9860-2/CPU Measurement:Location=0, Slot=3, SubRack=2",Reliable,16
2024-06-09 00:00+03:00,60,"HSS9860-2/CPU Measurement:Location=0, Slot=2, SubRack=2",Reliable,14
2024-06-09 00:00+03:00,60,"HSS9860-2/CPU Measurement:Location=0, Slot=1, SubRack=2",Reliable,13
2024-06-09 00:00+03:00,60,"HSS9860-2/CPU Measurement:Location=0, Slot=0, SubRack=2",Reliable,17
2024-06-09 01:00+03:00,60,"HSS9860-2/CPU Measurement:Location=0, Slot=9, SubRack=2",Reliable,11
2024-06-09 01:00+03:00,60,"HSS9860-2/CPU Measurement:Location=0, Slot=8, SubRack=2",Reliable,14
2024-06-09 01:00+03:00,60,"HSS9860-2/CPU Measurement:Location=0, Slot=5, SubRack=2",Reliable,13
2024-06-09 01:00+03:00,60,"HSS9860-2/CPU Measurement:Location=0, Slot=4, SubRack=2",Reliable,13
2024-06-09 01:00+03:00,60,"HSS9860-2/CPU Measurement:Location=0, Slot=3, SubRack=2",Reliable,14
2024-06-09 01:00+03:00,60,"HSS9860-2/CPU Measurement:Location=0, Slot=2, SubRack=2",Reliable,12
2024-06-09 01:00+03:00,60,"HSS9860-2/CPU Measurement:Location=0, Slot=1, SubRack=2",Reliable,12
2024-06-09 01:00+03:00,60,"HSS9860-2/CPU Measurement:Location=0, Slot=0, SubRack=2",Reliable,14
2024-06-09 02:00+03:00,60,"HSS9860-2/CPU Measurement:Location=0, Slot=9, SubRack=2",Reliable,11
2024-06-09 02:00+03:00,60,"HSS9860-2/CPU Measurement:Location=0, Slot=8, SubRack=2",Reliable,13
2024-06-09 02:00+03:00,60,"HSS9860-2/CPU Measurement:Location=0, Slot=5, SubRack=2",Reliable,12
2024-06-09 02:00+03:00,60,"HSS9860-2/CPU Measurement:Location=0, Slot=4, SubRack=2",Reliable,13
2024-06-09 02:00+03:00,60,"HSS9860-2/CPU Measurement:Location=0, Slot=3, SubRack=2",Reliable,13
2024-06-09 02:00+03:00,60,"HSS9860-2/CPU Measurement:Location=0, Slot=2, SubRack=2",Reliable,12
2024-06-09 02:00+03:00,60,"HSS9860-2/CPU Measurement:Location=0, Slot=1, SubRack=2",Reliable,11
2024-06-09 02:00+03:00,60,"HSS9860-2/CPU Measurement:Location=0, Slot=0, SubRack=2",Reliable,13
2024-06-09 03:00+03:00,60,"HSS9860-2/CPU Measurement:Location=0, Slot=9, SubRack=2",Reliable,10
2024-06-09 03:00+03:00,60,"HSS9860-2/CPU Measurement:Location=0, Slot=8, SubRack=2",Reliable,13
2024-06-09 03:00+03:00,60,"HSS9860-2/CPU Measurement:Location=0, Slot=5, SubRack=2",Reliable,12
2024-06-09 03:00+03:00,60,"HSS9860-2/CPU Measurement:Location=0, Slot=4, SubRack=2",Reliable,12
2024-06-09 03:00+03:00,60,"HSS9860-2/CPU Measurement:Location=0, Slot=3, SubRack=2",Reliable,13
2024-06-09 03:00+03:00,60,"HSS9860-2/CPU Measurement:Location=0, Slot=2, SubRack=2",Reliable,12
2024-06-09 03:00+03:00,60,"HSS9860-2/CPU Measurement:Location=0, Slot=1, SubRack=2",Reliable,10
2024-06-09 03:00+03:00,60,"HSS9860-2/CPU Measurement:Location=0, Slot=0, SubRack=2",Reliable,13
2024-06-09 04:00+03:00,60,"HSS9860-2/CPU Measurement:Location=0, Slot=9, SubRack=2",Reliable,10
2024-06-09 04:00+03:00,60,"HSS9860-2/CPU Measurement:Location=0, Slot=8, SubRack=2",Reliable,12
2024-06-09 04:00+03:00,60,"HSS9860-2/CPU Measurement:Location=0, Slot=5, SubRack=2",Reliable,12
2024-06-09 04:00+03:00,60,"HSS9860-2/CPU Measurement:Location=0, Slot=4, SubRack=2",Reliable,11
2024-06-09 04:00+03:00,60,"HSS9860-2/CPU Measurement:Location=0, Slot=3, SubRack=2",Reliable,12
2024-06-09 04:00+03:00,60,"HSS9860-2/CPU Measurement:Location=0, Slot=2, SubRack=2",Reliable,11
2024-06-09 04:00+03:00,60,"HSS9860-2/CPU Measurement:Location=0, Slot=1, SubRack=2",Reliable,10
2024-06-09 04:00+03:00,60,"HSS9860-2/CPU Measurement:Location=0, Slot=0, SubRack=2",Reliable,13
2024-06-09 05:00+03:00,60,"HSS9860-2/CPU Measurement:Location=0, Slot=9, SubRack=2",Reliable,10
2024-06-09 05:00+03:00,60,"HSS9860-2/CPU Measurement:Location=0, Slot=8, SubRack=2",Reliable,12
2024-06-09 05:00+03:00,60,"HSS9860-2/CPU Measurement:Location=0, Slot=5, SubRack=2",Reliable,12
2024-06-09 05:00+03:00,60,"HSS9860-2/CPU Measurement:Location=0, Slot=4, SubRack=2",Reliable,12
2024-06-09 05:00+03:00,60,"HSS9860-2/CPU Measurement:Location=0, Slot=3, SubRack=2",Reliable,13
2024-06-09 05:00+03:00,60,"HSS9860-2/CPU Measurement:Location=0, Slot=2, SubRack=2",Reliable,12
2024-06-09 05:00+03:00,60,"HSS9860-2/CPU Measurement:Location=0, Slot=1, SubRack=2",Reliable,10
2024-06-09 05:00+03:00,60,"HSS9860-2/CPU Measurement:Location=0, Slot=0, SubRack=2",Reliable,13
2024-06-09 06:00+03:00,60,"HSS9860-2/CPU Measurement:Location=0, Slot=9, SubRack=2",Reliable,11
2024-06-09 06:00+03:00,60,"HSS9860-2/CPU Measurement:Location=0, Slot=8, SubRack=2",Reliable,13
2024-06-09 06:00+03:00,60,"HSS9860-2/CPU Measurement:Location=0, Slot=5, SubRack=2",Reliable,13
2024-06-09 06:00+03:00,60,"HSS9860-2/CPU Measurement:Location=0, Slot=4, SubRack=2",Reliable,12
2024-06-09 06:00+03:00,60,"HSS9860-2/CPU Measurement:Location=0, Slot=3, SubRack=2",Reliable,13
2024-06-09 06:00+03:00,60,"HSS9860-2/CPU Measurement:Location=0, Slot=2, SubRack=2",Reliable,13
2024-06-09 06:00+03:00,60,"HSS9860-2/CPU Measurement:Location=0, Slot=1, SubRack=2",Reliable,11
2024-06-09 06:00+03:00,60,"HSS9860-2/CPU Measurement:Location=0, Slot=0, SubRack=2",Reliable,14
2024-06-09 07:00+03:00,60,"HSS9860-2/CPU Measurement:Location=0, Slot=9, SubRack=2",Reliable,12
2024-06-09 07:00+03:00,60,"HSS9860-2/CPU Measurement:Location=0, Slot=8, SubRack=2",Reliable,15
2024-06-09 07:00+03:00,60,"HSS9860-2/CPU Measurement:Location=0, Slot=5, SubRack=2",Reliable,15
2024-06-09 07:00+03:00,60,"HSS9860-2/CPU Measurement:Location=0, Slot=4, SubRack=2",Reliable,14
2024-06-09 07:00+03:00,60,"HSS9860-2/CPU Measurement:Location=0, Slot=3, SubRack=2",Reliable,16
2024-06-09 07:00+03:00,60,"HSS9860-2/CPU Measurement:Location=0, Slot=2, SubRack=2",Reliable,14
2024-06-09 07:00+03:00,60,"HSS9860-2/CPU Measurement:Location=0, Slot=1, SubRack=2",Reliable,13
2024-06-09 07:00+03:00,60,"HSS9860-2/CPU Measurement:Location=0, Slot=0, SubRack=2",Reliable,16
2024-06-09 07:00+03:00,60,"HSS9860-1/CPU Measurement:Location=0, Slot=9, SubRack=2",Reliable,17
2024-06-09 07:00+03:00,60,"HSS9860-1/CPU Measurement:Location=0, Slot=8, SubRack=2",Reliable,18
2024-06-09 07:00+03:00,60,"HSS9860-1/CPU Measurement:Location=0, Slot=5, SubRack=2",Reliable,15
2024-06-09 07:00+03:00,60,"HSS9860-1/CPU Measurement:Location=0, Slot=4, SubRack=2",Reliable,18
2024-06-09 07:00+03:00,60,"HSS9860-1/CPU Measurement:Location=0, Slot=3, SubRack=2",Reliable,18
2024-06-09 07:00+03:00,60,"HSS9860-1/CPU Measurement:Location=0, Slot=2, SubRack=2",Reliable,19
2024-06-09 07:00+03:00,60,"HSS9860-1/CPU Measurement:Location=0, Slot=1, SubRack=2",Reliable,19
2024-06-09 07:00+03:00,60,"HSS9860-1/CPU Measurement:Location=0, Slot=0, SubRack=2",Reliable,23
2024-06-09 08:00+03:00,60,"HSS9860-2/CPU Measurement:Location=0, Slot=9, SubRack=2",Reliable,15
2024-06-09 08:00+03:00,60,"HSS9860-2/CPU Measurement:Location=0, Slot=8, SubRack=2",Reliable,18
2024-06-09 08:00+03:00,60,"HSS9860-2/CPU Measurement:Location=0, Slot=5, SubRack=2",Reliable,17
2024-06-09 08:00+03:00,60,"HSS9860-2/CPU Measurement:Location=0, Slot=4, SubRack=2",Reliable,16
2024-06-09 08:00+03:00,60,"HSS9860-2/CPU Measurement:Location=0, Slot=3, SubRack=2",Reliable,18
2024-06-09 08:00+03:00,60,"HSS9860-2/CPU Measurement:Location=0, Slot=2, SubRack=2",Reliable,16
2024-06-09 08:00+03:00,60,"HSS9860-2/CPU Measurement:Location=0, Slot=1, SubRack=2",Reliable,16
2024-06-09 08:00+03:00,60,"HSS9860-2/CPU Measurement:Location=0, Slot=0, SubRack=2",Reliable,19
2024-06-09 08:00+03:00,60,"HSS9860-1/CPU Measurement:Location=0, Slot=9, SubRack=2",Reliable,20
2024-06-09 08:00+03:00,60,"HSS9860-1/CPU Measurement:Location=0, Slot=8, SubRack=2",Reliable,20
2024-06-09 08:00+03:00,60,"HSS9860-1/CPU Measurement:Location=0, Slot=5, SubRack=2",Reliable,18
2024-06-09 08:00+03:00,60,"HSS9860-1/CPU Measurement:Location=0, Slot=4, SubRack=2",Reliable,20
2024-06-09 08:00+03:00,60,"HSS9860-1/CPU Measurement:Location=0, Slot=3, SubRack=2",Reliable,21
2024-06-09 08:00+03:00,60,"HSS9860-1/CPU Measurement:Location=0, Slot=2, SubRack=2",Reliable,22
2024-06-09 08:00+03:00,60,"HSS9860-1/CPU Measurement:Location=0, Slot=1, SubRack=2",Reliable,22
2024-06-09 08:00+03:00,60,"HSS9860-1/CPU Measurement:Location=0, Slot=0, SubRack=2",Reliable,26
2024-06-09 09:00+03:00,60,"HSS9860-2/CPU Measurement:Location=0, Slot=9, SubRack=2",Reliable,16
2024-06-09 09:00+03:00,60,"HSS9860-2/CPU Measurement:Location=0, Slot=8, SubRack=2",Reliable,19
2024-06-09 09:00+03:00,60,"HSS9860-2/CPU Measurement:Location=0, Slot=5, SubRack=2",Reliable,18
2024-06-09 09:00+03:00,60,"HSS9860-2/CPU Measurement:Location=0, Slot=4, SubRack=2",Reliable,17
2024-06-09 09:00+03:00,60,"HSS9860-2/CPU Measurement:Location=0, Slot=3, SubRack=2",Reliable,20
2024-06-09 09:00+03:00,60,"HSS9860-2/CPU Measurement:Location=0, Slot=2, SubRack=2",Reliable,17
2024-06-09 09:00+03:00,60,"HSS9860-2/CPU Measurement:Location=0, Slot=1, SubRack=2",Reliable,17
2024-06-09 09:00+03:00,60,"HSS9860-2/CPU Measurement:Location=0, Slot=0, SubRack=2",Reliable,21
2024-06-09 09:00+03:00,60,"HSS9860-1/CPU Measurement:Location=0, Slot=9, SubRack=2",Reliable,22
2024-06-09 09:00+03:00,60,"HSS9860-1/CPU Measurement:Location=0, Slot=8, SubRack=2",Reliable,23
2024-06-09 09:00+03:00,60,"HSS9860-1/CPU Measurement:Location=0, Slot=5, SubRack=2",Reliable,20
2024-06-09 09:00+03:00,60,"HSS9860-1/CPU Measurement:Location=0, Slot=4, SubRack=2",Reliable,22
2024-06-09 09:00+03:00,60,"HSS9860-1/CPU Measurement:Location=0, Slot=3, SubRack=2",Reliable,23
2024-06-09 09:00+03:00,60,"HSS9860-1/CPU Measurement:Location=0, Slot=2, SubRack=2",Reliable,24
2024-06-09 09:00+03:00,60,"HSS9860-1/CPU Measurement:Location=0, Slot=1, SubRack=2",Reliable,24
2024-06-09 09:00+03:00,60,"HSS9860-1/CPU Measurement:Location=0, Slot=0, SubRack=2",Reliable,28
2024-06-09 10:00+03:00,60,"HSS9860-2/CPU Measurement:Location=0, Slot=9, SubRack=2",Reliable,17
2024-06-09 10:00+03:00,60,"HSS9860-2/CPU Measurement:Location=0, Slot=8, SubRack=2",Reliable,20
2024-06-09 10:00+03:00,60,"HSS9860-2/CPU Measurement:Location=0, Slot=5, SubRack=2",Reliable,18
2024-06-09 10:00+03:00,60,"HSS9860-2/CPU Measurement:Location=0, Slot=4, SubRack=2",Reliable,18
2024-06-09 10:00+03:00,60,"HSS9860-2/CPU Measurement:Location=0, Slot=3, SubRack=2",Reliable,20
2024-06-09 10:00+03:00,60,"HSS9860-2/CPU Measurement:Location=0, Slot=2, SubRack=2",Reliable,17
2024-06-09 10:00+03:00,60,"HSS9860-2/CPU Measurement:Location=0, Slot=1, SubRack=2",Reliable,18
2024-06-09 10:00+03:00,60,"HSS9860-2/CPU Measurement:Location=0, Slot=0, SubRack=2",Reliable,20
2024-06-09 11:00+03:00,60,"HSS9860-2/CPU Measurement:Location=0, Slot=9, SubRack=2",Reliable,17
2024-06-09 11:00+03:00,60,"HSS9860-2/CPU Measurement:Location=0, Slot=8, SubRack=2",Reliable,20
2024-06-09 11:00+03:00,60,"HSS9860-2/CPU Measurement:Location=0, Slot=5, SubRack=2",Reliable,18
2024-06-09 11:00+03:00,60,"HSS9860-2/CPU Measurement:Location=0, Slot=4, SubRack=2",Reliable,18
2024-06-09 11:00+03:00,60,"HSS9860-2/CPU Measurement:Location=0, Slot=3, SubRack=2",Reliable,20
2024-06-09 11:00+03:00,60,"HSS9860-2/CPU Measurement:Location=0, Slot=2, SubRack=2",Reliable,18
2024-06-09 11:00+03:00,60,"HSS9860-2/CPU Measurement:Location=0, Slot=1, SubRack=2",Reliable,18
2024-06-09 11:00+03:00,60,"HSS9860-2/CPU Measurement:Location=0, Slot=0, SubRack=2",Reliable,21
2024-06-09 11:00+03:00,60,"HSS9860-1/CPU Measurement:Location=0, Slot=9, SubRack=2",Reliable,26
2024-06-09 11:00+03:00,60,"HSS9860-1/CPU Measurement:Location=0, Slot=8, SubRack=2",Reliable,27
2024-06-09 11:00+03:00,60,"HSS9860-1/CPU Measurement:Location=0, Slot=5, SubRack=2",Reliable,23
2024-06-09 11:00+03:00,60,"HSS9860-1/CPU Measurement:Location=0, Slot=4, SubRack=2",Reliable,26
2024-06-09 11:00+03:00,60,"HSS9860-1/CPU Measurement:Location=0, Slot=3, SubRack=2",Reliable,27
2024-06-09 11:00+03:00,60,"HSS9860-1/CPU Measurement:Location=0, Slot=2, SubRack=2",Reliable,27
2024-06-09 11:00+03:00,60,"HSS9860-1/CPU Measurement:Location=0, Slot=1, SubRack=2",Reliable,29
2024-06-09 11:00+03:00,60,"HSS9860-1/CPU Measurement:Location=0, Slot=0, SubRack=2",Reliable,33
2024-06-09 12:00+03:00,60,"HSS9860-2/CPU Measurement:Location=0, Slot=9, SubRack=2",Reliable,17
2024-06-09 12:00+03:00,60,"HSS9860-2/CPU Measurement:Location=0, Slot=8, SubRack=2",Reliable,19
2024-06-09 12:00+03:00,60,"HSS9860-2/CPU Measurement:Location=0, Slot=5, SubRack=2",Reliable,18
2024-06-09 12:00+03:00,60,"HSS9860-2/CPU Measurement:Location=0, Slot=4, SubRack=2",Reliable,18
2024-06-09 12:00+03:00,60,"HSS9860-2/CPU Measurement:Location=0, Slot=3, SubRack=2",Reliable,20
2024-06-09 12:00+03:00,60,"HSS9860-2/CPU Measurement:Location=0, Slot=2, SubRack=2",Reliable,18
2024-06-09 12:00+03:00,60,"HSS9860-2/CPU Measurement:Location=0, Slot=1, SubRack=2",Reliable,18
2024-06-09 12:00+03:00,60,"HSS9860-2/CPU Measurement:Location=0, Slot=0, SubRack=2",Reliable,21
2024-06-09 12:00+03:00,60,"HSS9860-1/CPU Measurement:Location=0, Slot=9, SubRack=2",Reliable,24
2024-06-09 12:00+03:00,60,"HSS9860-1/CPU Measurement:Location=0, Slot=8, SubRack=2",Reliable,24
2024-06-09 12:00+03:00,60,"HSS9860-1/CPU Measurement:Location=0, Slot=5, SubRack=2",Reliable,22
2024-06-09 12:00+03:00,60,"HSS9860-1/CPU Measurement:Location=0, Slot=4, SubRack=2",Reliable,24
2024-06-09 12:00+03:00,60,"HSS9860-1/CPU Measurement:Location=0, Slot=3, SubRack=2",Reliable,25
2024-06-09 12:00+03:00,60,"HSS9860-1/CPU Measurement:Location=0, Slot=2, SubRack=2",Reliable,25
2024-06-09 12:00+03:00,60,"HSS9860-1/CPU Measurement:Location=0, Slot=1, SubRack=2",Reliable,26
2024-06-09 12:00+03:00,60,"HSS9860-1/CPU Measurement:Location=0, Slot=0, SubRack=2",Reliable,30
2024-06-09 13:00+03:00,60,"HSS9860-2/CPU Measurement:Location=0, Slot=9, SubRack=2",Reliable,18
2024-06-09 13:00+03:00,60,"HSS9860-2/CPU Measurement:Location=0, Slot=8, SubRack=2",Reliable,20
2024-06-09 13:00+03:00,60,"HSS9860-2/CPU Measurement:Location=0, Slot=5, SubRack=2",Reliable,19
2024-06-09 13:00+03:00,60,"HSS9860-2/CPU Measurement:Location=0, Slot=4, SubRack=2",Reliable,19
2024-06-09 13:00+03:00,60,"HSS9860-2/CPU Measurement:Location=0, Slot=3, SubRack=2",Reliable,20
2024-06-09 13:00+03:00,60,"HSS9860-2/CPU Measurement:Location=0, Slot=2, SubRack=2",Reliable,18
2024-06-09 13:00+03:00,60,"HSS9860-2/CPU Measurement:Location=0, Slot=1, SubRack=2",Reliable,19
2024-06-09 13:00+03:00,60,"HSS9860-2/CPU Measurement:Location=0, Slot=0, SubRack=2",Reliable,21
2024-06-09 13:00+03:00,60,"HSS9860-1/CPU Measurement:Location=0, Slot=9, SubRack=2",Reliable,24
2024-06-09 13:00+03:00,60,"HSS9860-1/CPU Measurement:Location=0, Slot=8, SubRack=2",Reliable,25
2024-06-09 13:00+03:00,60,"HSS9860-1/CPU Measurement:Location=0, Slot=5, SubRack=2",Reliable,22
2024-06-09 13:00+03:00,60,"HSS9860-1/CPU Measurement:Location=0, Slot=4, SubRack=2",Reliable,24
2024-06-09 13:00+03:00,60,"HSS9860-1/CPU Measurement:Location=0, Slot=3, SubRack=2",Reliable,25
2024-06-09 13:00+03:00,60,"HSS9860-1/CPU Measurement:Location=0, Slot=2, SubRack=2",Reliable,26
2024-06-09 13:00+03:00,60,"HSS9860-1/CPU Measurement:Location=0, Slot=1, SubRack=2",Reliable,27
2024-06-09 13:00+03:00,60,"HSS9860-1/CPU Measurement:Location=0, Slot=0, SubRack=2",Reliable,31
2024-06-09 14:00+03:00,60,"HSS9860-2/CPU Measurement:Location=0, Slot=9, SubRack=2",Reliable,18
2024-06-09 14:00+03:00,60,"HSS9860-2/CPU Measurement:Location=0, Slot=8, SubRack=2",Reliable,20
2024-06-09 14:00+03:00,60,"HSS9860-2/CPU Measurement:Location=0, Slot=5, SubRack=2",Reliable,19
2024-06-09 14:00+03:00,60,"HSS9860-2/CPU Measurement:Location=0, Slot=4, SubRack=2",Reliable,19
2024-06-09 14:00+03:00,60,"HSS9860-2/CPU Measurement:Location=0, Slot=3, SubRack=2",Reliable,21
2024-06-09 14:00+03:00,60,"HSS9860-2/CPU Measurement:Location=0, Slot=2, SubRack=2",Reliable,18
2024-06-09 14:00+03:00,60,"HSS9860-2/CPU Measurement:Location=0, Slot=1, SubRack=2",Reliable,19
2024-06-09 14:00+03:00,60,"HSS9860-2/CPU Measurement:Location=0, Slot=0, SubRack=2",Reliable,22
2024-06-09 14:00+03:00,60,"HSS9860-1/CPU Measurement:Location=0, Slot=9, SubRack=2",Reliable,24
2024-06-09 14:00+03:00,60,"HSS9860-1/CPU Measurement:Location=0, Slot=8, SubRack=2",Reliable,25
2024-06-09 14:00+03:00,60,"HSS9860-1/CPU Measurement:Location=0, Slot=5, SubRack=2",Reliable,22
2024-06-09 14:00+03:00,60,"HSS9860-1/CPU Measurement:Location=0, Slot=4, SubRack=2",Reliable,24
2024-06-09 14:00+03:00,60,"HSS9860-1/CPU Measurement:Location=0, Slot=3, SubRack=2",Reliable,25
2024-06-09 14:00+03:00,60,"HSS9860-1/CPU Measurement:Location=0, Slot=2, SubRack=2",Reliable,26
2024-06-09 14:00+03:00,60,"HSS9860-1/CPU Measurement:Location=0, Slot=1, SubRack=2",Reliable,27
2024-06-09 14:00+03:00,60,"HSS9860-1/CPU Measurement:Location=0, Slot=0, SubRack=2",Reliable,31
2024-06-09 15:00+03:00,60,"HSS9860-2/CPU Measurement:Location=0, Slot=9, SubRack=2",Reliable,18
2024-06-09 15:00+03:00,60,"HSS9860-2/CPU Measurement:Location=0, Slot=8, SubRack=2",Reliable,20
2024-06-09 15:00+03:00,60,"HSS9860-2/CPU Measurement:Location=0, Slot=5, SubRack=2",Reliable,19
2024-06-09 15:00+03:00,60,"HSS9860-2/CPU Measurement:Location=0, Slot=4, SubRack=2",Reliable,18
2024-06-09 15:00+03:00,60,"HSS9860-2/CPU Measurement:Location=0, Slot=3, SubRack=2",Reliable,20
2024-06-09 15:00+03:00,60,"HSS9860-2/CPU Measurement:Location=0, Slot=2, SubRack=2",Reliable,18
2024-06-09 15:00+03:00,60,"HSS9860-2/CPU Measurement:Location=0, Slot=1, SubRack=2",Reliable,19
2024-06-09 15:00+03:00,60,"HSS9860-2/CPU Measurement:Location=0, Slot=0, SubRack=2",Reliable,22
2024-06-09 15:00+03:00,60,"HSS9860-1/CPU Measurement:Location=0, Slot=9, SubRack=2",Reliable,24
2024-06-09 15:00+03:00,60,"HSS9860-1/CPU Measurement:Location=0, Slot=8, SubRack=2",Reliable,25
2024-06-09 15:00+03:00,60,"HSS9860-1/CPU Measurement:Location=0, Slot=5, SubRack=2",Reliable,22
2024-06-09 15:00+03:00,60,"HSS9860-1/CPU Measurement:Location=0, Slot=4, SubRack=2",Reliable,24
2024-06-09 15:00+03:00,60,"HSS9860-1/CPU Measurement:Location=0, Slot=3, SubRack=2",Reliable,26
2024-06-09 15:00+03:00,60,"HSS9860-1/CPU Measurement:Location=0, Slot=2, SubRack=2",Reliable,26
2024-06-09 15:00+03:00,60,"HSS9860-1/CPU Measurement:Location=0, Slot=1, SubRack=2",Reliable,28
2024-06-09 15:00+03:00,60,"HSS9860-1/CPU Measurement:Location=0, Slot=0, SubRack=2",Reliable,31
2024-06-09 16:00+03:00,60,"HSS9860-2/CPU Measurement:Location=0, Slot=9, SubRack=2",Reliable,18
2024-06-09 16:00+03:00,60,"HSS9860-2/CPU Measurement:Location=0, Slot=8, SubRack=2",Reliable,21
2024-06-09 16:00+03:00,60,"HSS9860-2/CPU Measurement:Location=0, Slot=5, SubRack=2",Reliable,19
2024-06-09 16:00+03:00,60,"HSS9860-2/CPU Measurement:Location=0, Slot=4, SubRack=2",Reliable,19
2024-06-09 16:00+03:00,60,"HSS9860-2/CPU Measurement:Location=0, Slot=3, SubRack=2",Reliable,21
2024-06-09 16:00+03:00,60,"HSS9860-2/CPU Measurement:Location=0, Slot=2, SubRack=2",Reliable,19
2024-06-09 16:00+03:00,60,"HSS9860-2/CPU Measurement:Location=0, Slot=1, SubRack=2",Reliable,19
2024-06-09 16:00+03:00,60,"HSS9860-2/CPU Measurement:Location=0, Slot=0, SubRack=2",Reliable,22
2024-06-09 16:00+03:00,60,"HSS9860-1/CPU Measurement:Location=0, Slot=9, SubRack=2",Reliable,24
2024-06-09 16:00+03:00,60,"HSS9860-1/CPU Measurement:Location=0, Slot=8, SubRack=2",Reliable,25
2024-06-09 16:00+03:00,60,"HSS9860-1/CPU Measurement:Location=0, Slot=5, SubRack=2",Reliable,22
2024-06-09 16:00+03:00,60,"HSS9860-1/CPU Measurement:Location=0, Slot=4, SubRack=2",Reliable,24
2024-06-09 16:00+03:00,60,"HSS9860-1/CPU Measurement:Location=0, Slot=3, SubRack=2",Reliable,26
2024-06-09 16:00+03:00,60,"HSS9860-1/CPU Measurement:Location=0, Slot=2, SubRack=2",Reliable,26
2024-06-09 16:00+03:00,60,"HSS9860-1/CPU Measurement:Location=0, Slot=1, SubRack=2",Reliable,28
2024-06-09 16:00+03:00,60,"HSS9860-1/CPU Measurement:Location=0, Slot=0, SubRack=2",Reliable,31
2024-06-09 17:00+03:00,60,"HSS9860-2/CPU Measurement:Location=0, Slot=9, SubRack=2",Reliable,18
2024-06-09 17:00+03:00,60,"HSS9860-2/CPU Measurement:Location=0, Slot=8, SubRack=2",Reliable,20
2024-06-09 17:00+03:00,60,"HSS9860-2/CPU Measurement:Location=0, Slot=5, SubRack=2",Reliable,19
2024-06-09 17:00+03:00,60,"HSS9860-2/CPU Measurement:Location=0, Slot=4, SubRack=2",Reliable,19
2024-06-09 17:00+03:00,60,"HSS9860-2/CPU Measurement:Location=0, Slot=3, SubRack=2",Reliable,21
2024-06-09 17:00+03:00,60,"HSS9860-2/CPU Measurement:Location=0, Slot=2, SubRack=2",Reliable,18
2024-06-09 17:00+03:00,60,"HSS9860-2/CPU Measurement:Location=0, Slot=1, SubRack=2",Reliable,19
2024-06-09 17:00+03:00,60,"HSS9860-2/CPU Measurement:Location=0, Slot=0, SubRack=2",Reliable,22
2024-06-09 17:00+03:00,60,"HSS9860-1/CPU Measurement:Location=0, Slot=9, SubRack=2",Reliable,24
2024-06-09 17:00+03:00,60,"HSS9860-1/CPU Measurement:Location=0, Slot=8, SubRack=2",Reliable,26
2024-06-09 17:00+03:00,60,"HSS9860-1/CPU Measurement:Location=0, Slot=5, SubRack=2",Reliable,23
2024-06-09 17:00+03:00,60,"HSS9860-1/CPU Measurement:Location=0, Slot=4, SubRack=2",Reliable,25
2024-06-09 17:00+03:00,60,"HSS9860-1/CPU Measurement:Location=0, Slot=3, SubRack=2",Reliable,26
2024-06-09 17:00+03:00,60,"HSS9860-1/CPU Measurement:Location=0, Slot=2, SubRack=2",Reliable,27
2024-06-09 17:00+03:00,60,"HSS9860-1/CPU Measurement:Location=0, Slot=1, SubRack=2",Reliable,28
2024-06-09 17:00+03:00,60,"HSS9860-1/CPU Measurement:Location=0, Slot=0, SubRack=2",Reliable,32
2024-06-09 18:00+03:00,60,"HSS9860-2/CPU Measurement:Location=0, Slot=9, SubRack=2",Reliable,18
2024-06-09 18:00+03:00,60,"HSS9860-2/CPU Measurement:Location=0, Slot=8, SubRack=2",Reliable,20
2024-06-09 18:00+03:00,60,"HSS9860-2/CPU Measurement:Location=0, Slot=5, SubRack=2",Reliable,20
2024-06-09 18:00+03:00,60,"HSS9860-2/CPU Measurement:Location=0, Slot=4, SubRack=2",Reliable,19
2024-06-09 18:00+03:00,60,"HSS9860-2/CPU Measurement:Location=0, Slot=3, SubRack=2",Reliable,21
2024-06-09 18:00+03:00,60,"HSS9860-2/CPU Measurement:Location=0, Slot=2, SubRack=2",Reliable,19
2024-06-09 18:00+03:00,60,"HSS9860-2/CPU Measurement:Location=0, Slot=1, SubRack=2",Reliable,20
2024-06-09 18:00+03:00,60,"HSS9860-2/CPU Measurement:Location=0, Slot=0, SubRack=2",Reliable,23
2024-06-09 18:00+03:00,60,"HSS9860-1/CPU Measurement:Location=0, Slot=9, SubRack=2",Reliable,25
2024-06-09 18:00+03:00,60,"HSS9860-1/CPU Measurement:Location=0, Slot=8, SubRack=2",Reliable,26
2024-06-09 18:00+03:00,60,"HSS9860-1/CPU Measurement:Location=0, Slot=5, SubRack=2",Reliable,23
2024-06-09 18:00+03:00,60,"HSS9860-1/CPU Measurement:Location=0, Slot=4, SubRack=2",Reliable,25
2024-06-09 18:00+03:00,60,"HSS9860-1/CPU Measurement:Location=0, Slot=3, SubRack=2",Reliable,26
2024-06-09 18:00+03:00,60,"HSS9860-1/CPU Measurement:Location=0, Slot=2, SubRack=2",Reliable,27
2024-06-09 18:00+03:00,60,"HSS9860-1/CPU Measurement:Location=0, Slot=1, SubRack=2",Reliable,28
2024-06-09 18:00+03:00,60,"HSS9860-1/CPU Measurement:Location=0, Slot=0, SubRack=2",Reliable,32
2024-06-09 19:00+03:00,60,"HSS9860-2/CPU Measurement:Location=0, Slot=9, SubRack=2",Reliable,19
2024-06-09 19:00+03:00,60,"HSS9860-2/CPU Measurement:Location=0, Slot=8, SubRack=2",Reliable,21
2024-06-09 19:00+03:00,60,"HSS9860-2/CPU Measurement:Location=0, Slot=5, SubRack=2",Reliable,21
2024-06-09 19:00+03:00,60,"HSS9860-2/CPU Measurement:Location=0, Slot=4, SubRack=2",Reliable,20
2024-06-09 19:00+03:00,60,"HSS9860-2/CPU Measurement:Location=0, Slot=3, SubRack=2",Reliable,22
2024-06-09 19:00+03:00,60,"HSS9860-2/CPU Measurement:Location=0, Slot=2, SubRack=2",Reliable,20
2024-06-09 19:00+03:00,60,"HSS9860-2/CPU Measurement:Location=0, Slot=1, SubRack=2",Reliable,20
2024-06-09 19:00+03:00,60,"HSS9860-2/CPU Measurement:Location=0, Slot=0, SubRack=2",Reliable,23
2024-06-09 19:00+03:00,60,"HSS9860-1/CPU Measurement:Location=0, Slot=9, SubRack=2",Reliable,25
2024-06-09 19:00+03:00,60,"HSS9860-1/CPU Measurement:Location=0, Slot=8, SubRack=2",Reliable,27
2024-06-09 19:00+03:00,60,"HSS9860-1/CPU Measurement:Location=0, Slot=5, SubRack=2",Reliable,24
2024-06-09 19:00+03:00,60,"HSS9860-1/CPU Measurement:Location=0, Slot=4, SubRack=2",Reliable,25
2024-06-09 19:00+03:00,60,"HSS9860-1/CPU Measurement:Location=0, Slot=3, SubRack=2",Reliable,27
2024-06-09 19:00+03:00,60,"HSS9860-1/CPU Measurement:Location=0, Slot=2, SubRack=2",Reliable,28
2024-06-09 19:00+03:00,60,"HSS9860-1/CPU Measurement:Location=0, Slot=1, SubRack=2",Reliable,30
2024-06-09 19:00+03:00,60,"HSS9860-1/CPU Measurement:Location=0, Slot=0, SubRack=2",Reliable,33
2024-06-09 20:00+03:00,60,"HSS9860-2/CPU Measurement:Location=0, Slot=9, SubRack=2",Reliable,21
2024-06-09 20:00+03:00,60,"HSS9860-2/CPU Measurement:Location=0, Slot=8, SubRack=2",Reliable,23
2024-06-09 20:00+03:00,60,"HSS9860-2/CPU Measurement:Location=0, Slot=5, SubRack=2",Reliable,22
2024-06-09 20:00+03:00,60,"HSS9860-2/CPU Measurement:Location=0, Slot=4, SubRack=2",Reliable,22
2024-06-09 20:00+03:00,60,"HSS9860-2/CPU Measurement:Location=0, Slot=3, SubRack=2",Reliable,24
2024-06-09 20:00+03:00,60,"HSS9860-2/CPU Measurement:Location=0, Slot=2, SubRack=2",Reliable,21
2024-06-09 20:00+03:00,60,"HSS9860-2/CPU Measurement:Location=0, Slot=1, SubRack=2",Reliable,22
2024-06-09 20:00+03:00,60,"HSS9860-2/CPU Measurement:Location=0, Slot=0, SubRack=2",Reliable,25
2024-06-09 20:00+03:00,60,"HSS9860-1/CPU Measurement:Location=0, Slot=9, SubRack=2",Reliable,28
2024-06-09 20:00+03:00,60,"HSS9860-1/CPU Measurement:Location=0, Slot=8, SubRack=2",Reliable,29
2024-06-09 20:00+03:00,60,"HSS9860-1/CPU Measurement:Location=0, Slot=5, SubRack=2",Reliable,26
2024-06-09 20:00+03:00,60,"HSS9860-1/CPU Measurement:Location=0, Slot=4, SubRack=2",Reliable,27
2024-06-09 20:00+03:00,60,"HSS9860-1/CPU Measurement:Location=0, Slot=3, SubRack=2",Reliable,30
2024-06-09 20:00+03:00,60,"HSS9860-1/CPU Measurement:Location=0, Slot=2, SubRack=2",Reliable,30
2024-06-09 20:00+03:00,60,"HSS9860-1/CPU Measurement:Location=0, Slot=1, SubRack=2",Reliable,32
2024-06-09 20:00+03:00,60,"HSS9860-1/CPU Measurement:Location=0, Slot=0, SubRack=2",Reliable,35
2024-06-09 21:00+03:00,60,"HSS9860-2/CPU Measurement:Location=0, Slot=9, SubRack=2",Reliable,20
2024-06-09 21:00+03:00,60,"HSS9860-2/CPU Measurement:Location=0, Slot=8, SubRack=2",Reliable,22
2024-06-09 21:00+03:00,60,"HSS9860-2/CPU Measurement:Location=0, Slot=5, SubRack=2",Reliable,21
2024-06-09 21:00+03:00,60,"HSS9860-2/CPU Measurement:Location=0, Slot=4, SubRack=2",Reliable,21
2024-06-09 21:00+03:00,60,"HSS9860-2/CPU Measurement:Location=0, Slot=3, SubRack=2",Reliable,23
2024-06-09 21:00+03:00,60,"HSS9860-2/CPU Measurement:Location=0, Slot=2, SubRack=2",Reliable,21
2024-06-09 21:00+03:00,60,"HSS9860-2/CPU Measurement:Location=0, Slot=1, SubRack=2",Reliable,21
2024-06-09 21:00+03:00,60,"HSS9860-2/CPU Measurement:Location=0, Slot=0, SubRack=2",Reliable,24
2024-06-09 21:00+03:00,60,"HSS9860-1/CPU Measurement:Location=0, Slot=9, SubRack=2",Reliable,27
2024-06-09 21:00+03:00,60,"HSS9860-1/CPU Measurement:Location=0, Slot=8, SubRack=2",Reliable,28
2024-06-09 21:00+03:00,60,"HSS9860-1/CPU Measurement:Location=0, Slot=5, SubRack=2",Reliable,25
2024-06-09 21:00+03:00,60,"HSS9860-1/CPU Measurement:Location=0, Slot=4, SubRack=2",Reliable,26
2024-06-09 21:00+03:00,60,"HSS9860-1/CPU Measurement:Location=0, Slot=3, SubRack=2",Reliable,29
2024-06-09 21:00+03:00,60,"HSS9860-1/CPU Measurement:Location=0, Slot=2, SubRack=2",Reliable,29
2024-06-09 21:00+03:00,60,"HSS9860-1/CPU Measurement:Location=0, Slot=1, SubRack=2",Reliable,31
2024-06-09 21:00+03:00,60,"HSS9860-1/CPU Measurement:Location=0, Slot=0, SubRack=2",Reliable,34
2024-06-09 22:00+03:00,60,"HSS9860-2/CPU Measurement:Location=0, Slot=9, SubRack=2",Reliable,18
2024-06-09 22:00+03:00,60,"HSS9860-2/CPU Measurement:Location=0, Slot=8, SubRack=2",Reliable,20
2024-06-09 22:00+03:00,60,"HSS9860-2/CPU Measurement:Location=0, Slot=5, SubRack=2",Reliable,20
2024-06-09 22:00+03:00,60,"HSS9860-2/CPU Measurement:Location=0, Slot=4, SubRack=2",Reliable,19
2024-06-09 22:00+03:00,60,"HSS9860-2/CPU Measurement:Location=0, Slot=3, SubRack=2",Reliable,21
2024-06-09 22:00+03:00,60,"HSS9860-2/CPU Measurement:Location=0, Slot=2, SubRack=2",Reliable,19
2024-06-09 22:00+03:00,60,"HSS9860-2/CPU Measurement:Location=0, Slot=1, SubRack=2",Reliable,20
2024-06-09 22:00+03:00,60,"HSS9860-2/CPU Measurement:Location=0, Slot=0, SubRack=2",Reliable,22
2024-06-09 22:00+03:00,60,"HSS9860-1/CPU Measurement:Location=0, Slot=9, SubRack=2",Reliable,25
2024-06-09 22:00+03:00,60,"HSS9860-1/CPU Measurement:Location=0, Slot=8, SubRack=2",Reliable,26
2024-06-09 22:00+03:00,60,"HSS9860-1/CPU Measurement:Location=0, Slot=5, SubRack=2",Reliable,23
2024-06-09 22:00+03:00,60,"HSS9860-1/CPU Measurement:Location=0, Slot=4, SubRack=2",Reliable,25
2024-06-09 22:00+03:00,60,"HSS9860-1/CPU Measurement:Location=0, Slot=3, SubRack=2",Reliable,26
2024-06-09 22:00+03:00,60,"HSS9860-1/CPU Measurement:Location=0, Slot=2, SubRack=2",Reliable,27
2024-06-09 22:00+03:00,60,"HSS9860-1/CPU Measurement:Location=0, Slot=1, SubRack=2",Reliable,28
2024-06-09 22:00+03:00,60,"HSS9860-1/CPU Measurement:Location=0, Slot=0, SubRack=2",Reliable,32
2024-06-09 23:00+03:00,60,"HSS9860-2/CPU Measurement:Location=0, Slot=9, SubRack=2",Reliable,15
2024-06-09 23:00+03:00,60,"HSS9860-2/CPU Measurement:Location=0, Slot=8, SubRack=2",Reliable,17
2024-06-09 23:00+03:00,60,"HSS9860-2/CPU Measurement:Location=0, Slot=5, SubRack=2",Reliable,17
2024-06-09 23:00+03:00,60,"HSS9860-2/CPU Measurement:Location=0, Slot=4, SubRack=2",Reliable,17
2024-06-09 23:00+03:00,60,"HSS9860-2/CPU Measurement:Location=0, Slot=3, SubRack=2",Reliable,18
2024-06-09 23:00+03:00,60,"HSS9860-2/CPU Measurement:Location=0, Slot=2, SubRack=2",Reliable,16
2024-06-09 23:00+03:00,60,"HSS9860-2/CPU Measurement:Location=0, Slot=1, SubRack=2",Reliable,16
2024-06-09 23:00+03:00,60,"HSS9860-2/CPU Measurement:Location=0, Slot=0, SubRack=2",Reliable,19
2024-06-09 23:00+03:00,60,"HSS9860-1/CPU Measurement:Location=0, Slot=9, SubRack=2",Reliable,21
2024-06-09 23:00+03:00,60,"HSS9860-1/CPU Measurement:Location=0, Slot=8, SubRack=2",Reliable,22
2024-06-09 23:00+03:00,60,"HSS9860-1/CPU Measurement:Location=0, Slot=5, SubRack=2",Reliable,19
2024-06-09 23:00+03:00,60,"HSS9860-1/CPU Measurement:Location=0, Slot=4, SubRack=2",Reliable,21
2024-06-09 23:00+03:00,60,"HSS9860-1/CPU Measurement:Location=0, Slot=3, SubRack=2",Reliable,22
2024-06-09 23:00+03:00,60,"HSS9860-1/CPU Measurement:Location=0, Slot=2, SubRack=2",Reliable,23
2024-06-09 23:00+03:00,60,"HSS9860-1/CPU Measurement:Location=0, Slot=1, SubRack=2",Reliable,24
2024-06-09 23:00+03:00,60,"HSS9860-1/CPU Measurement:Location=0, Slot=0, SubRack=2",Reliable,27
