Result Time,Granularity Period,Object Name,Reliability,Attached Subs,HSS Subs (with LTE Profile),Total HSS Subs (2G+3G+LTE)
2024-06-09 00:00+03:00,60,HSS9860-2/Measurement object ID:Measurement OBJECT ID=OBJECT0,Reliable,3912317,7038760,31961584
2024-06-09 01:00+03:00,60,HSS9860-2/Measurement object ID:Measurement OBJECT ID=OBJECT0,Reliable,3912317,7038760,31961584
2024-06-09 02:00+03:00,60,HSS9860-2/Measurement object ID:Measurement OBJECT ID=OBJECT0,Reliable,3912317,7038760,31961810
2024-06-09 03:00+03:00,60,HSS9860-2/Measurement object ID:Measurement OBJECT ID=OBJECT0,Reliable,3915383,7062935,31985985
2024-06-09 04:00+03:00,60,HSS9860-2/Measurement object ID:Measurement OBJECT ID=OBJECT0,Reliable,3915383,7062935,31985985
2024-06-09 05:00+03:00,60,HSS9860-2/Measurement object ID:Measurement OBJECT ID=OBJECT0,Reliable,3915383,7062935,31985985
2024-06-09 06:00+03:00,60,HSS9860-2/Measurement object ID:Measurement OBJECT ID=OBJECT0,Reliable,3915383,7062935,31985985
2024-06-09 07:00+03:00,60,HSS9860-2/Measurement object ID:Measurement OBJECT ID=OBJECT0,Reliable,3915383,7062935,31985985
2024-06-09 07:00+03:00,60,HSS9860-1/Measurement object ID:Measurement OBJECT ID=OBJECT0,Reliable,3915383,7062935,31985985
2024-06-09 08:00+03:00,60,HSS9860-2/Measurement object ID:Measurement OBJECT ID=OBJECT0,Reliable,3915383,7062935,31985985
2024-06-09 08:00+03:00,60,HSS9860-1/Measurement object ID:Measurement OBJECT ID=OBJECT0,Reliable,3915383,7062935,31985985
2024-06-09 09:00+03:00,60,HSS9860-2/Measurement object ID:Measurement OBJECT ID=OBJECT0,Reliable,3915383,7062935,31985985
2024-06-09 09:00+03:00,60,HSS9860-1/Measurement object ID:Measurement OBJECT ID=OBJECT0,Reliable,3915383,7062935,31985985
2024-06-09 10:00+03:00,60,HSS9860-2/Measurement object ID:Measurement OBJECT ID=OBJECT0,Reliable,3915383,7062935,31985985
2024-06-09 11:00+03:00,60,HSS9860-2/Measurement object ID:Measurement OBJECT ID=OBJECT0,Reliable,3915383,7062935,31985985
2024-06-09 12:00+03:00,60,HSS9860-2/Measurement object ID:Measurement OBJECT ID=OBJECT0,Reliable,3915383,7062935,31985985
2024-06-09 12:00+03:00,60,HSS9860-1/Measurement object ID:Measurement OBJECT ID=OBJECT0,Reliable,3915383,7062935,31985985
2024-06-09 13:00+03:00,60,HSS9860-2/Measurement object ID:Measurement OBJECT ID=OBJECT0,Reliable,3915383,7062935,31985985
2024-06-09 13:00+03:00,60,HSS9860-1/Measurement object ID:Measurement OBJECT ID=OBJECT0,Reliable,3915383,7062935,31985985
2024-06-09 14:00+03:00,60,HSS9860-2/Measurement object ID:Measurement OBJECT ID=OBJECT0,Reliable,3915383,7062935,31985985
2024-06-09 14:00+03:00,60,HSS9860-1/Measurement object ID:Measurement OBJECT ID=OBJECT0,Reliable,3915383,7062935,31985985
2024-06-09 15:00+03:00,60,HSS9860-2/Measurement object ID:Measurement OBJECT ID=OBJECT0,Reliable,3915383,7062935,31985985
2024-06-09 15:00+03:00,60,HSS9860-1/Measurement object ID:Measurement OBJECT ID=OBJECT0,Reliable,3915383,7062935,31985985
2024-06-09 16:00+03:00,60,HSS9860-2/Measurement object ID:Measurement OBJECT ID=OBJECT0,Reliable,3915383,7062935,31985985
2024-06-09 16:00+03:00,60,HSS9860-1/Measurement object ID:Measurement OBJECT ID=OBJECT0,Reliable,3915383,7062935,31985985
2024-06-09 17:00+03:00,60,HSS9860-2/Measurement object ID:Measurement OBJECT ID=OBJECT0,Reliable,3915383,7062935,31985985
2024-06-09 17:00+03:00,60,HSS9860-1/Measurement object ID:Measurement OBJECT ID=OBJECT0,Reliable,3915383,7062935,31985985
2024-06-09 18:00+03:00,60,HSS9860-2/Measurement object ID:Measurement OBJECT ID=OBJECT0,Reliable,3915383,7062935,31985985
2024-06-09 18:00+03:00,60,HSS9860-1/Measurement object ID:Measurement OBJECT ID=OBJECT0,Reliable,3915383,7062935,31985985
2024-06-09 19:00+03:00,60,HSS9860-2/Measurement object ID:Measurement OBJECT ID=OBJECT0,Reliable,3915383,7062935,31985985
2024-06-09 19:00+03:00,60,HSS9860-1/Measurement object ID:Measurement OBJECT ID=OBJECT0,Reliable,3915383,7062935,31985985
2024-06-09 20:00+03:00,60,HSS9860-2/Measurement object ID:Measurement OBJECT ID=OBJECT0,Reliable,3915383,7062935,31985985
2024-06-09 20:00+03:00,60,HSS9860-1/Measurement object ID:Measurement OBJECT ID=OBJECT0,Reliable,3915383,7062935,31985985
2024-06-09 21:00+03:00,60,HSS9860-2/Measurement object ID:Measurement OBJECT ID=OBJECT0,Reliable,3915383,7062935,31985985
2024-06-09 21:00+03:00,60,HSS9860-1/Measurement object ID:Measurement OBJECT ID=OBJECT0,Reliable,3915383,7062935,31985985
2024-06-09 22:00+03:00,60,HSS9860-2/Measurement object ID:Measurement OBJECT ID=OBJECT0,Reliable,3915383,7062935,31985985
2024-06-09 22:00+03:00,60,HSS9860-1/Measurement object ID:Measurement OBJECT ID=OBJECT0,Reliable,3915383,7062935,31985985
2024-06-09 23:00+03:00,60,HSS9860-2/Measurement object ID:Measurement OBJECT ID=OBJECT0,Reliable,3915383,7062935,31985985
2024-06-09 23:00+03:00,60,HSS9860-1/Measurement object ID:Measurement OBJECT ID=OBJECT0,Reliable,3915383,7062935,31985985
