Result Time,Granularity Period,Object Name,Reliability,Call Attempts,Global BHCA,Incoming Answer Times,Originated Answer Times,Peak_Processor_Load,Peak_Processor_Load_Denom,Peak_Processor_Load_Nom
2024-06-05 00:00+03:00,60,AHMSC3/MSCServerFunction:AHMSC3,Reliable,395201,375772,59070,60679,30.301,395201,119749
2024-06-05 00:00+03:00,60,BUMSC1/MSCServerFunction:BUMSC1,Reliable,424191,401091,51970,60232,26.451,424191,112202
2024-06-05 00:00+03:00,60,BUMSC2/MSCServerFunction:BUMSC2,Reliable,352499,333422,54406,60750,32.668,352499,115156
2024-06-05 00:00+03:00,60,AHMSC4/MSCServerFunction:AHMSC4,Reliable,327641,310841,46987,60985,32.954,327641,107972
2024-06-05 01:00+03:00,60,AHMSC3/MSCServerFunction:AHMSC3,Reliable,172977,164339,24459,24914,28.543000000000003,172977,49373
2024-06-05 01:00+03:00,60,BUMSC1/MSCServerFunction:BUMSC1,Reliable,182355,172291,21705,24474,25.324,182355,46179
2024-06-05 01:00+03:00,60,BUMSC2/MSCServerFunction:BUMSC2,Reliable,150162,141641,22177,24789,31.276999999999997,150162,46966
2024-06-05 01:00+03:00,60,AHMSC4/MSCServerFunction:AHMSC4,Reliable,139364,132125,19319,25065,31.848000000000003,139364,44384
2024-06-05 02:00+03:00,60,AHMSC3/MSCServerFunction:AHMSC3,Reliable,102558,97162,13786,13752,26.851,102558,27538
2024-06-05 02:00+03:00,60,BUMSC1/MSCServerFunction:BUMSC1,Reliable,109697,103602,11926,13503,23.180999999999997,109697,25429
2024-06-05 02:00+03:00,60,BUMSC2/MSCServerFunction:BUMSC2,Reliable,93465,88224,12461,14139,28.46,93465,26600
2024-06-05 02:00+03:00,60,AHMSC4/MSCServerFunction:AHMSC4,Reliable,82801,78445,10922,13829,29.892,82801,24751
2024-06-05 03:00+03:00,60,AHMSC3/MSCServerFunction:AHMSC3,Reliable,91767,87010,11837,12021,25.998,91767,23858
2024-06-05 03:00+03:00,60,BUMSC1/MSCServerFunction:BUMSC1,Reliable,101930,96697,10436,12048,22.058000000000003,101930,22484
2024-06-05 03:00+03:00,60,BUMSC2/MSCServerFunction:BUMSC2,Reliable,81876,77319,10798,12136,28.011,81876,22934
2024-06-05 03:00+03:00,60,AHMSC4/MSCServerFunction:AHMSC4,Reliable,74409,70626,9454,12110,28.98,74409,21564
2024-06-05 04:00+03:00,60,AHMSC3/MSCServerFunction:AHMSC3,Reliable,103800,98404,15369,15787,30.015,103800,31156
2024-06-05 04:00+03:00,60,BUMSC1/MSCServerFunction:BUMSC1,Reliable,107105,101160,13510,15833,27.396,107105,29343
2024-06-05 04:00+03:00,60,BUMSC2/MSCServerFunction:BUMSC2,Reliable,88885,83817,14158,15528,33.398,88885,29686
2024-06-05 04:00+03:00,60,AHMSC4/MSCServerFunction:AHMSC4,Reliable,83616,79318,12183,16026,33.736,83616,28209
2024-06-05 05:00+03:00,60,AHMSC3/MSCServerFunction:AHMSC3,Reliable,240588,228662,40563,41719,34.2,240588,82282
2024-06-05 05:00+03:00,60,BUMSC1/MSCServerFunction:BUMSC1,Reliable,259252,245053,35870,41303,29.768,259252,77173
2024-06-05 05:00+03:00,60,BUMSC2/MSCServerFunction:BUMSC2,Reliable,212368,200731,36559,42542,37.247,212368,79101
2024-06-05 05:00+03:00,60,AHMSC4/MSCServerFunction:AHMSC4,Reliable,198793,188713,32784,41727,37.482,198793,74511
2024-06-05 06:00+03:00,60,AHMSC3/MSCServerFunction:AHMSC3,Reliable,967801,919529,165319,173045,34.961999999999996,967801,338364
2024-06-05 06:00+03:00,60,BUMSC1/MSCServerFunction:BUMSC1,Reliable,1065086,1004373,147465,172338,30.026,1065086,319803
2024-06-05 06:00+03:00,60,BUMSC2/MSCServerFunction:BUMSC2,Reliable,849401,801736,150961,172311,38.059,849401,323272
2024-06-05 06:00+03:00,60,AHMSC4/MSCServerFunction:AHMSC4,Reliable,798118,755718,133345,173560,38.454,798118,306905
2024-06-05 07:00+03:00,60,AHMSC3/MSCServerFunction:AHMSC3,Reliable,2163342,2064166,401589,418681,37.917,2163342,820270
2024-06-05 07:00+03:00,60,BUMSC1/MSCServerFunction:BUMSC1,Reliable,2342351,2222848,357701,417137,33.08,2342351,774838
2024-06-05 07:00+03:00,60,BUMSC2/MSCServerFunction:BUMSC2,Reliable,1917502,1820004,365262,419857,40.945,1917502,785119
2024-06-05 07:00+03:00,60,AHMSC4/MSCServerFunction:AHMSC4,Reliable,1799193,1712770,325274,420099,41.428000000000004,1799193,745373
2024-06-05 08:00+03:00,60,AHMSC3/MSCServerFunction:AHMSC3,Reliable,2746351,2631499,541104,562024,40.167,2746351,1103128
2024-06-05 08:00+03:00,60,BUMSC1/MSCServerFunction:BUMSC1,Reliable,2919341,2784462,485416,558121,35.746,2919341,1043537
2024-06-05 08:00+03:00,60,BUMSC2/MSCServerFunction:BUMSC2,Reliable,2442503,2330067,492724,557669,43.005,2442503,1050393
2024-06-05 08:00+03:00,60,AHMSC4/MSCServerFunction:AHMSC4,Reliable,2292962,2192927,437773,560835,43.551,2292962,998608
2024-06-05 09:00+03:00,60,AHMSC3/MSCServerFunction:AHMSC3,Reliable,3019017,2897237,614949,635145,41.407,3019017,1250094
2024-06-05 09:00+03:00,60,BUMSC1/MSCServerFunction:BUMSC1,Reliable,3184668,3043588,549494,628499,36.99,3184668,1177993
2024-06-05 09:00+03:00,60,BUMSC2/MSCServerFunction:BUMSC2,Reliable,2701743,2582436,564027,627988,44.12,2701743,1192015
2024-06-05 09:00+03:00,60,AHMSC4/MSCServerFunction:AHMSC4,Reliable,2527536,2421869,494791,633638,44.645,2527536,1128429
2024-06-05 10:00+03:00,60,AHMSC3/MSCServerFunction:AHMSC3,Reliable,3222414,3092880,660491,677433,41.519,3222414,1337924
2024-06-05 10:00+03:00,60,BUMSC1/MSCServerFunction:BUMSC1,Reliable,3363495,3215465,586797,671664,37.415,3363495,1258461
2024-06-05 10:00+03:00,60,BUMSC2/MSCServerFunction:BUMSC2,Reliable,2880130,2752886,603420,673620,44.34,2880130,1277040
2024-06-05 10:00+03:00,60,AHMSC4/MSCServerFunction:AHMSC4,Reliable,2698976,2586470,530778,678918,44.821000000000005,2698976,1209696
2024-06-05 11:00+03:00,60,AHMSC3/MSCServerFunction:AHMSC3,Reliable,3219349,3087893,657151,674221,41.355,3219349,1331372
2024-06-05 11:00+03:00,60,BUMSC1/MSCServerFunction:BUMSC1,Reliable,3349307,3200102,583678,668201,37.376999999999995,3349307,1251879
2024-06-05 11:00+03:00,60,BUMSC2/MSCServerFunction:BUMSC2,Reliable,2881375,2752328,602099,669609,44.135,2881375,1271708
2024-06-05 11:00+03:00,60,AHMSC4/MSCServerFunction:AHMSC4,Reliable,2692799,2578060,526913,675541,44.653999999999996,2692799,1202454
2024-06-05 12:00+03:00,60,AHMSC3/MSCServerFunction:AHMSC3,Reliable,3186249,3053859,649109,663726,41.203,3186249,1312835
2024-06-05 12:00+03:00,60,BUMSC1/MSCServerFunction:BUMSC1,Reliable,3306700,3156740,574629,656797,37.24,3306700,1231426
2024-06-05 12:00+03:00,60,BUMSC2/MSCServerFunction:BUMSC2,Reliable,2842461,2712396,591346,659995,44.023,2842461,1251341
2024-06-05 12:00+03:00,60,AHMSC4/MSCServerFunction:AHMSC4,Reliable,2660736,2546136,518696,664467,44.468,2660736,1183163
2024-06-05 13:00+03:00,60,AHMSC3/MSCServerFunction:AHMSC3,Reliable,3250474,3115705,654410,669865,40.741,3250474,1324275
2024-06-05 13:00+03:00,60,BUMSC1/MSCServerFunction:BUMSC1,Reliable,3371114,3219004,580529,664859,36.943000000000005,3371114,1245388
2024-06-05 13:00+03:00,60,BUMSC2/MSCServerFunction:BUMSC2,Reliable,2903729,2770855,598473,668656,43.638000000000005,2903729,1267129
2024-06-05 13:00+03:00,60,AHMSC4/MSCServerFunction:AHMSC4,Reliable,2716348,2597960,524658,671218,44.025,2716348,1195876
2024-06-05 14:00+03:00,60,AHMSC3/MSCServerFunction:AHMSC3,Reliable,3173523,3038335,634830,651814,40.543,3173523,1286644
2024-06-05 14:00+03:00,60,BUMSC1/MSCServerFunction:BUMSC1,Reliable,3277123,3125459,564123,643817,36.86,3277123,1207940
2024-06-05 14:00+03:00,60,BUMSC2/MSCServerFunction:BUMSC2,Reliable,2830432,2698186,582518,647916,43.472,2830432,1230434
2024-06-05 14:00+03:00,60,AHMSC4/MSCServerFunction:AHMSC4,Reliable,2641163,2523753,509666,650498,43.926,2641163,1160164
2024-06-05 15:00+03:00,60,AHMSC3/MSCServerFunction:AHMSC3,Reliable,3095540,2960550,612723,627390,40.061,3095540,1240113
2024-06-05 15:00+03:00,60,BUMSC1/MSCServerFunction:BUMSC1,Reliable,3190149,3039379,542484,620797,36.465,3190149,1163281
2024-06-05 15:00+03:00,60,BUMSC2/MSCServerFunction:BUMSC2,Reliable,2759546,2627652,561727,624507,42.986999999999995,2759546,1186234
2024-06-05 15:00+03:00,60,AHMSC4/MSCServerFunction:AHMSC4,Reliable,2570476,2454168,489820,627290,43.458999999999996,2570476,1117110
2024-06-05 16:00+03:00,60,AHMSC3/MSCServerFunction:AHMSC3,Reliable,3211320,3072180,626290,644611,39.576,3211320,1270901
2024-06-05 16:00+03:00,60,BUMSC1/MSCServerFunction:BUMSC1,Reliable,3307692,3151722,556746,635793,36.054,3307692,1192539
2024-06-05 16:00+03:00,60,BUMSC2/MSCServerFunction:BUMSC2,Reliable,2867029,2729026,572635,643012,42.401,2867029,1215647
2024-06-05 16:00+03:00,60,AHMSC4/MSCServerFunction:AHMSC4,Reliable,2683381,2560837,503729,643647,42.75899999999999,2683381,1147376
2024-06-05 17:00+03:00,60,AHMSC3/MSCServerFunction:AHMSC3,Reliable,3472819,3322946,663548,685419,38.844,3472819,1348967
2024-06-05 17:00+03:00,60,BUMSC1/MSCServerFunction:BUMSC1,Reliable,3576777,3409090,590735,679592,35.516,3576777,1270327
2024-06-05 17:00+03:00,60,BUMSC2/MSCServerFunction:BUMSC2,Reliable,3085129,2938054,608449,681993,41.828,3085129,1290442
2024-06-05 17:00+03:00,60,AHMSC4/MSCServerFunction:AHMSC4,Reliable,2887196,2755932,533428,687434,42.285,2887196,1220862
2024-06-05 18:00+03:00,60,AHMSC3/MSCServerFunction:AHMSC3,Reliable,3777490,3613139,704709,732335,38.042,3777490,1437044
2024-06-05 18:00+03:00,60,BUMSC1/MSCServerFunction:BUMSC1,Reliable,3914763,3729591,626916,723684,34.5,3914763,1350600
2024-06-05 18:00+03:00,60,BUMSC2/MSCServerFunction:BUMSC2,Reliable,3357857,3195930,644675,731280,40.977,3357857,1375955
2024-06-05 18:00+03:00,60,AHMSC4/MSCServerFunction:AHMSC4,Reliable,3148874,3003767,567033,732606,41.273,3148874,1299639
2024-06-05 19:00+03:00,60,AHMSC3/MSCServerFunction:AHMSC3,Reliable,4588827,4391167,833616,874105,37.215,4588827,1707721
2024-06-05 19:00+03:00,60,BUMSC1/MSCServerFunction:BUMSC1,Reliable,4808607,4575780,748352,864601,33.543,4808607,1612953
2024-06-05 19:00+03:00,60,BUMSC2/MSCServerFunction:BUMSC2,Reliable,4073844,3872123,763108,874306,40.193000000000005,4073844,1637414
2024-06-05 19:00+03:00,60,AHMSC4/MSCServerFunction:AHMSC4,Reliable,3831499,3649273,676963,875446,40.516999999999996,3831499,1552409
2024-06-05 20:00+03:00,60,AHMSC3/MSCServerFunction:AHMSC3,Reliable,4391082,4195522,778540,821527,36.439,4391082,1600067
2024-06-05 20:00+03:00,60,BUMSC1/MSCServerFunction:BUMSC1,Reliable,4577534,4345310,704791,808816,33.066,4577534,1513607
2024-06-05 20:00+03:00,60,BUMSC2/MSCServerFunction:BUMSC2,Reliable,3895550,3691145,712521,821376,39.376,3895550,1533897
2024-06-05 20:00+03:00,60,AHMSC4/MSCServerFunction:AHMSC4,Reliable,3657462,3473190,633394,816535,39.643,3657462,1449929
2024-06-05 21:00+03:00,60,AHMSC3/MSCServerFunction:AHMSC3,Reliable,3669345,3493189,632482,667459,35.427,3669345,1299941
2024-06-05 21:00+03:00,60,BUMSC1/MSCServerFunction:BUMSC1,Reliable,3788938,3590844,569176,660219,32.446999999999996,3788938,1229395
2024-06-05 21:00+03:00,60,BUMSC2/MSCServerFunction:BUMSC2,Reliable,3258518,3081967,580648,668282,38.328,3258518,1248930
2024-06-05 21:00+03:00,60,AHMSC4/MSCServerFunction:AHMSC4,Reliable,3064724,2904109,516205,668581,38.659,3064724,1184786
2024-06-05 22:00+03:00,60,AHMSC3/MSCServerFunction:AHMSC3,Reliable,2519521,2393285,411431,441802,33.865,2519521,853233
2024-06-05 22:00+03:00,60,BUMSC1/MSCServerFunction:BUMSC1,Reliable,2572140,2435073,372341,431494,31.252,2572140,803835
2024-06-05 22:00+03:00,60,BUMSC2/MSCServerFunction:BUMSC2,Reliable,2248040,2123421,381129,440206,36.536,2248040,821335
2024-06-05 22:00+03:00,60,AHMSC4/MSCServerFunction:AHMSC4,Reliable,2106845,1994684,338843,439473,36.942,2106845,778316
2024-06-05 23:00+03:00,60,AHMSC3/MSCServerFunction:AHMSC3,Reliable,1140506,1083566,178196,188361,32.14,1140506,366557
2024-06-05 23:00+03:00,60,BUMSC1/MSCServerFunction:BUMSC1,Reliable,1163359,1102204,159448,185437,29.646,1163359,344885
2024-06-05 23:00+03:00,60,BUMSC2/MSCServerFunction:BUMSC2,Reliable,1023744,968457,165401,188357,34.555,1023744,353758
2024-06-05 23:00+03:00,60,AHMSC4/MSCServerFunction:AHMSC4,Reliable,953898,904136,145136,189127,35.042,953898,334263
2024-06-05 00:00+03:00,60,BUMSC5/MSCServerFunction:BUMSC5,Reliable,0,0,0,0,,0,0
2024-06-05 00:00+03:00,60,RWMSC6/MSCServerFunction:RWMSC6,Reliable,0,1,0,0,,0,0
2024-06-05 01:00+03:00,60,BUMSC5/MSCServerFunction:BUMSC5,Reliable,0,0,0,0,,0,0
2024-06-05 01:00+03:00,60,RWMSC6/MSCServerFunction:RWMSC6,Reliable,0,0,0,0,,0,0
2024-06-05 02:00+03:00,60,BUMSC5/MSCServerFunction:BUMSC5,Reliable,0,0,0,0,,0,0
2024-06-05 02:00+03:00,60,RWMSC6/MSCServerFunction:RWMSC6,Reliable,0,0,0,0,,0,0
2024-06-05 03:00+03:00,60,BUMSC5/MSCServerFunction:BUMSC5,Reliable,0,0,0,0,,0,0
2024-06-05 03:00+03:00,60,RWMSC6/MSCServerFunction:RWMSC6,Reliable,0,0,0,0,,0,0
2024-06-05 04:00+03:00,60,BUMSC5/MSCServerFunction:BUMSC5,Reliable,0,0,0,0,,0,0
2024-06-05 04:00+03:00,60,RWMSC6/MSCServerFunction:RWMSC6,Reliable,0,0,0,0,,0,0
2024-06-05 05:00+03:00,60,BUMSC5/MSCServerFunction:BUMSC5,Reliable,0,3,0,0,,0,0
2024-06-05 05:00+03:00,60,RWMSC6/MSCServerFunction:RWMSC6,Reliable,0,1,0,0,,0,0
2024-06-05 06:00+03:00,60,BUMSC5/MSCServerFunction:BUMSC5,Reliable,0,3,0,0,,0,0
2024-06-05 06:00+03:00,60,RWMSC6/MSCServerFunction:RWMSC6,Reliable,0,1,0,0,,0,0
2024-06-05 07:00+03:00,60,BUMSC5/MSCServerFunction:BUMSC5,Reliable,0,0,0,0,,0,0
2024-06-05 07:00+03:00,60,RWMSC6/MSCServerFunction:RWMSC6,Reliable,0,6,0,0,,0,0
2024-06-05 08:00+03:00,60,BUMSC5/MSCServerFunction:BUMSC5,Reliable,0,2,0,0,,0,0
2024-06-05 08:00+03:00,60,RWMSC6/MSCServerFunction:RWMSC6,Reliable,0,1,0,0,,0,0
2024-06-05 09:00+03:00,60,BUMSC5/MSCServerFunction:BUMSC5,Reliable,0,1,0,0,,0,0
2024-06-05 09:00+03:00,60,RWMSC6/MSCServerFunction:RWMSC6,Reliable,0,6,0,0,,0,0
2024-06-05 10:00+03:00,60,BUMSC5/MSCServerFunction:BUMSC5,Reliable,0,2,0,0,,0,0
2024-06-05 10:00+03:00,60,RWMSC6/MSCServerFunction:RWMSC6,Reliable,0,15,0,0,,0,0
2024-06-05 11:00+03:00,60,BUMSC5/MSCServerFunction:BUMSC5,Reliable,0,5,0,0,,0,0
2024-06-05 11:00+03:00,60,RWMSC6/MSCServerFunction:RWMSC6,Reliable,1,16,0,1,100.0,1,1
2024-06-05 12:00+03:00,60,BUMSC5/MSCServerFunction:BUMSC5,Reliable,0,12,0,0,,0,0
2024-06-05 12:00+03:00,60,RWMSC6/MSCServerFunction:RWMSC6,Reliable,0,12,0,3,,0,3
2024-06-05 13:00+03:00,60,BUMSC5/MSCServerFunction:BUMSC5,Reliable,0,15,0,0,,0,0
2024-06-05 13:00+03:00,60,RWMSC6/MSCServerFunction:RWMSC6,Reliable,0,9,0,3,,0,3
2024-06-05 14:00+03:00,60,BUMSC5/MSCServerFunction:BUMSC5,Reliable,0,7,0,0,,0,0
2024-06-05 14:00+03:00,60,RWMSC6/MSCServerFunction:RWMSC6,Reliable,0,8,0,2,,0,2
2024-06-05 15:00+03:00,60,BUMSC5/MSCServerFunction:BUMSC5,Reliable,0,8,0,0,,0,0
2024-06-05 15:00+03:00,60,RWMSC6/MSCServerFunction:RWMSC6,Reliable,0,9,0,3,,0,3
2024-06-05 16:00+03:00,60,BUMSC5/MSCServerFunction:BUMSC5,Reliable,0,3,0,0,,0,0
2024-06-05 16:00+03:00,60,RWMSC6/MSCServerFunction:RWMSC6,Reliable,5,14,0,3,60.0,5,3
2024-06-05 17:00+03:00,60,BUMSC5/MSCServerFunction:BUMSC5,Reliable,0,18,0,0,,0,0
2024-06-05 17:00+03:00,60,RWMSC6/MSCServerFunction:RWMSC6,Reliable,0,14,0,1,,0,1
2024-06-05 18:00+03:00,60,BUMSC5/MSCServerFunction:BUMSC5,Reliable,0,13,0,0,,0,0
2024-06-05 18:00+03:00,60,RWMSC6/MSCServerFunction:RWMSC6,Reliable,8,24,2,3,62.5,8,5
2024-06-05 19:00+03:00,60,BUMSC5/MSCServerFunction:BUMSC5,Reliable,0,6,0,0,,0,0
2024-06-05 19:00+03:00,60,RWMSC6/MSCServerFunction:RWMSC6,Reliable,0,35,0,1,,0,1
2024-06-05 20:00+03:00,60,BUMSC5/MSCServerFunction:BUMSC5,Reliable,0,2,0,0,,0,0
2024-06-05 20:00+03:00,60,RWMSC6/MSCServerFunction:RWMSC6,Reliable,0,21,0,0,,0,0
2024-06-05 21:00+03:00,60,BUMSC5/MSCServerFunction:BUMSC5,Reliable,0,13,0,0,,0,0
2024-06-05 21:00+03:00,60,RWMSC6/MSCServerFunction:RWMSC6,Reliable,0,11,0,0,,0,0
2024-06-05 22:00+03:00,60,BUMSC5/MSCServerFunction:BUMSC5,Reliable,0,1,0,0,,0,0
2024-06-05 22:00+03:00,60,RWMSC6/MSCServerFunction:RWMSC6,Reliable,0,4,0,0,,0,0
2024-06-05 23:00+03:00,60,BUMSC5/MSCServerFunction:BUMSC5,Reliable,0,1,0,0,,0,0
2024-06-05 23:00+03:00,60,RWMSC6/MSCServerFunction:RWMSC6,Reliable,0,4,0,1,,0,1
