Result Time,Granularity Period,Object Name,Reliability,Peak Licensed Traffic
2024-06-05 00:00+03:00,60,AHMGW2/MGWFunction:AHMGW2,Reliable,11849
2024-06-05 00:00+03:00,60,AHMGW3/MGWFunction:AHMGW3,Reliable,9398
2024-06-05 00:00+03:00,60,BUMGW9/MGWFunction:BUMGW9,Reliable,9955
2024-06-05 00:00+03:00,60,MBMGW6/MGWFunction:MBMGW6,Reliable,4847
2024-06-05 00:00+03:00,60,RWMGW10/MGWFunction:RWMGW10,Reliable,3124
2024-06-05 00:00+03:00,60,RWMGW4/MGWFunction:RWMGW4,Reliable,2183
2024-06-05 00:00+03:00,60,AHMGW11/MGWFunction:AHMGW11,Reliable,11665
2024-06-05 01:00+03:00,60,AHMGW2/MGWFunction:AHMGW2,Reliable,4158
2024-06-05 01:00+03:00,60,AHMGW3/MGWFunction:AHMGW3,Reliable,3399
2024-06-05 01:00+03:00,60,BUMGW9/MGWFunction:BUMGW9,Reliable,3558
2024-06-05 01:00+03:00,60,MBMGW6/MGWFunction:MBMGW6,Reliable,1454
2024-06-05 01:00+03:00,60,RWMGW10/MGWFunction:RWMGW10,Reliable,1102
2024-06-05 01:00+03:00,60,RWMGW4/MGWFunction:RWMGW4,Reliable,785
2024-06-05 01:00+03:00,60,AHMGW11/MGWFunction:AHMGW11,Reliable,4266
2024-06-05 02:00+03:00,60,AHMGW2/MGWFunction:AHMGW2,Reliable,1636
2024-06-05 02:00+03:00,60,AHMGW3/MGWFunction:AHMGW3,Reliable,1433
2024-06-05 02:00+03:00,60,BUMGW9/MGWFunction:BUMGW9,Reliable,1321
2024-06-05 02:00+03:00,60,MBMGW6/MGWFunction:MBMGW6,Reliable,654
2024-06-05 02:00+03:00,60,RWMGW10/MGWFunction:RWMGW10,Reliable,438
2024-06-05 02:00+03:00,60,RWMGW4/MGWFunction:RWMGW4,Reliable,319
2024-06-05 02:00+03:00,60,AHMGW11/MGWFunction:AHMGW11,Reliable,1620
2024-06-05 03:00+03:00,60,AHMGW2/MGWFunction:AHMGW2,Reliable,1024
2024-06-05 03:00+03:00,60,AHMGW3/MGWFunction:AHMGW3,Reliable,855
2024-06-05 03:00+03:00,60,BUMGW9/MGWFunction:BUMGW9,Reliable,796
2024-06-05 03:00+03:00,60,MBMGW6/MGWFunction:MBMGW6,Reliable,501
2024-06-05 03:00+03:00,60,RWMGW10/MGWFunction:RWMGW10,Reliable,314
2024-06-05 03:00+03:00,60,RWMGW4/MGWFunction:RWMGW4,Reliable,227
2024-06-05 03:00+03:00,60,AHMGW11/MGWFunction:AHMGW11,Reliable,855
2024-06-05 04:00+03:00,60,AHMGW2/MGWFunction:AHMGW2,Reliable,924
2024-06-05 04:00+03:00,60,AHMGW3/MGWFunction:AHMGW3,Reliable,848
2024-06-05 04:00+03:00,60,BUMGW9/MGWFunction:BUMGW9,Reliable,831
2024-06-05 04:00+03:00,60,MBMGW6/MGWFunction:MBMGW6,Reliable,863
2024-06-05 04:00+03:00,60,RWMGW10/MGWFunction:RWMGW10,Reliable,271
2024-06-05 04:00+03:00,60,RWMGW4/MGWFunction:RWMGW4,Reliable,212
2024-06-05 04:00+03:00,60,AHMGW11/MGWFunction:AHMGW11,Reliable,832
2024-06-05 05:00+03:00,60,AHMGW2/MGWFunction:AHMGW2,Reliable,2782
2024-06-05 05:00+03:00,60,AHMGW3/MGWFunction:AHMGW3,Reliable,2260
2024-06-05 05:00+03:00,60,BUMGW9/MGWFunction:BUMGW9,Reliable,2378
2024-06-05 05:00+03:00,60,MBMGW6/MGWFunction:MBMGW6,Reliable,2736
2024-06-05 05:00+03:00,60,RWMGW10/MGWFunction:RWMGW10,Reliable,786
2024-06-05 05:00+03:00,60,RWMGW4/MGWFunction:RWMGW4,Reliable,626
2024-06-05 05:00+03:00,60,AHMGW11/MGWFunction:AHMGW11,Reliable,2461
2024-06-05 06:00+03:00,60,AHMGW2/MGWFunction:AHMGW2,Reliable,12219
2024-06-05 06:00+03:00,60,AHMGW3/MGWFunction:AHMGW3,Reliable,9822
2024-06-05 06:00+03:00,60,BUMGW9/MGWFunction:BUMGW9,Reliable,10254
2024-06-05 06:00+03:00,60,MBMGW6/MGWFunction:MBMGW6,Reliable,10454
2024-06-05 06:00+03:00,60,RWMGW10/MGWFunction:RWMGW10,Reliable,4107
2024-06-05 06:00+03:00,60,RWMGW4/MGWFunction:RWMGW4,Reliable,3384
2024-06-05 06:00+03:00,60,AHMGW11/MGWFunction:AHMGW11,Reliable,10500
2024-06-05 07:00+03:00,60,AHMGW2/MGWFunction:AHMGW2,Reliable,21604
2024-06-05 07:00+03:00,60,AHMGW3/MGWFunction:AHMGW3,Reliable,18404
2024-06-05 07:00+03:00,60,BUMGW9/MGWFunction:BUMGW9,Reliable,19773
2024-06-05 07:00+03:00,60,MBMGW6/MGWFunction:MBMGW6,Reliable,14289
2024-06-05 07:00+03:00,60,RWMGW10/MGWFunction:RWMGW10,Reliable,7093
2024-06-05 07:00+03:00,60,RWMGW4/MGWFunction:RWMGW4,Reliable,5491
2024-06-05 07:00+03:00,60,AHMGW11/MGWFunction:AHMGW11,Reliable,20248
2024-06-05 08:00+03:00,60,AHMGW2/MGWFunction:AHMGW2,Reliable,26475
2024-06-05 08:00+03:00,60,AHMGW3/MGWFunction:AHMGW3,Reliable,22693
2024-06-05 08:00+03:00,60,BUMGW9/MGWFunction:BUMGW9,Reliable,25696
2024-06-05 08:00+03:00,60,MBMGW6/MGWFunction:MBMGW6,Reliable,15091
2024-06-05 08:00+03:00,60,RWMGW10/MGWFunction:RWMGW10,Reliable,7687
2024-06-05 08:00+03:00,60,RWMGW4/MGWFunction:RWMGW4,Reliable,5969
2024-06-05 08:00+03:00,60,AHMGW11/MGWFunction:AHMGW11,Reliable,24515
2024-06-05 09:00+03:00,60,AHMGW2/MGWFunction:AHMGW2,Reliable,28153
2024-06-05 09:00+03:00,60,AHMGW3/MGWFunction:AHMGW3,Reliable,24621
2024-06-05 09:00+03:00,60,BUMGW9/MGWFunction:BUMGW9,Reliable,29078
2024-06-05 09:00+03:00,60,MBMGW6/MGWFunction:MBMGW6,Reliable,15945
2024-06-05 09:00+03:00,60,RWMGW10/MGWFunction:RWMGW10,Reliable,7995
2024-06-05 09:00+03:00,60,RWMGW4/MGWFunction:RWMGW4,Reliable,6123
2024-06-05 09:00+03:00,60,AHMGW11/MGWFunction:AHMGW11,Reliable,26215
2024-06-05 10:00+03:00,60,AHMGW2/MGWFunction:AHMGW2,Reliable,29190
2024-06-05 10:00+03:00,60,AHMGW3/MGWFunction:AHMGW3,Reliable,25767
2024-06-05 10:00+03:00,60,BUMGW9/MGWFunction:BUMGW9,Reliable,31121
2024-06-05 10:00+03:00,60,MBMGW6/MGWFunction:MBMGW6,Reliable,16325
2024-06-05 10:00+03:00,60,RWMGW10/MGWFunction:RWMGW10,Reliable,8138
2024-06-05 10:00+03:00,60,RWMGW4/MGWFunction:RWMGW4,Reliable,6238
2024-06-05 10:00+03:00,60,AHMGW11/MGWFunction:AHMGW11,Reliable,27545
2024-06-05 11:00+03:00,60,AHMGW2/MGWFunction:AHMGW2,Reliable,29255
2024-06-05 11:00+03:00,60,AHMGW3/MGWFunction:AHMGW3,Reliable,25703
2024-06-05 11:00+03:00,60,BUMGW9/MGWFunction:BUMGW9,Reliable,31209
2024-06-05 11:00+03:00,60,MBMGW6/MGWFunction:MBMGW6,Reliable,16415
2024-06-05 11:00+03:00,60,RWMGW10/MGWFunction:RWMGW10,Reliable,8078
2024-06-05 11:00+03:00,60,RWMGW4/MGWFunction:RWMGW4,Reliable,6099
2024-06-05 11:00+03:00,60,AHMGW11/MGWFunction:AHMGW11,Reliable,27446
2024-06-05 12:00+03:00,60,AHMGW2/MGWFunction:AHMGW2,Reliable,28861
2024-06-05 12:00+03:00,60,AHMGW3/MGWFunction:AHMGW3,Reliable,24966
2024-06-05 12:00+03:00,60,BUMGW9/MGWFunction:BUMGW9,Reliable,30648
2024-06-05 12:00+03:00,60,MBMGW6/MGWFunction:MBMGW6,Reliable,16308
2024-06-05 12:00+03:00,60,RWMGW10/MGWFunction:RWMGW10,Reliable,7756
2024-06-05 12:00+03:00,60,RWMGW4/MGWFunction:RWMGW4,Reliable,6032
2024-06-05 12:00+03:00,60,AHMGW11/MGWFunction:AHMGW11,Reliable,26518
2024-06-05 13:00+03:00,60,AHMGW2/MGWFunction:AHMGW2,Reliable,28818
2024-06-05 13:00+03:00,60,AHMGW3/MGWFunction:AHMGW3,Reliable,25167
2024-06-05 13:00+03:00,60,BUMGW9/MGWFunction:BUMGW9,Reliable,31192
2024-06-05 13:00+03:00,60,MBMGW6/MGWFunction:MBMGW6,Reliable,16066
2024-06-05 13:00+03:00,60,RWMGW10/MGWFunction:RWMGW10,Reliable,7845
2024-06-05 13:00+03:00,60,RWMGW4/MGWFunction:RWMGW4,Reliable,6080
2024-06-05 13:00+03:00,60,AHMGW11/MGWFunction:AHMGW11,Reliable,26643
2024-06-05 14:00+03:00,60,AHMGW2/MGWFunction:AHMGW2,Reliable,28283
2024-06-05 14:00+03:00,60,AHMGW3/MGWFunction:AHMGW3,Reliable,24522
2024-06-05 14:00+03:00,60,BUMGW9/MGWFunction:BUMGW9,Reliable,30331
2024-06-05 14:00+03:00,60,MBMGW6/MGWFunction:MBMGW6,Reliable,15924
2024-06-05 14:00+03:00,60,RWMGW10/MGWFunction:RWMGW10,Reliable,7933
2024-06-05 14:00+03:00,60,RWMGW4/MGWFunction:RWMGW4,Reliable,6163
2024-06-05 14:00+03:00,60,AHMGW11/MGWFunction:AHMGW11,Reliable,25776
2024-06-05 15:00+03:00,60,AHMGW2/MGWFunction:AHMGW2,Reliable,27631
2024-06-05 15:00+03:00,60,AHMGW3/MGWFunction:AHMGW3,Reliable,23819
2024-06-05 15:00+03:00,60,BUMGW9/MGWFunction:BUMGW9,Reliable,29440
2024-06-05 15:00+03:00,60,MBMGW6/MGWFunction:MBMGW6,Reliable,16001
2024-06-05 15:00+03:00,60,RWMGW10/MGWFunction:RWMGW10,Reliable,7851
2024-06-05 15:00+03:00,60,RWMGW4/MGWFunction:RWMGW4,Reliable,6196
2024-06-05 15:00+03:00,60,AHMGW11/MGWFunction:AHMGW11,Reliable,25162
2024-06-05 16:00+03:00,60,AHMGW2/MGWFunction:AHMGW2,Reliable,28098
2024-06-05 16:00+03:00,60,AHMGW3/MGWFunction:AHMGW3,Reliable,24002
2024-06-05 16:00+03:00,60,BUMGW9/MGWFunction:BUMGW9,Reliable,29495
2024-06-05 16:00+03:00,60,MBMGW6/MGWFunction:MBMGW6,Reliable,16939
2024-06-05 16:00+03:00,60,RWMGW10/MGWFunction:RWMGW10,Reliable,8141
2024-06-05 16:00+03:00,60,RWMGW4/MGWFunction:RWMGW4,Reliable,6286
2024-06-05 16:00+03:00,60,AHMGW11/MGWFunction:AHMGW11,Reliable,25903
2024-06-05 17:00+03:00,60,AHMGW2/MGWFunction:AHMGW2,Reliable,29671
2024-06-05 17:00+03:00,60,AHMGW3/MGWFunction:AHMGW3,Reliable,25843
2024-06-05 17:00+03:00,60,BUMGW9/MGWFunction:BUMGW9,Reliable,30443
2024-06-05 17:00+03:00,60,MBMGW6/MGWFunction:MBMGW6,Reliable,19310
2024-06-05 17:00+03:00,60,RWMGW10/MGWFunction:RWMGW10,Reliable,8864
2024-06-05 17:00+03:00,60,RWMGW4/MGWFunction:RWMGW4,Reliable,6925
2024-06-05 17:00+03:00,60,AHMGW11/MGWFunction:AHMGW11,Reliable,27715
2024-06-05 18:00+03:00,60,AHMGW2/MGWFunction:AHMGW2,Reliable,31703
2024-06-05 18:00+03:00,60,AHMGW3/MGWFunction:AHMGW3,Reliable,28090
2024-06-05 18:00+03:00,60,BUMGW9/MGWFunction:BUMGW9,Reliable,31478
2024-06-05 18:00+03:00,60,MBMGW6/MGWFunction:MBMGW6,Reliable,23303
2024-06-05 18:00+03:00,60,RWMGW10/MGWFunction:RWMGW10,Reliable,9848
2024-06-05 18:00+03:00,60,RWMGW4/MGWFunction:RWMGW4,Reliable,7653
2024-06-05 18:00+03:00,60,AHMGW11/MGWFunction:AHMGW11,Reliable,29721
2024-06-05 19:00+03:00,60,AHMGW2/MGWFunction:AHMGW2,Reliable,38080
2024-06-05 19:00+03:00,60,AHMGW3/MGWFunction:AHMGW3,Reliable,33669
2024-06-05 19:00+03:00,60,BUMGW9/MGWFunction:BUMGW9,Reliable,35692
2024-06-05 19:00+03:00,60,MBMGW6/MGWFunction:MBMGW6,Reliable,29512
2024-06-05 19:00+03:00,60,RWMGW10/MGWFunction:RWMGW10,Reliable,12189
2024-06-05 19:00+03:00,60,RWMGW4/MGWFunction:RWMGW4,Reliable,9799
2024-06-05 19:00+03:00,60,AHMGW11/MGWFunction:AHMGW11,Reliable,35556
2024-06-05 20:00+03:00,60,AHMGW2/MGWFunction:AHMGW2,Reliable,39551
2024-06-05 20:00+03:00,60,AHMGW3/MGWFunction:AHMGW3,Reliable,34767
2024-06-05 20:00+03:00,60,BUMGW9/MGWFunction:BUMGW9,Reliable,36335
2024-06-05 20:00+03:00,60,MBMGW6/MGWFunction:MBMGW6,Reliable,31034
2024-06-05 20:00+03:00,60,RWMGW10/MGWFunction:RWMGW10,Reliable,12761
2024-06-05 20:00+03:00,60,RWMGW4/MGWFunction:RWMGW4,Reliable,10170
2024-06-05 20:00+03:00,60,AHMGW11/MGWFunction:AHMGW11,Reliable,36764
2024-06-05 21:00+03:00,60,AHMGW2/MGWFunction:AHMGW2,Reliable,39450
2024-06-05 21:00+03:00,60,AHMGW3/MGWFunction:AHMGW3,Reliable,34838
2024-06-05 21:00+03:00,60,BUMGW9/MGWFunction:BUMGW9,Reliable,35455
2024-06-05 21:00+03:00,60,MBMGW6/MGWFunction:MBMGW6,Reliable,30910
2024-06-05 21:00+03:00,60,RWMGW10/MGWFunction:RWMGW10,Reliable,12501
2024-06-05 21:00+03:00,60,RWMGW4/MGWFunction:RWMGW4,Reliable,10199
2024-06-05 21:00+03:00,60,AHMGW11/MGWFunction:AHMGW11,Reliable,36458
2024-06-05 22:00+03:00,60,AHMGW2/MGWFunction:AHMGW2,Reliable,37504
2024-06-05 22:00+03:00,60,AHMGW3/MGWFunction:AHMGW3,Reliable,32460
2024-06-05 22:00+03:00,60,BUMGW9/MGWFunction:BUMGW9,Reliable,32971
2024-06-05 22:00+03:00,60,MBMGW6/MGWFunction:MBMGW6,Reliable,28890
2024-06-05 22:00+03:00,60,RWMGW10/MGWFunction:RWMGW10,Reliable,11228
2024-06-05 22:00+03:00,60,RWMGW4/MGWFunction:RWMGW4,Reliable,9134
2024-06-05 22:00+03:00,60,AHMGW11/MGWFunction:AHMGW11,Reliable,34913
2024-06-05 23:00+03:00,60,AHMGW2/MGWFunction:AHMGW2,Reliable,27248
2024-06-05 23:00+03:00,60,AHMGW3/MGWFunction:AHMGW3,Reliable,22467
2024-06-05 23:00+03:00,60,BUMGW9/MGWFunction:BUMGW9,Reliable,23467
2024-06-05 23:00+03:00,60,MBMGW6/MGWFunction:MBMGW6,Reliable,18601
2024-06-05 23:00+03:00,60,RWMGW10/MGWFunction:RWMGW10,Reliable,7948
2024-06-05 23:00+03:00,60,RWMGW4/MGWFunction:RWMGW4,Reliable,6250
2024-06-05 23:00+03:00,60,AHMGW11/MGWFunction:AHMGW11,Reliable,25703
2024-06-05 00:00+03:00,60,LRMGW12/MGWFunction:LRMGW12,Reliable,1261
2024-06-05 00:00+03:00,60,FPMGW13/MGWFunction:FPMGW13,Reliable,5019
2024-06-05 01:00+03:00,60,LRMGW12/MGWFunction:LRMGW12,Reliable,421
2024-06-05 01:00+03:00,60,FPMGW13/MGWFunction:FPMGW13,Reliable,1710
2024-06-05 02:00+03:00,60,LRMGW12/MGWFunction:LRMGW12,Reliable,192
2024-06-05 02:00+03:00,60,FPMGW13/MGWFunction:FPMGW13,Reliable,812
2024-06-05 03:00+03:00,60,LRMGW12/MGWFunction:LRMGW12,Reliable,151
2024-06-05 03:00+03:00,60,FPMGW13/MGWFunction:FPMGW13,Reliable,502
2024-06-05 04:00+03:00,60,LRMGW12/MGWFunction:LRMGW12,Reliable,226
2024-06-05 04:00+03:00,60,FPMGW13/MGWFunction:FPMGW13,Reliable,473
2024-06-05 05:00+03:00,60,LRMGW12/MGWFunction:LRMGW12,Reliable,732
2024-06-05 05:00+03:00,60,FPMGW13/MGWFunction:FPMGW13,Reliable,1395
2024-06-05 06:00+03:00,60,LRMGW12/MGWFunction:LRMGW12,Reliable,3096
2024-06-05 06:00+03:00,60,FPMGW13/MGWFunction:FPMGW13,Reliable,7651
2024-06-05 07:00+03:00,60,LRMGW12/MGWFunction:LRMGW12,Reliable,4385
2024-06-05 07:00+03:00,60,FPMGW13/MGWFunction:FPMGW13,Reliable,11674
2024-06-05 08:00+03:00,60,LRMGW12/MGWFunction:LRMGW12,Reliable,4513
2024-06-05 08:00+03:00,60,FPMGW13/MGWFunction:FPMGW13,Reliable,12523
2024-06-05 09:00+03:00,60,LRMGW12/MGWFunction:LRMGW12,Reliable,4607
2024-06-05 09:00+03:00,60,FPMGW13/MGWFunction:FPMGW13,Reliable,12631
2024-06-05 10:00+03:00,60,LRMGW12/MGWFunction:LRMGW12,Reliable,4754
2024-06-05 10:00+03:00,60,FPMGW13/MGWFunction:FPMGW13,Reliable,12811
2024-06-05 11:00+03:00,60,LRMGW12/MGWFunction:LRMGW12,Reliable,4742
2024-06-05 11:00+03:00,60,FPMGW13/MGWFunction:FPMGW13,Reliable,12601
2024-06-05 12:00+03:00,60,LRMGW12/MGWFunction:LRMGW12,Reliable,4706
2024-06-05 12:00+03:00,60,FPMGW13/MGWFunction:FPMGW13,Reliable,12203
2024-06-05 13:00+03:00,60,LRMGW12/MGWFunction:LRMGW12,Reliable,4894
2024-06-05 13:00+03:00,60,FPMGW13/MGWFunction:FPMGW13,Reliable,12454
2024-06-05 14:00+03:00,60,LRMGW12/MGWFunction:LRMGW12,Reliable,4936
2024-06-05 14:00+03:00,60,FPMGW13/MGWFunction:FPMGW13,Reliable,12449
2024-06-05 15:00+03:00,60,LRMGW12/MGWFunction:LRMGW12,Reliable,4846
2024-06-05 15:00+03:00,60,FPMGW13/MGWFunction:FPMGW13,Reliable,12369
2024-06-05 16:00+03:00,60,LRMGW12/MGWFunction:LRMGW12,Reliable,5117
2024-06-05 16:00+03:00,60,FPMGW13/MGWFunction:FPMGW13,Reliable,12933
2024-06-05 17:00+03:00,60,LRMGW12/MGWFunction:LRMGW12,Reliable,5651
2024-06-05 17:00+03:00,60,FPMGW13/MGWFunction:FPMGW13,Reliable,14467
2024-06-05 18:00+03:00,60,LRMGW12/MGWFunction:LRMGW12,Reliable,6540
2024-06-05 18:00+03:00,60,FPMGW13/MGWFunction:FPMGW13,Reliable,16512
2024-06-05 19:00+03:00,60,LRMGW12/MGWFunction:LRMGW12,Reliable,8460
2024-06-05 19:00+03:00,60,FPMGW13/MGWFunction:FPMGW13,Reliable,21517
2024-06-05 20:00+03:00,60,LRMGW12/MGWFunction:LRMGW12,Reliable,8800
2024-06-05 20:00+03:00,60,FPMGW13/MGWFunction:FPMGW13,Reliable,21901
2024-06-05 21:00+03:00,60,LRMGW12/MGWFunction:LRMGW12,Reliable,8676
2024-06-05 21:00+03:00,60,FPMGW13/MGWFunction:FPMGW13,Reliable,21448
2024-06-05 22:00+03:00,60,LRMGW12/MGWFunction:LRMGW12,Reliable,7666
2024-06-05 22:00+03:00,60,FPMGW13/MGWFunction:FPMGW13,Reliable,18787
2024-06-05 23:00+03:00,60,LRMGW12/MGWFunction:LRMGW12,Reliable,4616
2024-06-05 23:00+03:00,60,FPMGW13/MGWFunction:FPMGW13,Reliable,12963
