Result Time,Granularity Period,Object Name,Reliability,BSS Trunk Overflow Times,Call Attempts,Common Resource Application Failures,SCR_2G_3G_DENOM,SCR_2G_3G_KPI,SCR_2G_3G_NOM,Temporary Error,Termination Application Failures
2024-06-05 00:00+03:00,60,"AHMSC3/Local Zone of caller:LABEL=0, STATICAREAX=0",Reliable,0,134240,0,207118,99.505,206093,299,573
2024-06-05 00:00+03:00,60,"BUMSC1/Local Zone of caller:LABEL=0, STATICAREAX=0",Reliable,0,134769,0,207682,99.75299999999999,207170,310,10
2024-06-05 00:00+03:00,60,"BUMSC2/Local Zone of caller:LABEL=0, STATICAREAX=0",Reliable,0,136467,0,210258,99.756,209746,313,5
2024-06-05 00:00+03:00,60,"AHMSC4/Local Zone of caller:LABEL=0, STATICAREAX=0",Reliable,0,136347,0,209652,99.766,209162,317,9
2024-06-05 01:00+03:00,60,"AHMSC3/Local Zone of caller:LABEL=0, STATICAREAX=0",Reliable,0,60247,0,90327,99.414,89798,98,370
2024-06-05 01:00+03:00,60,"BUMSC1/Local Zone of caller:LABEL=0, STATICAREAX=0",Reliable,0,59354,0,89676,99.54700000000001,89270,122,216
2024-06-05 01:00+03:00,60,"BUMSC2/Local Zone of caller:LABEL=0, STATICAREAX=0",Reliable,0,59513,0,90664,99.76100000000001,90447,123,4
2024-06-05 01:00+03:00,60,"AHMSC4/Local Zone of caller:LABEL=0, STATICAREAX=0",Reliable,0,59468,0,89896,99.76799999999999,89687,139,2
2024-06-05 02:00+03:00,60,"AHMSC3/Local Zone of caller:LABEL=0, STATICAREAX=0",Reliable,0,37425,0,54119,98.367,53235,61,789
2024-06-05 02:00+03:00,60,"BUMSC1/Local Zone of caller:LABEL=0, STATICAREAX=0",Reliable,0,36787,0,53729,99.814,53629,67,2
2024-06-05 02:00+03:00,60,"BUMSC2/Local Zone of caller:LABEL=0, STATICAREAX=0",Reliable,0,37691,0,55615,99.833,55522,57,2
2024-06-05 02:00+03:00,60,"AHMSC4/Local Zone of caller:LABEL=0, STATICAREAX=0",Reliable,0,36664,0,53603,99.854,53525,51,0
2024-06-05 03:00+03:00,60,"AHMSC3/Local Zone of caller:LABEL=0, STATICAREAX=0",Reliable,0,34359,0,48635,98.26700000000001,47792,44,776
2024-06-05 03:00+03:00,60,"BUMSC1/Local Zone of caller:LABEL=0, STATICAREAX=0",Reliable,0,34662,0,49097,99.807,49002,72,6
2024-06-05 03:00+03:00,60,"BUMSC2/Local Zone of caller:LABEL=0, STATICAREAX=0",Reliable,0,34347,0,49489,99.764,49372,74,1
2024-06-05 03:00+03:00,60,"AHMSC4/Local Zone of caller:LABEL=0, STATICAREAX=0",Reliable,0,34173,0,48967,99.839,48888,48,1
2024-06-05 04:00+03:00,60,"AHMSC3/Local Zone of caller:LABEL=0, STATICAREAX=0",Reliable,0,37693,0,54052,98.47399999999999,53227,83,713
2024-06-05 04:00+03:00,60,"BUMSC1/Local Zone of caller:LABEL=0, STATICAREAX=0",Reliable,0,37527,0,53767,99.86399999999999,53694,45,0
2024-06-05 04:00+03:00,60,"BUMSC2/Local Zone of caller:LABEL=0, STATICAREAX=0",Reliable,0,36623,0,52409,99.75399999999999,52280,77,4
2024-06-05 04:00+03:00,60,"AHMSC4/Local Zone of caller:LABEL=0, STATICAREAX=0",Reliable,0,37631,0,53754,99.844,53670,56,1
2024-06-05 05:00+03:00,60,"AHMSC3/Local Zone of caller:LABEL=0, STATICAREAX=0",Reliable,0,87386,0,126496,99.25399999999999,125552,155,707
2024-06-05 05:00+03:00,60,"BUMSC1/Local Zone of caller:LABEL=0, STATICAREAX=0",Reliable,0,85872,0,124922,99.807,124681,155,6
2024-06-05 05:00+03:00,60,"BUMSC2/Local Zone of caller:LABEL=0, STATICAREAX=0",Reliable,0,88416,0,128405,99.829,128186,138,1
2024-06-05 05:00+03:00,60,"AHMSC4/Local Zone of caller:LABEL=0, STATICAREAX=0",Reliable,0,87569,0,126891,99.84200000000001,126690,139,1
2024-06-05 06:00+03:00,60,"AHMSC3/Local Zone of caller:LABEL=0, STATICAREAX=0",Reliable,0,363674,0,510433,99.637,508578,713,858
2024-06-05 06:00+03:00,60,"BUMSC1/Local Zone of caller:LABEL=0, STATICAREAX=0",Reliable,0,367312,0,514963,99.79299999999999,513899,747,27
2024-06-05 06:00+03:00,60,"BUMSC2/Local Zone of caller:LABEL=0, STATICAREAX=0",Reliable,0,365439,0,513358,99.791,512286,694,27
2024-06-05 06:00+03:00,60,"AHMSC4/Local Zone of caller:LABEL=0, STATICAREAX=0",Reliable,0,365739,0,513768,99.803,512756,734,22
2024-06-05 07:00+03:00,60,"AHMSC3/Local Zone of caller:LABEL=0, STATICAREAX=0",Reliable,0,771198,0,1140541,99.68299999999999,1136922,1805,874
2024-06-05 07:00+03:00,60,"BUMSC1/Local Zone of caller:LABEL=0, STATICAREAX=0",Reliable,0,772312,0,1143126,99.75,1140273,1865,48
2024-06-05 07:00+03:00,60,"BUMSC2/Local Zone of caller:LABEL=0, STATICAREAX=0",Reliable,0,772514,0,1146060,99.771,1143440,1702,62
2024-06-05 07:00+03:00,60,"AHMSC4/Local Zone of caller:LABEL=0, STATICAREAX=0",Reliable,0,769446,0,1140952,99.762,1138240,1794,55
2024-06-05 08:00+03:00,60,"AHMSC3/Local Zone of caller:LABEL=0, STATICAREAX=0",Reliable,0,921075,0,1441903,99.695,1437509,2143,883
2024-06-05 08:00+03:00,60,"BUMSC1/Local Zone of caller:LABEL=0, STATICAREAX=0",Reliable,0,923304,0,1443390,99.75200000000001,1439808,2289,71
2024-06-05 08:00+03:00,60,"BUMSC2/Local Zone of caller:LABEL=0, STATICAREAX=0",Reliable,0,913102,0,1433287,99.75299999999999,1429742,2083,84
2024-06-05 08:00+03:00,60,"AHMSC4/Local Zone of caller:LABEL=0, STATICAREAX=0",Reliable,0,916272,0,1437668,99.74600000000001,1434022,2243,84
2024-06-05 09:00+03:00,60,"AHMSC3/Local Zone of caller:LABEL=0, STATICAREAX=0",Reliable,0,979410,0,1580137,99.68,1575086,2496,811
2024-06-05 09:00+03:00,60,"BUMSC1/Local Zone of caller:LABEL=0, STATICAREAX=0",Reliable,0,979228,0,1582207,99.73100000000001,1577947,2578,84
2024-06-05 09:00+03:00,60,"BUMSC2/Local Zone of caller:LABEL=0, STATICAREAX=0",Reliable,0,970951,0,1572149,99.73200000000001,1567940,2517,84
2024-06-05 09:00+03:00,60,"AHMSC4/Local Zone of caller:LABEL=0, STATICAREAX=0",Reliable,0,974844,0,1577448,99.73299999999999,1573243,2391,83
2024-06-05 10:00+03:00,60,"AHMSC3/Local Zone of caller:LABEL=0, STATICAREAX=0",Reliable,0,1039145,0,1686933,99.684,1681603,2660,665
2024-06-05 10:00+03:00,60,"BUMSC1/Local Zone of caller:LABEL=0, STATICAREAX=0",Reliable,0,1034471,0,1681479,99.719,1676755,2774,99
2024-06-05 10:00+03:00,60,"BUMSC2/Local Zone of caller:LABEL=0, STATICAREAX=0",Reliable,0,1034590,0,1681615,99.72399999999999,1676979,2635,129
2024-06-05 10:00+03:00,60,"AHMSC4/Local Zone of caller:LABEL=0, STATICAREAX=0",Reliable,0,1036585,0,1686527,99.71,1681638,2894,103
2024-06-05 11:00+03:00,60,"AHMSC3/Local Zone of caller:LABEL=0, STATICAREAX=0",Reliable,0,1049918,0,1689503,99.675,1684007,2712,898
2024-06-05 11:00+03:00,60,"BUMSC1/Local Zone of caller:LABEL=0, STATICAREAX=0",Reliable,0,1040695,0,1683443,99.71799999999999,1678698,2770,82
2024-06-05 11:00+03:00,60,"BUMSC2/Local Zone of caller:LABEL=0, STATICAREAX=0",Reliable,0,1045588,0,1688223,99.72399999999999,1683562,2654,95
2024-06-05 11:00+03:00,60,"AHMSC4/Local Zone of caller:LABEL=0, STATICAREAX=0",Reliable,0,1049095,0,1689736,99.71,1684831,2770,112
2024-06-05 12:00+03:00,60,"AHMSC3/Local Zone of caller:LABEL=0, STATICAREAX=0",Reliable,0,1043466,0,1671744,99.65899999999999,1666045,2928,880
2024-06-05 12:00+03:00,60,"BUMSC1/Local Zone of caller:LABEL=0, STATICAREAX=0",Reliable,0,1034656,0,1666707,99.715,1661961,2637,103
2024-06-05 12:00+03:00,60,"BUMSC2/Local Zone of caller:LABEL=0, STATICAREAX=0",Reliable,0,1039657,0,1671348,99.7,1666329,2827,155
2024-06-05 12:00+03:00,60,"AHMSC4/Local Zone of caller:LABEL=0, STATICAREAX=0",Reliable,0,1042575,0,1671571,99.711,1666733,2786,113
2024-06-05 13:00+03:00,60,"AHMSC3/Local Zone of caller:LABEL=0, STATICAREAX=0",Reliable,0,1074400,0,1708892,99.67,1703257,2814,932
2024-06-05 13:00+03:00,60,"BUMSC1/Local Zone of caller:LABEL=0, STATICAREAX=0",Reliable,0,1065916,0,1702323,99.72,1697551,2763,105
2024-06-05 13:00+03:00,60,"BUMSC2/Local Zone of caller:LABEL=0, STATICAREAX=0",Reliable,0,1072048,0,1709808,99.715,1704933,2798,95
2024-06-05 13:00+03:00,60,"AHMSC4/Local Zone of caller:LABEL=0, STATICAREAX=0",Reliable,0,1073153,0,1710478,99.71799999999999,1705659,2720,126
2024-06-05 14:00+03:00,60,"AHMSC3/Local Zone of caller:LABEL=0, STATICAREAX=0",Reliable,0,1060122,0,1671615,99.679,1666249,2751,800
2024-06-05 14:00+03:00,60,"BUMSC1/Local Zone of caller:LABEL=0, STATICAREAX=0",Reliable,0,1047254,0,1662488,99.715,1657753,2779,98
2024-06-05 14:00+03:00,60,"BUMSC2/Local Zone of caller:LABEL=0, STATICAREAX=0",Reliable,0,1052254,0,1666799,99.72,1662134,2677,97
2024-06-05 14:00+03:00,60,"AHMSC4/Local Zone of caller:LABEL=0, STATICAREAX=0",Reliable,0,1053007,0,1668442,99.715,1663689,2756,102
2024-06-05 15:00+03:00,60,"AHMSC3/Local Zone of caller:LABEL=0, STATICAREAX=0",Reliable,0,1046548,0,1631192,99.686,1626068,2731,670
2024-06-05 15:00+03:00,60,"BUMSC1/Local Zone of caller:LABEL=0, STATICAREAX=0",Reliable,0,1035193,0,1625936,99.723,1621433,2689,121
2024-06-05 15:00+03:00,60,"BUMSC2/Local Zone of caller:LABEL=0, STATICAREAX=0",Reliable,0,1042713,0,1630056,99.734,1625713,2518,94
2024-06-05 15:00+03:00,60,"AHMSC4/Local Zone of caller:LABEL=0, STATICAREAX=0",Reliable,0,1040990,0,1629012,99.72200000000001,1624484,2680,91
2024-06-05 16:00+03:00,60,"AHMSC3/Local Zone of caller:LABEL=0, STATICAREAX=0",Reliable,0,1090614,0,1698572,99.681,1693151,2709,917
2024-06-05 16:00+03:00,60,"BUMSC1/Local Zone of caller:LABEL=0, STATICAREAX=0",Reliable,0,1084603,0,1690942,99.72399999999999,1686278,2813,116
2024-06-05 16:00+03:00,60,"BUMSC2/Local Zone of caller:LABEL=0, STATICAREAX=0",Reliable,0,1095927,0,1703503,99.719,1698722,2842,114
2024-06-05 16:00+03:00,60,"AHMSC4/Local Zone of caller:LABEL=0, STATICAREAX=0",Reliable,0,1090094,0,1700108,99.72399999999999,1695419,2804,99
2024-06-05 17:00+03:00,60,"AHMSC3/Local Zone of caller:LABEL=0, STATICAREAX=0",Reliable,0,1189686,0,1835148,99.685,1829373,3108,834
2024-06-05 17:00+03:00,60,"BUMSC1/Local Zone of caller:LABEL=0, STATICAREAX=0",Reliable,0,1182174,0,1828267,99.719,1823136,3117,102
2024-06-05 17:00+03:00,60,"BUMSC2/Local Zone of caller:LABEL=0, STATICAREAX=0",Reliable,0,1187654,0,1836870,99.727,1831864,3010,104
2024-06-05 17:00+03:00,60,"AHMSC4/Local Zone of caller:LABEL=0, STATICAREAX=0",Reliable,0,1185153,0,1834050,99.72200000000001,1828949,3085,144
2024-06-05 18:00+03:00,60,"AHMSC3/Local Zone of caller:LABEL=0, STATICAREAX=0",Reliable,0,1330055,0,2006316,99.684,1999970,3626,775
2024-06-05 18:00+03:00,60,"BUMSC1/Local Zone of caller:LABEL=0, STATICAREAX=0",Reliable,0,1317248,0,1997661,99.71,1991871,3615,140
2024-06-05 18:00+03:00,60,"BUMSC2/Local Zone of caller:LABEL=0, STATICAREAX=0",Reliable,0,1326607,0,2009239,99.719,2003595,3440,155
2024-06-05 18:00+03:00,60,"AHMSC4/Local Zone of caller:LABEL=0, STATICAREAX=0",Reliable,0,1326938,0,2006094,99.72200000000001,2000525,3473,140
2024-06-05 19:00+03:00,60,"AHMSC3/Local Zone of caller:LABEL=0, STATICAREAX=0",Reliable,0,1693357,0,2454653,99.62799999999999,2445515,5479,877
2024-06-05 19:00+03:00,60,"BUMSC1/Local Zone of caller:LABEL=0, STATICAREAX=0",Reliable,0,1676860,0,2439694,99.677,2431819,5111,219
2024-06-05 19:00+03:00,60,"BUMSC2/Local Zone of caller:LABEL=0, STATICAREAX=0",Reliable,0,1693805,0,2459853,99.677,2451898,5253,205
2024-06-05 19:00+03:00,60,"AHMSC4/Local Zone of caller:LABEL=0, STATICAREAX=0",Reliable,0,1685456,0,2448599,99.67,2440519,5328,241
2024-06-05 20:00+03:00,60,"AHMSC3/Local Zone of caller:LABEL=0, STATICAREAX=0",Reliable,0,1665715,0,2363872,99.575,2353835,6227,667
2024-06-05 20:00+03:00,60,"BUMSC1/Local Zone of caller:LABEL=0, STATICAREAX=0",Reliable,0,1645870,0,2345558,99.626,2336792,5817,179
2024-06-05 20:00+03:00,60,"BUMSC2/Local Zone of caller:LABEL=0, STATICAREAX=0",Reliable,0,1666201,0,2369748,99.61200000000001,2360543,6212,180
2024-06-05 20:00+03:00,60,"AHMSC4/Local Zone of caller:LABEL=0, STATICAREAX=0",Reliable,0,1654899,0,2353797,99.617,2344781,5974,199
2024-06-05 21:00+03:00,60,"AHMSC3/Local Zone of caller:LABEL=0, STATICAREAX=0",Reliable,0,1397949,0,1984328,99.583,1976044,5077,559
2024-06-05 21:00+03:00,60,"BUMSC1/Local Zone of caller:LABEL=0, STATICAREAX=0",Reliable,0,1379715,0,1969468,99.62200000000001,1962021,4807,190
2024-06-05 21:00+03:00,60,"BUMSC2/Local Zone of caller:LABEL=0, STATICAREAX=0",Reliable,0,1400500,0,1989343,99.62,1981789,4989,186
2024-06-05 21:00+03:00,60,"AHMSC4/Local Zone of caller:LABEL=0, STATICAREAX=0",Reliable,0,1393193,0,1983482,99.61200000000001,1975788,4910,192
2024-06-05 22:00+03:00,60,"AHMSC3/Local Zone of caller:LABEL=0, STATICAREAX=0",Reliable,0,953898,0,1373706,99.569,1367783,3240,972
2024-06-05 22:00+03:00,60,"BUMSC1/Local Zone of caller:LABEL=0, STATICAREAX=0",Reliable,0,936523,0,1354899,99.626,1349834,3225,111
2024-06-05 22:00+03:00,60,"BUMSC2/Local Zone of caller:LABEL=0, STATICAREAX=0",Reliable,0,954302,0,1375868,99.645,1370988,3136,123
2024-06-05 22:00+03:00,60,"AHMSC4/Local Zone of caller:LABEL=0, STATICAREAX=0",Reliable,0,949436,0,1368585,99.62899999999999,1363504,3279,175
2024-06-05 23:00+03:00,60,"AHMSC3/Local Zone of caller:LABEL=0, STATICAREAX=0",Reliable,0,413630,0,617252,99.52600000000001,614324,1197,1034
2024-06-05 23:00+03:00,60,"BUMSC1/Local Zone of caller:LABEL=0, STATICAREAX=0",Reliable,0,408554,0,612501,99.695,610633,1108,61
2024-06-05 23:00+03:00,60,"BUMSC2/Local Zone of caller:LABEL=0, STATICAREAX=0",Reliable,0,415062,0,618737,99.67399999999999,616718,1241,50
2024-06-05 23:00+03:00,60,"AHMSC4/Local Zone of caller:LABEL=0, STATICAREAX=0",Reliable,0,417404,0,621735,99.686,619780,1173,57
2024-06-05 00:00+03:00,60,"BUMSC5/Local Zone of caller:LABEL=0, STATICAREAX=0",Reliable,0,0,0,0,,0,0,0
2024-06-05 00:00+03:00,60,"RWMSC6/Local Zone of caller:LABEL=0, STATICAREAX=0",Reliable,0,0,0,0,,0,0,0
2024-06-05 01:00+03:00,60,"BUMSC5/Local Zone of caller:LABEL=0, STATICAREAX=0",Reliable,0,0,0,0,,0,0,0
2024-06-05 01:00+03:00,60,"RWMSC6/Local Zone of caller:LABEL=0, STATICAREAX=0",Reliable,0,0,0,0,,0,0,0
2024-06-05 02:00+03:00,60,"BUMSC5/Local Zone of caller:LABEL=0, STATICAREAX=0",Reliable,0,0,0,0,,0,0,0
2024-06-05 02:00+03:00,60,"RWMSC6/Local Zone of caller:LABEL=0, STATICAREAX=0",Reliable,0,0,0,0,,0,0,0
2024-06-05 03:00+03:00,60,"BUMSC5/Local Zone of caller:LABEL=0, STATICAREAX=0",Reliable,0,0,0,0,,0,0,0
2024-06-05 03:00+03:00,60,"RWMSC6/Local Zone of caller:LABEL=0, STATICAREAX=0",Reliable,0,0,0,0,,0,0,0
2024-06-05 04:00+03:00,60,"BUMSC5/Local Zone of caller:LABEL=0, STATICAREAX=0",Reliable,0,0,0,0,,0,0,0
2024-06-05 04:00+03:00,60,"RWMSC6/Local Zone of caller:LABEL=0, STATICAREAX=0",Reliable,0,0,0,0,,0,0,0
2024-06-05 05:00+03:00,60,"BUMSC5/Local Zone of caller:LABEL=0, STATICAREAX=0",Reliable,0,0,0,0,,0,0,0
2024-06-05 05:00+03:00,60,"RWMSC6/Local Zone of caller:LABEL=0, STATICAREAX=0",Reliable,0,0,0,0,,0,0,0
2024-06-05 06:00+03:00,60,"BUMSC5/Local Zone of caller:LABEL=0, STATICAREAX=0",Reliable,0,0,0,0,,0,0,0
2024-06-05 06:00+03:00,60,"RWMSC6/Local Zone of caller:LABEL=0, STATICAREAX=0",Reliable,0,0,0,0,,0,0,0
2024-06-05 07:00+03:00,60,"BUMSC5/Local Zone of caller:LABEL=0, STATICAREAX=0",Reliable,0,0,0,0,,0,0,0
2024-06-05 07:00+03:00,60,"RWMSC6/Local Zone of caller:LABEL=0, STATICAREAX=0",Reliable,0,0,0,0,,0,0,0
2024-06-05 08:00+03:00,60,"BUMSC5/Local Zone of caller:LABEL=0, STATICAREAX=0",Reliable,0,0,0,0,,0,0,0
2024-06-05 08:00+03:00,60,"RWMSC6/Local Zone of caller:LABEL=0, STATICAREAX=0",Reliable,0,0,0,0,,0,0,0
2024-06-05 09:00+03:00,60,"BUMSC5/Local Zone of caller:LABEL=0, STATICAREAX=0",Reliable,0,0,0,0,,0,0,0
2024-06-05 09:00+03:00,60,"RWMSC6/Local Zone of caller:LABEL=0, STATICAREAX=0",Reliable,0,0,0,0,,0,0,0
2024-06-05 10:00+03:00,60,"BUMSC5/Local Zone of caller:LABEL=0, STATICAREAX=0",Reliable,0,0,0,0,,0,0,0
2024-06-05 10:00+03:00,60,"RWMSC6/Local Zone of caller:LABEL=0, STATICAREAX=0",Reliable,0,0,0,0,,0,0,0
2024-06-05 11:00+03:00,60,"BUMSC5/Local Zone of caller:LABEL=0, STATICAREAX=0",Reliable,0,0,0,0,,0,0,0
2024-06-05 11:00+03:00,60,"RWMSC6/Local Zone of caller:LABEL=0, STATICAREAX=0",Reliable,0,0,0,6,100.0,6,0,0
2024-06-05 12:00+03:00,60,"BUMSC5/Local Zone of caller:LABEL=0, STATICAREAX=0",Reliable,0,0,0,0,,0,0,0
2024-06-05 12:00+03:00,60,"RWMSC6/Local Zone of caller:LABEL=0, STATICAREAX=0",Reliable,0,0,0,10,100.0,10,0,0
2024-06-05 13:00+03:00,60,"BUMSC5/Local Zone of caller:LABEL=0, STATICAREAX=0",Reliable,0,0,0,0,,0,0,0
2024-06-05 13:00+03:00,60,"RWMSC6/Local Zone of caller:LABEL=0, STATICAREAX=0",Reliable,0,0,0,7,100.0,7,0,0
2024-06-05 14:00+03:00,60,"BUMSC5/Local Zone of caller:LABEL=0, STATICAREAX=0",Reliable,0,0,0,0,,0,0,0
2024-06-05 14:00+03:00,60,"RWMSC6/Local Zone of caller:LABEL=0, STATICAREAX=0",Reliable,0,0,0,6,100.0,6,0,0
2024-06-05 15:00+03:00,60,"BUMSC5/Local Zone of caller:LABEL=0, STATICAREAX=0",Reliable,0,0,0,0,,0,0,0
2024-06-05 15:00+03:00,60,"RWMSC6/Local Zone of caller:LABEL=0, STATICAREAX=0",Reliable,0,0,0,5,100.0,5,0,0
2024-06-05 16:00+03:00,60,"BUMSC5/Local Zone of caller:LABEL=0, STATICAREAX=0",Reliable,0,0,0,0,,0,0,0
2024-06-05 16:00+03:00,60,"RWMSC6/Local Zone of caller:LABEL=0, STATICAREAX=0",Reliable,0,0,0,9,100.0,9,0,0
2024-06-05 17:00+03:00,60,"BUMSC5/Local Zone of caller:LABEL=0, STATICAREAX=0",Reliable,0,0,0,0,,0,0,0
2024-06-05 17:00+03:00,60,"RWMSC6/Local Zone of caller:LABEL=0, STATICAREAX=0",Reliable,0,0,0,3,100.0,3,0,0
2024-06-05 18:00+03:00,60,"BUMSC5/Local Zone of caller:LABEL=0, STATICAREAX=0",Reliable,0,0,0,0,,0,0,0
2024-06-05 18:00+03:00,60,"RWMSC6/Local Zone of caller:LABEL=0, STATICAREAX=0",Reliable,0,0,0,12,100.0,12,0,0
2024-06-05 19:00+03:00,60,"BUMSC5/Local Zone of caller:LABEL=0, STATICAREAX=0",Reliable,0,0,0,0,,0,0,0
2024-06-05 19:00+03:00,60,"RWMSC6/Local Zone of caller:LABEL=0, STATICAREAX=0",Reliable,0,0,0,21,100.0,21,0,0
2024-06-05 20:00+03:00,60,"BUMSC5/Local Zone of caller:LABEL=0, STATICAREAX=0",Reliable,0,0,0,0,,0,0,0
2024-06-05 20:00+03:00,60,"RWMSC6/Local Zone of caller:LABEL=0, STATICAREAX=0",Reliable,0,0,0,22,100.0,22,0,0
2024-06-05 21:00+03:00,60,"BUMSC5/Local Zone of caller:LABEL=0, STATICAREAX=0",Reliable,0,0,0,0,,0,0,0
2024-06-05 21:00+03:00,60,"RWMSC6/Local Zone of caller:LABEL=0, STATICAREAX=0",Reliable,0,0,0,1,100.0,1,0,0
2024-06-05 22:00+03:00,60,"BUMSC5/Local Zone of caller:LABEL=0, STATICAREAX=0",Reliable,0,0,0,0,,0,0,0
2024-06-05 22:00+03:00,60,"RWMSC6/Local Zone of caller:LABEL=0, STATICAREAX=0",Reliable,0,0,0,0,,0,0,0
2024-06-05 23:00+03:00,60,"BUMSC5/Local Zone of caller:LABEL=0, STATICAREAX=0",Reliable,0,0,0,0,,0,0,0
2024-06-05 23:00+03:00,60,"RWMSC6/Local Zone of caller:LABEL=0, STATICAREAX=0",Reliable,0,0,0,1,100.0,1,0,0
