Result Time,Granularity Period,Object Name,Reliability,Answer Rate,Answer Times,Call Attempts,Incoming Answer Times,Incoming Call Attempts,Originated Answer Times,Originated Call Attempts
2024-06-05 00:00+03:00,60,AHMSC3/MSCServerFunction:AHMSC3,Reliable,30.301,119749,395201,59070,188225,60679,206976
2024-06-05 00:00+03:00,60,BUMSC1/MSCServerFunction:BUMSC1,Reliable,26.451,112202,424191,51970,216626,60232,207565
2024-06-05 00:00+03:00,60,BUMSC2/MSCServerFunction:BUMSC2,Reliable,32.668,115156,352499,54406,142348,60750,210151
2024-06-05 00:00+03:00,60,AHMSC4/MSCServerFunction:AHMSC4,Reliable,32.954,107972,327641,46987,118111,60985,209530
2024-06-05 01:00+03:00,60,AHMSC3/MSCServerFunction:AHMSC3,Reliable,28.543000000000003,49373,172977,24459,82698,24914,90279
2024-06-05 01:00+03:00,60,BUMSC1/MSCServerFunction:BUMSC1,Reliable,25.324,46179,182355,21705,92748,24474,89607
2024-06-05 01:00+03:00,60,BUMSC2/MSCServerFunction:BUMSC2,Reliable,31.276999999999997,46966,150162,22177,59540,24789,90622
2024-06-05 01:00+03:00,60,AHMSC4/MSCServerFunction:AHMSC4,Reliable,31.848000000000003,44384,139364,19319,49534,25065,89830
2024-06-05 02:00+03:00,60,AHMSC3/MSCServerFunction:AHMSC3,Reliable,26.851,27538,102558,13786,48480,13752,54078
2024-06-05 02:00+03:00,60,BUMSC1/MSCServerFunction:BUMSC1,Reliable,23.180999999999997,25429,109697,11926,56009,13503,53688
2024-06-05 02:00+03:00,60,BUMSC2/MSCServerFunction:BUMSC2,Reliable,28.46,26600,93465,12461,37888,14139,55577
2024-06-05 02:00+03:00,60,AHMSC4/MSCServerFunction:AHMSC4,Reliable,29.892,24751,82801,10922,29240,13829,53561
2024-06-05 03:00+03:00,60,AHMSC3/MSCServerFunction:AHMSC3,Reliable,25.998,23858,91767,11837,43151,12021,48616
2024-06-05 03:00+03:00,60,BUMSC1/MSCServerFunction:BUMSC1,Reliable,22.058000000000003,22484,101930,10436,52853,12048,49077
2024-06-05 03:00+03:00,60,BUMSC2/MSCServerFunction:BUMSC2,Reliable,28.011,22934,81876,10798,32407,12136,49469
2024-06-05 03:00+03:00,60,AHMSC4/MSCServerFunction:AHMSC4,Reliable,28.98,21564,74409,9454,25465,12110,48944
2024-06-05 04:00+03:00,60,AHMSC3/MSCServerFunction:AHMSC3,Reliable,30.015,31156,103800,15369,49766,15787,54034
2024-06-05 04:00+03:00,60,BUMSC1/MSCServerFunction:BUMSC1,Reliable,27.396,29343,107105,13510,53362,15833,53743
2024-06-05 04:00+03:00,60,BUMSC2/MSCServerFunction:BUMSC2,Reliable,33.398,29686,88885,14158,36496,15528,52389
2024-06-05 04:00+03:00,60,AHMSC4/MSCServerFunction:AHMSC4,Reliable,33.736,28209,83616,12183,29892,16026,53724
2024-06-05 05:00+03:00,60,AHMSC3/MSCServerFunction:AHMSC3,Reliable,34.2,82282,240588,40563,114162,41719,126426
2024-06-05 05:00+03:00,60,BUMSC1/MSCServerFunction:BUMSC1,Reliable,29.768,77173,259252,35870,134394,41303,124858
2024-06-05 05:00+03:00,60,BUMSC2/MSCServerFunction:BUMSC2,Reliable,37.247,79101,212368,36559,84042,42542,128326
2024-06-05 05:00+03:00,60,AHMSC4/MSCServerFunction:AHMSC4,Reliable,37.482,74511,198793,32784,71966,41727,126827
2024-06-05 06:00+03:00,60,AHMSC3/MSCServerFunction:AHMSC3,Reliable,34.961999999999996,338364,967801,165319,457621,173045,510180
2024-06-05 06:00+03:00,60,BUMSC1/MSCServerFunction:BUMSC1,Reliable,30.026,319803,1065086,147465,550386,172338,514700
2024-06-05 06:00+03:00,60,BUMSC2/MSCServerFunction:BUMSC2,Reliable,38.059,323272,849401,150961,336302,172311,513099
2024-06-05 06:00+03:00,60,AHMSC4/MSCServerFunction:AHMSC4,Reliable,38.454,306905,798118,133345,284603,173560,513515
2024-06-05 07:00+03:00,60,AHMSC3/MSCServerFunction:AHMSC3,Reliable,37.917,820270,2163342,401589,1023145,418681,1140197
2024-06-05 07:00+03:00,60,BUMSC1/MSCServerFunction:BUMSC1,Reliable,33.079,774838,2342351,357701,1199555,417137,1142796
2024-06-05 07:00+03:00,60,BUMSC2/MSCServerFunction:BUMSC2,Reliable,40.945,785119,1917502,365262,771820,419857,1145682
2024-06-05 07:00+03:00,60,AHMSC4/MSCServerFunction:AHMSC4,Reliable,41.428000000000004,745373,1799193,325274,658602,420099,1140591
2024-06-05 08:00+03:00,60,AHMSC3/MSCServerFunction:AHMSC3,Reliable,40.167,1103128,2746351,541104,1304815,562024,1441536
2024-06-05 08:00+03:00,60,BUMSC1/MSCServerFunction:BUMSC1,Reliable,35.746,1043537,2919341,485416,1476365,558121,1442976
2024-06-05 08:00+03:00,60,BUMSC2/MSCServerFunction:BUMSC2,Reliable,43.005,1050393,2442503,492724,1009559,557669,1432944
2024-06-05 08:00+03:00,60,AHMSC4/MSCServerFunction:AHMSC4,Reliable,43.551,998608,2292962,437773,855702,560835,1437260
2024-06-05 09:00+03:00,60,AHMSC3/MSCServerFunction:AHMSC3,Reliable,41.407,1250094,3019017,614949,1439274,635145,1579743
2024-06-05 09:00+03:00,60,BUMSC1/MSCServerFunction:BUMSC1,Reliable,36.99,1177993,3184668,549494,1602904,628499,1581764
2024-06-05 09:00+03:00,60,BUMSC2/MSCServerFunction:BUMSC2,Reliable,44.12,1192015,2701743,564027,1130007,627988,1571736
2024-06-05 09:00+03:00,60,AHMSC4/MSCServerFunction:AHMSC4,Reliable,44.645,1128429,2527536,494791,950498,633638,1577038
2024-06-05 10:00+03:00,60,AHMSC3/MSCServerFunction:AHMSC3,Reliable,41.519,1337924,3222414,660491,1535968,677433,1686446
2024-06-05 10:00+03:00,60,BUMSC1/MSCServerFunction:BUMSC1,Reliable,37.415,1258461,3363495,586797,1682519,671664,1680976
2024-06-05 10:00+03:00,60,BUMSC2/MSCServerFunction:BUMSC2,Reliable,44.34,1277040,2880130,603420,1198987,673620,1681143
2024-06-05 10:00+03:00,60,AHMSC4/MSCServerFunction:AHMSC4,Reliable,44.821000000000005,1209696,2698976,530778,1012957,678918,1686019
2024-06-05 11:00+03:00,60,AHMSC3/MSCServerFunction:AHMSC3,Reliable,41.355,1331372,3219349,657151,1530356,674221,1688993
2024-06-05 11:00+03:00,60,BUMSC1/MSCServerFunction:BUMSC1,Reliable,37.376999999999995,1251879,3349307,583678,1666440,668201,1682867
2024-06-05 11:00+03:00,60,BUMSC2/MSCServerFunction:BUMSC2,Reliable,44.135,1271708,2881375,602099,1193680,669609,1687695
2024-06-05 11:00+03:00,60,AHMSC4/MSCServerFunction:AHMSC4,Reliable,44.653999999999996,1202454,2692799,526913,1003610,675541,1689189
2024-06-05 12:00+03:00,60,AHMSC3/MSCServerFunction:AHMSC3,Reliable,41.203,1312835,3186249,649109,1515056,663726,1671193
2024-06-05 12:00+03:00,60,BUMSC1/MSCServerFunction:BUMSC1,Reliable,37.24,1231426,3306700,574629,1640506,656797,1666194
2024-06-05 12:00+03:00,60,BUMSC2/MSCServerFunction:BUMSC2,Reliable,44.023,1251341,2842461,591346,1171648,659995,1670813
2024-06-05 12:00+03:00,60,AHMSC4/MSCServerFunction:AHMSC4,Reliable,44.468,1183163,2660736,518696,989687,664467,1671049
2024-06-05 13:00+03:00,60,AHMSC3/MSCServerFunction:AHMSC3,Reliable,40.741,1324275,3250474,654410,1542163,669865,1708311
2024-06-05 13:00+03:00,60,BUMSC1/MSCServerFunction:BUMSC1,Reliable,36.943000000000005,1245388,3371114,580529,1669362,664859,1701752
2024-06-05 13:00+03:00,60,BUMSC2/MSCServerFunction:BUMSC2,Reliable,43.638000000000005,1267129,2903729,598473,1194471,668656,1709258
2024-06-05 13:00+03:00,60,AHMSC4/MSCServerFunction:AHMSC4,Reliable,44.025,1195876,2716348,524658,1006441,671218,1709907
2024-06-05 14:00+03:00,60,AHMSC3/MSCServerFunction:AHMSC3,Reliable,40.543,1286644,3173523,634830,1502539,651814,1670984
2024-06-05 14:00+03:00,60,BUMSC1/MSCServerFunction:BUMSC1,Reliable,36.86,1207940,3277123,564123,1615234,643817,1661889
2024-06-05 14:00+03:00,60,BUMSC2/MSCServerFunction:BUMSC2,Reliable,43.472,1230434,2830432,582518,1164209,647916,1666223
2024-06-05 14:00+03:00,60,AHMSC4/MSCServerFunction:AHMSC4,Reliable,43.926,1160164,2641163,509666,973325,650498,1667838
2024-06-05 15:00+03:00,60,AHMSC3/MSCServerFunction:AHMSC3,Reliable,40.061,1240113,3095540,612723,1464960,627390,1630580
2024-06-05 15:00+03:00,60,BUMSC1/MSCServerFunction:BUMSC1,Reliable,36.465,1163281,3190149,542484,1564799,620797,1625350
2024-06-05 15:00+03:00,60,BUMSC2/MSCServerFunction:BUMSC2,Reliable,42.986999999999995,1186234,2759546,561727,1130097,624507,1629449
2024-06-05 15:00+03:00,60,AHMSC4/MSCServerFunction:AHMSC4,Reliable,43.458999999999996,1117110,2570476,489820,942056,627290,1628420
2024-06-05 16:00+03:00,60,AHMSC3/MSCServerFunction:AHMSC3,Reliable,39.576,1270901,3211320,626290,1513364,644611,1697956
2024-06-05 16:00+03:00,60,BUMSC1/MSCServerFunction:BUMSC1,Reliable,36.054,1192539,3307692,556746,1617345,635793,1690347
2024-06-05 16:00+03:00,60,BUMSC2/MSCServerFunction:BUMSC2,Reliable,42.401,1215647,2867029,572635,1164159,643012,1702870
2024-06-05 16:00+03:00,60,AHMSC4/MSCServerFunction:AHMSC4,Reliable,42.75899999999999,1147376,2683381,503729,983909,643647,1699472
2024-06-05 17:00+03:00,60,AHMSC3/MSCServerFunction:AHMSC3,Reliable,38.844,1348967,3472819,663548,1638313,685419,1834506
2024-06-05 17:00+03:00,60,BUMSC1/MSCServerFunction:BUMSC1,Reliable,35.516,1270327,3576777,590735,1749162,679592,1827615
2024-06-05 17:00+03:00,60,BUMSC2/MSCServerFunction:BUMSC2,Reliable,41.828,1290442,3085129,608449,1248984,681993,1836145
2024-06-05 17:00+03:00,60,AHMSC4/MSCServerFunction:AHMSC4,Reliable,42.285,1220862,2887196,533428,1053812,687434,1833384
2024-06-05 18:00+03:00,60,AHMSC3/MSCServerFunction:AHMSC3,Reliable,38.042,1437044,3777490,704709,1771928,732335,2005562
2024-06-05 18:00+03:00,60,BUMSC1/MSCServerFunction:BUMSC1,Reliable,34.5,1350600,3914763,626916,1917841,723684,1996922
2024-06-05 18:00+03:00,60,BUMSC2/MSCServerFunction:BUMSC2,Reliable,40.977,1375955,3357857,644675,1349306,731280,2008551
2024-06-05 18:00+03:00,60,AHMSC4/MSCServerFunction:AHMSC4,Reliable,41.273,1299639,3148874,567033,1143556,732606,2005318
2024-06-05 19:00+03:00,60,AHMSC3/MSCServerFunction:AHMSC3,Reliable,37.215,1707721,4588827,833616,2135317,874105,2453510
2024-06-05 19:00+03:00,60,BUMSC1/MSCServerFunction:BUMSC1,Reliable,33.543,1612953,4808607,748352,2370064,864601,2438543
2024-06-05 19:00+03:00,60,BUMSC2/MSCServerFunction:BUMSC2,Reliable,40.193000000000005,1637414,4073844,763108,1615122,874306,2458722
2024-06-05 19:00+03:00,60,AHMSC4/MSCServerFunction:AHMSC4,Reliable,40.516999999999996,1552409,3831499,676963,1384118,875446,2447381
2024-06-05 20:00+03:00,60,AHMSC3/MSCServerFunction:AHMSC3,Reliable,36.439,1600067,4391082,778540,2028448,821527,2362634
2024-06-05 20:00+03:00,60,BUMSC1/MSCServerFunction:BUMSC1,Reliable,33.066,1513607,4577534,704791,2233110,808816,2344424
2024-06-05 20:00+03:00,60,BUMSC2/MSCServerFunction:BUMSC2,Reliable,39.376,1533897,3895550,712521,1526913,821376,2368637
2024-06-05 20:00+03:00,60,AHMSC4/MSCServerFunction:AHMSC4,Reliable,39.643,1449929,3657462,633394,1304803,816535,2352659
2024-06-05 21:00+03:00,60,AHMSC3/MSCServerFunction:AHMSC3,Reliable,35.427,1299941,3669345,632482,1686002,667459,1983343
2024-06-05 21:00+03:00,60,BUMSC1/MSCServerFunction:BUMSC1,Reliable,32.446999999999996,1229395,3788938,569176,1820489,660219,1968449
2024-06-05 21:00+03:00,60,BUMSC2/MSCServerFunction:BUMSC2,Reliable,38.328,1248930,3258518,580648,1270170,668282,1988348
2024-06-05 21:00+03:00,60,AHMSC4/MSCServerFunction:AHMSC4,Reliable,38.659,1184786,3064724,516205,1082211,668581,1982513
2024-06-05 22:00+03:00,60,AHMSC3/MSCServerFunction:AHMSC3,Reliable,33.865,853233,2519521,411431,1146470,441802,1373051
2024-06-05 22:00+03:00,60,BUMSC1/MSCServerFunction:BUMSC1,Reliable,31.252,803835,2572140,372341,1217857,431494,1354283
2024-06-05 22:00+03:00,60,BUMSC2/MSCServerFunction:BUMSC2,Reliable,36.536,821335,2248040,381129,872804,440206,1375236
2024-06-05 22:00+03:00,60,AHMSC4/MSCServerFunction:AHMSC4,Reliable,36.942,778316,2106845,338843,738896,439473,1367949
2024-06-05 23:00+03:00,60,AHMSC3/MSCServerFunction:AHMSC3,Reliable,32.14,366557,1140506,178196,523532,188361,616974
2024-06-05 23:00+03:00,60,BUMSC1/MSCServerFunction:BUMSC1,Reliable,29.646,344885,1163359,159448,551162,185437,612197
2024-06-05 23:00+03:00,60,BUMSC2/MSCServerFunction:BUMSC2,Reliable,34.555,353758,1023744,165401,405256,188357,618488
2024-06-05 23:00+03:00,60,AHMSC4/MSCServerFunction:AHMSC4,Reliable,35.042,334263,953898,145136,332454,189127,621444
2024-06-05 00:00+03:00,60,BUMSC5/MSCServerFunction:BUMSC5,Reliable,0.0,0,0,0,0,0,0
2024-06-05 00:00+03:00,60,RWMSC6/MSCServerFunction:RWMSC6,Reliable,0.0,0,0,0,0,0,0
2024-06-05 01:00+03:00,60,BUMSC5/MSCServerFunction:BUMSC5,Reliable,0.0,0,0,0,0,0,0
2024-06-05 01:00+03:00,60,RWMSC6/MSCServerFunction:RWMSC6,Reliable,0.0,0,0,0,0,0,0
2024-06-05 02:00+03:00,60,BUMSC5/MSCServerFunction:BUMSC5,Reliable,0.0,0,0,0,0,0,0
2024-06-05 02:00+03:00,60,RWMSC6/MSCServerFunction:RWMSC6,Reliable,0.0,0,0,0,0,0,0
2024-06-05 03:00+03:00,60,BUMSC5/MSCServerFunction:BUMSC5,Reliable,0.0,0,0,0,0,0,0
2024-06-05 03:00+03:00,60,RWMSC6/MSCServerFunction:RWMSC6,Reliable,0.0,0,0,0,0,0,0
2024-06-05 04:00+03:00,60,BUMSC5/MSCServerFunction:BUMSC5,Reliable,0.0,0,0,0,0,0,0
2024-06-05 04:00+03:00,60,RWMSC6/MSCServerFunction:RWMSC6,Reliable,0.0,0,0,0,0,0,0
2024-06-05 05:00+03:00,60,BUMSC5/MSCServerFunction:BUMSC5,Reliable,0.0,0,0,0,0,0,0
2024-06-05 05:00+03:00,60,RWMSC6/MSCServerFunction:RWMSC6,Reliable,0.0,0,0,0,0,0,0
2024-06-05 06:00+03:00,60,BUMSC5/MSCServerFunction:BUMSC5,Reliable,0.0,0,0,0,0,0,0
2024-06-05 06:00+03:00,60,RWMSC6/MSCServerFunction:RWMSC6,Reliable,0.0,0,0,0,0,0,0
2024-06-05 07:00+03:00,60,BUMSC5/MSCServerFunction:BUMSC5,Reliable,0.0,0,0,0,0,0,0
2024-06-05 07:00+03:00,60,RWMSC6/MSCServerFunction:RWMSC6,Reliable,0.0,0,0,0,0,0,0
2024-06-05 08:00+03:00,60,BUMSC5/MSCServerFunction:BUMSC5,Reliable,0.0,0,0,0,0,0,0
2024-06-05 08:00+03:00,60,RWMSC6/MSCServerFunction:RWMSC6,Reliable,0.0,0,0,0,0,0,0
2024-06-05 09:00+03:00,60,BUMSC5/MSCServerFunction:BUMSC5,Reliable,0.0,0,0,0,0,0,0
2024-06-05 09:00+03:00,60,RWMSC6/MSCServerFunction:RWMSC6,Reliable,0.0,0,0,0,0,0,0
2024-06-05 10:00+03:00,60,BUMSC5/MSCServerFunction:BUMSC5,Reliable,0.0,0,0,0,0,0,0
2024-06-05 10:00+03:00,60,RWMSC6/MSCServerFunction:RWMSC6,Reliable,0.0,0,0,0,0,0,0
2024-06-05 11:00+03:00,60,BUMSC5/MSCServerFunction:BUMSC5,Reliable,0.0,0,0,0,0,0,0
2024-06-05 11:00+03:00,60,RWMSC6/MSCServerFunction:RWMSC6,Reliable,100.0,1,1,0,0,1,1
2024-06-05 12:00+03:00,60,BUMSC5/MSCServerFunction:BUMSC5,Reliable,0.0,0,0,0,0,0,0
2024-06-05 12:00+03:00,60,RWMSC6/MSCServerFunction:RWMSC6,Reliable,0.0,3,0,0,0,3,0
2024-06-05 13:00+03:00,60,BUMSC5/MSCServerFunction:BUMSC5,Reliable,0.0,0,0,0,0,0,0
2024-06-05 13:00+03:00,60,RWMSC6/MSCServerFunction:RWMSC6,Reliable,0.0,3,0,0,0,3,0
2024-06-05 14:00+03:00,60,BUMSC5/MSCServerFunction:BUMSC5,Reliable,0.0,0,0,0,0,0,0
2024-06-05 14:00+03:00,60,RWMSC6/MSCServerFunction:RWMSC6,Reliable,0.0,2,0,0,0,2,0
2024-06-05 15:00+03:00,60,BUMSC5/MSCServerFunction:BUMSC5,Reliable,0.0,0,0,0,0,0,0
2024-06-05 15:00+03:00,60,RWMSC6/MSCServerFunction:RWMSC6,Reliable,0.0,3,0,0,0,3,0
2024-06-05 16:00+03:00,60,BUMSC5/MSCServerFunction:BUMSC5,Reliable,0.0,0,0,0,0,0,0
2024-06-05 16:00+03:00,60,RWMSC6/MSCServerFunction:RWMSC6,Reliable,60.0,3,5,0,2,3,3
2024-06-05 17:00+03:00,60,BUMSC5/MSCServerFunction:BUMSC5,Reliable,0.0,0,0,0,0,0,0
2024-06-05 17:00+03:00,60,RWMSC6/MSCServerFunction:RWMSC6,Reliable,0.0,1,0,0,0,1,0
2024-06-05 18:00+03:00,60,BUMSC5/MSCServerFunction:BUMSC5,Reliable,0.0,0,0,0,0,0,0
2024-06-05 18:00+03:00,60,RWMSC6/MSCServerFunction:RWMSC6,Reliable,62.5,5,8,2,2,3,6
2024-06-05 19:00+03:00,60,BUMSC5/MSCServerFunction:BUMSC5,Reliable,0.0,0,0,0,0,0,0
2024-06-05 19:00+03:00,60,RWMSC6/MSCServerFunction:RWMSC6,Reliable,0.0,1,0,0,0,1,0
2024-06-05 20:00+03:00,60,BUMSC5/MSCServerFunction:BUMSC5,Reliable,0.0,0,0,0,0,0,0
2024-06-05 20:00+03:00,60,RWMSC6/MSCServerFunction:RWMSC6,Reliable,0.0,0,0,0,0,0,0
2024-06-05 21:00+03:00,60,BUMSC5/MSCServerFunction:BUMSC5,Reliable,0.0,0,0,0,0,0,0
2024-06-05 21:00+03:00,60,RWMSC6/MSCServerFunction:RWMSC6,Reliable,0.0,0,0,0,0,0,0
2024-06-05 22:00+03:00,60,BUMSC5/MSCServerFunction:BUMSC5,Reliable,0.0,0,0,0,0,0,0
2024-06-05 22:00+03:00,60,RWMSC6/MSCServerFunction:RWMSC6,Reliable,0.0,0,0,0,0,0,0
2024-06-05 23:00+03:00,60,BUMSC5/MSCServerFunction:BUMSC5,Reliable,0.0,0,0,0,0,0,0
2024-06-05 23:00+03:00,60,RWMSC6/MSCServerFunction:RWMSC6,Reliable,0.0,1,0,0,0,1,0
